{"type":"FeatureCollection","features":[{"type":"Feature","id":"887","properties":{"name":"Yemen","code":"YE","label":[47.56769007948867,15.917162506139022]},"geometry":{"type":"MultiPolygon","coordinates":[[[[53.084330843308436,16.648900176345535],[52.580325803258035,16.470091820605717],[52.447124471244734,16.391971665185423],[52.328323283232834,16.2930194683197],[52.238322383223846,16.171499226554786],[52.17352173521735,15.956234798285493],[52.220322203222054,15.760066408007845],[52.21672216722169,15.655906200780777],[52.087120871208725,15.586466062629384],[51.96471964719649,15.536121962469636],[51.83151831518316,15.459737810503114],[51.74871748717487,15.440641772511484],[51.68031680316804,15.379881651629034],[51.60471604716048,15.336481565284416],[51.323913239132395,15.22711334769599],[51.014310143101426,15.140313175006767],[50.528305283052845,15.037888971233471],[50.33750337503375,14.92678475019126],[50.168301683016836,14.850400598224752],[49.90549905499057,14.82783255332555],[49.549095490954926,14.721936342644696],[49.35109351093513,14.63860817686303],[49.102691026910264,14.499727900560273],[49.04869048690489,14.456327814215655],[49.00549005490055,14.355639613896159],[48.92988929889299,14.267103437753136],[48.77868778687787,14.123015151089021],[48.66708667086672,14.05010300603007],[48.59508595085953,14.046630999122499],[48.44748447484474,14.006702919685466],[48.27828278282783,13.998022902416537],[47.990279902799045,14.048367002576285],[47.914679146791485,14.013646933500596],[47.85347853478535,13.956358819525704],[47.6338763387634,13.85914262611378],[47.40707407074072,13.661238232382345],[47.24147241472414,13.609158128768797],[46.975069750697514,13.546662004432562],[46.78786787867878,13.465069842104683],[46.66186661866618,13.43208577648278],[46.50346503465036,13.414725741944935],[46.204662046620484,13.42340575921385],[45.920259202592035,13.393893700499518],[45.65745657456574,13.338341589978413],[45.535055350553506,13.234181382751345],[45.39465394653948,13.067525051188028],[45.16425164251643,12.99808491303665],[45.11025110251103,12.939060795607972],[45.03825038250383,12.815804550389274],[44.890648906489076,12.784556488221142],[44.753847538475384,12.763724446775726],[44.61704617046172,12.81754055384306],[44.35784357843579,12.669980260271373],[44.260642606426075,12.643940208464599],[44.11304113041132,12.638732198103241],[44.00504005040051,12.607484135935124],[43.92943929439295,12.616164153204053],[43.8358383583836,12.675188270632717],[43.63423634236344,12.74462840878411],[43.48663486634868,12.699492318985705],[43.47583475834759,12.838372595288462],[43.231032310323116,13.267165448373248],[43.281432814328156,13.640406190936929],[43.281432814328156,13.692486294550463],[43.23463234632348,13.85914262611378],[43.09063090630906,14.010174926593024],[43.09423094230942,14.202871309963115],[43.04383043830438,14.341751586265872],[43.0078300783008,14.482367866022429],[43.01863018630186,14.52055994200569],[43.02223022230223,14.55528001108138],[42.94662946629467,14.772280442804444],[42.92142921429215,14.817416532602834],[42.91422914229142,14.862552622401239],[42.9358293582936,14.897272691476928],[42.9358293582936,14.938936774367761],[42.89622896228963,15.004904905611568],[42.85662856628568,15.133369161191624],[42.65862658626588,15.232321358057348],[42.69822698226983,15.326065544561715],[42.73782737827378,15.293081478939797],[42.78822788227882,15.265305423679251],[42.79902799027991,15.326065544561715],[42.79902799027991,15.371201634360105],[42.71622716227162,15.65417019732699],[42.83862838628386,16.032618950252015],[42.79902799027991,16.371139623740007],[42.98622986229864,16.508283896588978],[43.03303033030332,16.54994797947981],[43.0618306183062,16.586404052009286],[43.105031050310515,16.664524207429594],[43.16623166231662,16.688828255782568],[43.1878318783188,16.770420418110447],[43.18423184231844,16.81208450100128],[43.14463144631446,16.84680457007697],[43.11583115831158,16.942284760035122],[43.12663126631267,17.06206899834625],[43.13743137431376,17.112413098505996],[43.155431554315555,17.204421281556577],[43.22023220232202,17.239141350632266],[43.238232382323844,17.266917405892826],[43.1878318783188,17.324205519867718],[43.19143191431914,17.358925588943407],[43.30303303033031,17.456141782355346],[43.346233462334624,17.485653841069677],[43.41823418234182,17.516901903237795],[43.47583475834759,17.51516589978401],[43.540635406354085,17.49954186869995],[43.598235982359824,17.471765813439404],[43.65223652236523,17.421421713279642],[43.71343713437136,17.365869602758536],[43.80343803438035,17.34330155785935],[43.86463864638648,17.350245571674478],[43.918639186391886,17.324205519867718],[43.958239582395834,17.33809354749799],[44.008640086400874,17.367605606212322],[44.084240842408434,17.365869602758536],[44.15624156241563,17.398853668380454],[44.35424354243543,17.414477699464513],[44.54504545045452,17.404061678741797],[44.746647466474684,17.431837734002357],[44.948249482494845,17.43010173054857],[45.14625146251464,17.426629723641],[45.19305193051932,17.423157716733428],[45.23625236252363,17.405797682195583],[45.40545405454054,17.31899750950636],[45.535055350553506,17.301637474968516],[45.794257942579435,17.279069430069313],[46.071460714607156,17.253029378262553],[46.3090630906309,17.23046133336335],[46.514265142651425,17.251293374808768],[46.683466834668366,17.268653409346612],[46.72666726667268,17.26518140243904],[46.77706777067772,17.21136529537172],[46.88146881468816,17.079429032884093],[46.975069750697514,16.952700780757823],[47.14427144271443,16.947492770396465],[47.252272522725235,16.994364863648656],[47.37107371073711,17.060332994892462],[47.4430744307443,17.112413098505996],[47.52587525875259,17.31552550259879],[47.579875798757996,17.449197768540202],[47.70227702277023,17.59675806211189],[47.80667806678068,17.721750310784373],[47.947079470794705,17.886670638893904],[48.022680226802265,17.9769428184907],[48.173881738817386,18.15748717768429],[48.31428314283144,18.226927315835667],[48.59148591485916,18.362335585230866],[48.86508865088652,18.49600785117228],[49.04149041490416,18.581072020407717],[49.19269192691928,18.621000099844764],[49.44469444694448,18.655720168920453],[49.74349743497436,18.6956482483575],[50.03870038700387,18.735576327794547],[50.35550355503557,18.777240410685366],[50.70830708307085,18.825848507391342],[50.94950949509496,18.85709656955946],[51.25911259112593,18.898760652450292],[51.51471514715149,18.93348072152598],[51.74151741517417,18.9647287836941],[51.97911979119792,18.99597684586223],[52.02232022320223,18.897024648996506],[52.06552065520657,18.796336448676996],[52.10872108721088,18.6956482483575],[52.15552155521556,18.596696051491776],[52.19872198721987,18.49600785117228],[52.24192241922421,18.397055654306556],[52.288722887228886,18.29636745398706],[52.3319233192332,18.197415257121335],[52.37512375123751,18.09672705680184],[52.421924219242214,17.997774859936115],[52.465124651246526,17.897086659616605],[52.50832508325084,17.798134462750895],[52.55152551525515,17.697446262431384],[52.598325983259855,17.598494065565674],[52.64152641526417,17.497805865246164],[52.68472684726848,17.397117664926668],[52.72792727927279,17.29990147151473],[52.79992799927999,17.268653409346612],[52.84312843128433,17.174909222842246],[52.90432904329043,17.044708963808404],[52.965529655296564,16.912772701320776],[53.02673026730267,16.78083643883315],[53.084330843308436,16.648900176345535]]],[[[42.59022590225902,15.303497499662512],[42.5578255782558,15.28092945476331],[42.550625506255074,15.320857534200357],[42.568625686256865,15.40765770688958],[42.601026010260114,15.431961755242568],[42.626226262262634,15.367729627452533],[42.61182611826118,15.333009558376844],[42.59022590225902,15.303497499662512]]],[[[42.7558275582756,13.70463831872695],[42.6910269102691,13.673390256558832],[42.73422734227344,13.753246415432912],[42.78102781027812,13.768870446516985],[42.795427954279546,13.765398439609413],[42.7558275582756,13.70463831872695]]],[[[42.78822788227882,13.971982850609777],[42.77382773827739,13.949414805710575],[42.7558275582756,13.954622816071932],[42.694626946269466,14.008438923139252],[42.7630276302763,14.067463040567915],[42.79902799027991,14.01191093004681],[42.78822788227882,13.971982850609777]]],[[[53.76473764737648,12.636996194649456],[53.82593825938261,12.624844170472969],[53.91953919539196,12.659564239548658],[54.18594185941859,12.664772249910015],[54.509945099451016,12.551932025414018],[54.448744487444884,12.524155970153473],[54.41274412744127,12.48249188726264],[54.27234272342724,12.446035814733165],[54.12834128341285,12.360971645497713],[53.7179371793718,12.319307562606895],[53.59913599135993,12.341875607506083],[53.49833498334985,12.425203773287748],[53.31473314733148,12.532835987422388],[53.38673386733868,12.602276125573766],[53.40473404734047,12.633524187741898],[53.42993429934299,12.66303624645623],[53.53433534335343,12.715116350069763],[53.63873638736388,12.70817233625462],[53.76473764737648,12.636996194649456]]]]}},{"type":"Feature","id":"704","properties":{"name":"Vietnam","code":"VN","label":[106.34646135122732,16.543770241659445]},"geometry":{"type":"MultiPolygon","coordinates":[[[[104.06444064440643,10.39060772545227],[104.08244082440825,10.340263625292522],[104.07524075240752,10.225687397342739],[104.03564035640358,10.111111169392956],[104.05004050040503,10.060767069233208],[104.01764017640176,10.02951900706509],[103.95283952839532,10.243047431880584],[103.86643866438664,10.335055614931164],[103.84843848438487,10.37151168746064],[103.89883898838991,10.368039680553068],[103.98523985239854,10.427063797981745],[104.02844028440285,10.428799801435531],[104.06444064440643,10.39060772545227]]],[[[107.97407974079744,21.507973843488443],[107.92727927279276,21.499293826219528],[107.80847808478086,21.497557822765742],[107.70767707677078,21.40554963971516],[107.63567635676355,21.3673575637319],[107.5276752767528,21.336109501563783],[107.4088740887409,21.28402939795025],[107.37647376473768,21.193757218353454],[107.37287372873732,21.127789087109633],[107.3548735487355,21.054876942050683],[107.16407164071643,20.94898073136983],[107.11007110071102,20.95939675209253],[107.07407074070744,20.999324831529577],[107.02007020070204,20.990644814260662],[106.98046980469803,20.97154877626903],[106.93726937269372,20.973284779722817],[106.88686886868868,20.950716734823615],[106.82206822068224,20.95766074863876],[106.76086760867611,20.990644814260662],[106.72486724867252,20.999324831529577],[106.68166681666816,21.001060834983363],[106.67446674466748,20.961132755546316],[106.73566735667356,20.8066284481595],[106.75366753667538,20.735452306554336],[106.55206552065522,20.527131892100186],[106.5736657366574,20.391723622704987],[106.519665196652,20.289299418931705],[106.39726397263973,20.205971253150054],[106.16686166861672,19.992442828334546],[106.06246062460627,19.98723481797319],[105.98325983259832,19.938626721267227],[105.81405814058144,19.587954023602748],[105.81045810458107,19.466433781837836],[105.78525785257852,19.379633609148613],[105.79245792457925,19.29456943991316],[105.71685716857172,19.127913108349844],[105.63765637656377,19.05673696674468],[105.62325623256231,18.966464787147885],[105.73125731257312,18.77897641413915],[105.74565745657458,18.745992348517248],[105.80685806858071,18.645304148197752],[105.83925839258393,18.574128006592588],[105.88965889658897,18.50295186498741],[106.06606066060664,18.317199495432476],[106.14526145261453,18.259911381457584],[106.23886238862389,18.219983302020538],[106.41166411664119,18.05332697045722],[106.49806498064981,17.94569475632258],[106.45846458464587,17.874518614717417],[106.480064800648,17.720014307330587],[106.35406354063542,17.76515039712899],[106.37206372063724,17.74605435913736],[106.51606516065164,17.662726193355695],[106.73566735667356,17.367605606212322],[106.92646926469268,17.22178131609442],[107.12087120871212,17.055124984531105],[107.18207182071819,16.897148670236717],[107.3548735487355,16.79298846300965],[107.54927549275493,16.64195616253039],[107.5420754207542,16.608972096908488],[107.59247592475924,16.567308014017655],[107.7256772567726,16.48745185514356],[107.8048780487805,16.402387685908124],[107.83367833678335,16.32253152703403],[107.88047880478808,16.310379502857543],[107.9380793807938,16.329475540849174],[107.9920799207992,16.336419554664317],[108.02808028080284,16.33121154430296],[108.08928089280892,16.24267536815995],[108.16848168481687,16.162819209285857],[108.20808208082082,16.091643067680693],[108.24048240482404,16.100323084949608],[108.26568265682658,16.089907064226907],[108.27288272882731,16.029146943344443],[108.28728287282871,15.98921886390741],[108.39528395283952,15.872906632503842],[108.44568445684456,15.763538414915416],[108.57888578885792,15.584730059175612],[108.67248672486727,15.484041858856102],[108.74448744487444,15.42675374488121],[108.82008820088203,15.378145648175249],[108.89928899288992,15.180241254443814],[108.93888938889393,15.001432898703996],[109.02169021690219,14.803528504972562],[109.08649086490868,14.716728332283338],[109.08649086490868,14.551808004173807],[109.13689136891372,14.383415669156705],[109.19089190891913,14.270575444660707],[109.20889208892089,14.154263213257153],[109.22329223292235,14.096975099282261],[109.24489244892447,14.053575012937642],[109.30249302493024,13.855670619206208],[109.28809288092884,13.765398439609413],[109.24849248492484,13.853934615752422],[109.2520925209252,13.590062090777167],[109.28809288092884,13.45118181447441],[109.27009270092702,13.279317472549735],[109.30969309693097,13.218557351667286],[109.37809378093783,13.025860968297195],[109.42489424894251,12.956420830145817],[109.42129421294214,12.718588356977335],[109.44649446494464,12.598804118666195],[109.3816938169382,12.669980260271373],[109.33489334893352,12.751572422599239],[109.27369273692739,12.70817233625462],[109.21969219692198,12.645676211918385],[109.3060930609306,12.390483704212059],[109.20529205292053,12.414787752565047],[109.21609216092162,12.072795072169484],[109.25569255692557,11.992938913295404],[109.25929259292593,11.954746837312143],[109.24849248492484,11.907874744059953],[109.21969219692198,11.9582188442197],[109.21609216092162,12.010298947833249],[109.1980919809198,11.999882927110534],[109.20169201692016,11.972106871849988],[109.16569165691658,11.911346750967525],[109.15849158491585,11.836698602454788],[109.19089190891913,11.77420247811854],[109.1980919809198,11.725594381412577],[109.1728917289173,11.664834260530114],[109.13329133291336,11.600602132740093],[109.039690396904,11.591922115471164],[109.01809018090182,11.468665870252465],[108.9856898568986,11.336729607764838],[108.82008820088203,11.315897566319421],[108.70128701287013,11.199585334915866],[108.550085500855,11.156185248571248],[108.4168841688417,11.039873017167693],[108.27288272882731,10.933976806486825],[108.1756817568176,10.920088778856552],[108.09648096480964,10.89752073395735],[108.00288002880029,10.720448381671332],[107.84447844478444,10.699616340225916],[107.56367563675639,10.555528053561801],[107.47007470074703,10.486087915410423],[107.38367383673835,10.458311860149863],[107.26127261272615,10.397551739267413],[107.2360723607236,10.420119784166602],[107.19287192871928,10.472199887780135],[107.08847088470884,10.49823993958691],[107.03447034470344,10.555528053561801],[107.02007020070204,10.630176202074537],[107.00567005670058,10.659688260788869],[106.9840698406984,10.61802417789805],[106.96606966069663,10.440951825612018],[106.94806948069481,10.401023746174971],[106.90126901269014,10.383663711637126],[106.81126811268115,10.434007811796889],[106.72846728467283,10.53643201557017],[106.60606606066062,10.465255873965006],[106.64206642066421,10.456575856696077],[106.69966699666998,10.461783867057434],[106.74286742867429,10.44442383251959],[106.77886778867787,10.376719697821997],[106.77526775267756,10.338527621838736],[106.75726757267574,10.295127535494117],[106.64206642066421,10.288183521678988],[106.49086490864909,10.303807552763047],[106.4656646566466,10.29859954240169],[106.60246602466026,10.230895407704097],[106.72846728467283,10.192703331720836],[106.7860678606786,10.151039248830003],[106.7860678606786,10.116319179754313],[106.71406714067143,10.060767069233208],[106.66006660066603,9.99132693108183],[106.65646656466566,9.94792684473721],[106.65646656466566,9.901054751485034],[106.59526595265953,9.859390668594202],[106.55566555665558,9.868070685863117],[106.44766447664477,9.939246827468295],[106.1380613806138,10.222215390435167],[106.18486184861848,10.142359231561073],[106.50886508865091,9.82119859261094],[106.56286562865631,9.715302381930087],[106.5736657366574,9.64065423341735],[106.53766537665376,9.604198160887876],[106.48366483664836,9.559062071089471],[106.37926379263791,9.5555900641819],[106.2028620286203,9.67537430249304],[105.92565925659255,9.961814872367484],[105.8320583205832,10.000006948350745],[106.11286112861131,9.673638299039254],[106.15966159661599,9.59378214016516],[106.20646206462067,9.50177395711458],[106.19206192061921,9.44795785004726],[106.16686166861672,9.395877746433726],[105.5008550085501,9.093813145475224],[105.40005400054002,8.961876882987596],[105.32085320853207,8.800428561785637],[105.19125191251914,8.711892385642614],[105.1156511565116,8.628564219860962],[104.89244892448926,8.583428130062558],[104.770047700477,8.597316157692845],[104.89604896048962,8.746612454718317],[104.81684816848167,8.802164565239423],[104.81324813248136,9.185821328525805],[104.84564845648458,9.605934164341662],[104.90324903249035,9.815990582249583],[104.98604986049861,9.868070685863117],[105.09405094050942,9.901054751485034],[105.09405094050942,9.944454837829639],[105.08325083250833,9.996534941443173],[105.02925029250292,10.067711083048351],[104.96444964449648,10.100695148670255],[104.87444874448744,10.114583176300528],[104.80244802448027,10.203119352443537],[104.74844748447487,10.199647345535965],[104.66204662046624,10.170135286821633],[104.6116461164612,10.208327362804894],[104.59364593645938,10.267351480233572],[104.51444514445143,10.340263625292522],[104.4280442804428,10.411439766897686],[104.46764467644675,10.421855787620387],[104.51444514445143,10.46351987051122],[104.56484564845647,10.515599974124754],[104.6908469084691,10.522543987939898],[104.81684816848167,10.520807984486112],[104.84924849248495,10.534696012116385],[104.89964899648999,10.59024812263749],[104.98244982449825,10.661424264242655],[105.04725047250474,10.701352343679702],[105.0616506165062,10.734336409301605],[105.03645036450365,10.808984557814341],[105.0220502205022,10.887104713234649],[105.04725047250474,10.911408761587637],[105.15885158851592,10.89752073395735],[105.28485284852849,10.861064661427875],[105.3136531365314,10.845440630343816],[105.38565385653857,10.940920820301969],[105.40725407254075,10.95133684102467],[105.45405454054543,10.95133684102467],[105.57645576455764,10.968696875562514],[105.6988569885699,10.994736927369289],[105.75645756457567,10.98952891700793],[105.81045810458107,10.92529678921791],[105.85365853658539,10.86280066488166],[105.87525875258751,10.859328657974089],[105.93645936459365,10.885368709780863],[105.99045990459905,10.85238464415896],[106.09846098460986,10.796832533637854],[106.16326163261635,10.795096530184068],[106.13086130861308,10.921824782310338],[106.16686166861672,11.012096961907133],[106.15966159661599,11.036401010260121],[106.09846098460986,11.07806509315094],[105.89325893258933,11.244721424714257],[105.85725857258575,11.295065524874019],[105.86085860858611,11.373185680294313],[105.85365853658539,11.487761908244096],[105.83565835658356,11.55893804984926],[105.83925839258393,11.600602132740093],[105.85005850058502,11.635322201815782],[105.88965889658897,11.649210229446055],[105.92565925659255,11.652682236353627],[105.95445954459547,11.682194295067958],[106.0048600486005,11.75857844703448],[106.10206102061022,11.751634433219351],[106.23886238862389,11.708234346874733],[106.33966339663397,11.682194295067958],[106.4008640086401,11.687402305429316],[106.41166411664119,11.697818326152031],[106.41166411664119,11.737746405589064],[106.41886418864192,11.911346750967525],[106.41526415264156,11.947802823497],[106.49806498064981,11.965162858034844],[106.63126631266312,11.968634864942416],[106.69966699666998,11.979050885665117],[106.76446764467647,12.051963030724067],[106.93006930069299,12.078003082530842],[107.05247052470526,12.17521927594278],[107.16047160471607,12.277643479716062],[107.2108721087211,12.303683531522836],[107.27927279272797,12.32104356606068],[107.329673296733,12.319307562606895],[107.39447394473945,12.260283445178217],[107.44487444874449,12.295003514253906],[107.50607506075062,12.364443652405285],[107.53847538475384,12.432147787102892],[107.55647556475566,12.539780001237531],[107.5420754207542,12.706436332800848],[107.51327513275135,12.834900588380904],[107.48087480874807,12.933852785246614],[107.4736747367474,13.031068978658553],[107.54567545675457,13.225501365482415],[107.6068760687607,13.437293786844137],[107.59247592475924,13.522357956079574],[107.5276752767528,13.654294218567202],[107.4628746287463,13.815742539769161],[107.39087390873908,13.99281489205518],[107.36207362073623,14.018854943861953],[107.3440734407344,14.069199044021701],[107.329673296733,14.126487157996593],[107.36207362073623,14.307031517190183],[107.36567365673659,14.369527641526432],[107.44847448474485,14.451119803854297],[107.49167491674916,14.54659999381245],[107.53487534875347,14.650760201039532],[107.52047520475207,14.704576308106851],[107.51327513275135,14.817416532602834],[107.52407524075244,14.871232639670168],[107.50607506075062,14.916368729468559],[107.48087480874807,14.980600857258594],[107.49527495274953,15.022264940149412],[107.55647556475566,15.056985009225102],[107.58887588875888,15.117745130107565],[107.63207632076319,15.190657275166515],[107.65367653676537,15.25488940295655],[107.62127621276215,15.310441513477656],[107.56367563675639,15.392033675805521],[107.45927459274594,15.466681824318258],[107.34047340473404,15.560426010822624],[107.27927279272797,15.619450128251302],[107.23247232472323,15.678474245679965],[107.18927189271892,15.747914383831358],[107.1676716767168,15.801730490898677],[107.18927189271892,15.838186563428152],[107.36207362073623,15.921514729209804],[107.39087390873908,15.95102678792415],[107.4088740887409,15.997898881176326],[107.39807398073981,16.04303497097473],[107.35127351273513,16.067339019327704],[107.29727297272973,16.08469905386555],[107.21807218072183,16.136779157479083],[107.07047070470708,16.279131440689426],[107.00207002070022,16.31211550631133],[106.93006930069299,16.353779589202162],[106.89406894068941,16.397179675546766],[106.8508685086851,16.51522791040412],[106.83286832868328,16.525643931126822],[106.79326793267933,16.490923862051133],[106.73926739267392,16.452731786067872],[106.69606696066961,16.459675799883016],[106.65646656466566,16.49265986550492],[106.63846638466384,16.537795955303324],[106.59526595265953,16.60029207963956],[106.54486544865449,16.650636179799307],[106.5340653406534,16.820764518270195],[106.52686526865267,16.8763166287913],[106.50166501665018,16.95443678421161],[106.4656646566466,16.982212839472155],[106.42606426064259,17.00304488091757],[106.33246332463324,17.143661160674128],[106.27126271262716,17.21657330573308],[106.0048600486005,17.414477699464513],[105.97245972459723,17.447461765086416],[105.90405904059043,17.529053927414296],[105.7780577805778,17.643630155364065],[105.69165691656917,17.73737434186843],[105.62685626856268,17.83459053528037],[105.59805598055982,17.91791870106202],[105.58725587255873,17.983886832305842],[105.51885518855187,18.07763101881021],[105.45765457654579,18.154015170776717],[105.40005400054002,18.18005522258349],[105.33525335253353,18.19047124330619],[105.2740527405274,18.235607333104596],[105.16245162451628,18.338031536877878],[105.1156511565116,18.405735671575485],[105.08685086850869,18.450871761373875],[105.08685086850869,18.49600785117228],[105.11205112051124,18.572392003138802],[105.14445144451446,18.617528092937192],[105.14805148051482,18.650512158559096],[105.1156511565116,18.678288213819656],[104.99324993249934,18.728632313979404],[104.71604716047159,18.80328046249214],[104.6116461164612,18.86056857646703],[104.5180451804518,18.93348072152598],[104.44604446044463,18.98382482168573],[104.1076410764108,19.19561724304745],[104.00684006840072,19.23033731212314],[103.91683916839168,19.2685293881064],[103.89163891638918,19.304985460635876],[103.89523895238955,19.339705529711566],[103.93123931239313,19.365745581518325],[104.02844028440285,19.42129769203943],[104.06444064440643,19.482057812921894],[104.05004050040503,19.563649975249774],[104.01404014040139,19.646978141031425],[104.03204032040321,19.67475419629197],[104.06444064440643,19.678226203199543],[104.12564125641256,19.681698210107115],[104.25884258842592,19.685170217014687],[104.5468454684547,19.61052206850195],[104.58644586445865,19.61920208577088],[104.7448474484745,19.754610355166065],[104.80244802448027,19.836202517493945],[104.81684816848167,19.903906652191537],[104.84564845648458,19.947306738536156],[104.92844928449284,20.01848288014132],[104.92844928449284,20.08271500793134],[104.8888488884889,20.169515180620564],[104.84924849248495,20.202499246242482],[104.81324813248136,20.216387273872755],[104.69804698046983,20.205971253150054],[104.67644676446764,20.22506729114167],[104.66204662046624,20.289299418931705],[104.65484654846551,20.329227498368752],[104.61884618846187,20.374363588167142],[104.49644496444967,20.41429166760419],[104.39204392043922,20.424707688326905],[104.36684366843667,20.44206772286475],[104.40644406444068,20.485467809209354],[104.47844478444784,20.528867895553972],[104.53244532445325,20.554907947360732],[104.57564575645756,20.600044037159137],[104.58284582845829,20.646916130411313],[104.52884528845289,20.688580213302146],[104.46044460444608,20.73371630310055],[104.34884348843491,20.820516475789773],[104.19404194041942,20.91426066229414],[104.10044100441007,20.945508724462258],[104.0536405364054,20.942036717554686],[103.88083880838809,20.862180558680606],[103.7908379083791,20.810100455067072],[103.71523715237151,20.716356268562706],[103.63603636036362,20.697260230571075],[103.55323553235536,20.737188310008122],[103.46323463234631,20.780588396352726],[103.21123211232111,20.84134851723519],[103.10323103231036,20.891692617394938],[102.88362883628838,21.20243723562237],[102.85122851228516,21.266669363412404],[102.87282872828729,21.33784550501757],[102.88722887228874,21.44026970879085],[102.90882908829087,21.50623784003467],[102.94842948429488,21.570469967824693],[102.95922959229591,21.626022078345798],[102.94842948429488,21.681574188866904],[102.9160291602916,21.71282225103502],[102.87642876428765,21.72150226830395],[102.84402844028443,21.735390295934224],[102.81522815228152,21.806566437539388],[102.79722797227976,21.797886420270473],[102.77202772027721,21.70935024412745],[102.73962739627399,21.678102181959332],[102.69642696426968,21.662478150875273],[102.66042660426604,21.676366178505546],[102.64242642426427,21.711086247581235],[102.63162631626318,21.7718463684637],[102.610026100261,21.851702527337793],[102.58122581225814,21.903782630951326],[102.48762487624879,21.957598738018646],[102.44442444424448,22.027038876170025],[102.30042300423003,22.178071176649283],[102.18162181621818,22.283967387330136],[102.12762127621278,22.37944757728829],[102.17442174421745,22.41416764636398],[102.23562235622359,22.466247749977512],[102.30402304023039,22.546103908851606],[102.37602376023762,22.646792109171102],[102.40482404824047,22.707552230053565],[102.42642426424266,22.73359228186034],[102.46962469624697,22.750952316398184],[102.51642516425164,22.74053629567547],[102.59922599225996,22.70060821623842],[102.72162721627217,22.648528112624888],[102.82962829628298,22.58776799174244],[102.87282872828729,22.52527186740619],[102.93402934029342,22.466247749977512],[102.9808298082981,22.448887715439668],[103.00603006030059,22.45235972234724],[103.07443074430745,22.497495812145644],[103.13563135631358,22.542631901944034],[103.13923139231395,22.592976002103782],[103.19323193231935,22.638112091902187],[103.26523265232652,22.712760240414923],[103.30123301233016,22.764840344028457],[103.32643326433265,22.770048354389814],[103.3552335523355,22.75442432330574],[103.47043470434704,22.59818401246514],[103.49203492034923,22.58776799174244],[103.52443524435245,22.612072040095413],[103.57123571235712,22.73359228186034],[103.62163621636216,22.7822003785663],[103.63603636036362,22.770048354389814],[103.91323913239131,22.537423891582677],[103.94203942039422,22.54089589849025],[103.97083970839708,22.551311919212964],[103.99243992439926,22.586031988288653],[104.01404014040139,22.665888147162732],[104.0536405364054,22.75268831985197],[104.14364143641438,22.799560413104146],[104.21204212042119,22.809976433826847],[104.23724237242374,22.76831235093603],[104.29844298442987,22.712760240414923],[104.37044370443704,22.704080223145994],[104.52524525245252,22.804768423465504],[104.57924579245793,22.820392454549562],[104.63324633246333,22.818656451095777],[104.68724687246873,22.82212845800335],[104.74124741247414,22.86032053398661],[104.79524795247954,22.910664634146357],[104.81324813248136,23.011352834465853],[104.82764827648276,23.099889010608877],[104.8636486364864,23.13634508313835],[104.91044910449108,23.160649131491326],[104.9968499684997,23.193633197113243],[105.18765187651877,23.280433369802466],[105.23805238052381,23.3220974526933],[105.2740527405274,23.344665497592487],[105.34965349653498,23.308209425063012],[105.43965439654397,23.235297280004062],[105.49365493654938,23.181481172936742],[105.52965529655296,23.122457055508065],[105.54765547655478,23.072112955348317],[105.69165691656917,23.030448872457484],[105.78165781657816,22.969688751575035],[105.8428584285843,22.922816658322844],[105.90405904059043,22.92455266177663],[105.9616596165962,22.93670468595313],[106.00126001260014,22.974896761936378],[106.069660696607,22.974896761936378],[106.1488614886149,22.969688751575035],[106.18486184861848,22.955800723944762],[106.24966249662498,22.869000551255525],[106.27846278462783,22.856848527079038],[106.33966339663397,22.86379254089418],[106.45126451264514,22.893304599608513],[106.54126541265413,22.90892863069257],[106.62406624066244,22.874208561616882],[106.77886778867787,22.77872837165873],[106.73566735667356,22.711024236961137],[106.70326703267034,22.638112091902187],[106.63486634866348,22.586031988288653],[106.58086580865807,22.57387996411215],[106.55206552065522,22.5009678190532],[106.53766537665376,22.395071608372348],[106.55206552065522,22.341255501305028],[106.59166591665917,22.323895466767183],[106.63486634866348,22.289175397691494],[106.6528665286653,22.242303304439304],[106.66006660066603,22.13640709375845],[106.65646656466566,22.01835885890111],[106.66366663666639,21.978430779464063],[106.69606696066961,21.985374793279192],[106.72846728467283,22.000998824363265],[106.79326793267933,21.981902786371634],[106.87606876068764,21.950654724203503],[106.92646926469268,21.919406662035385],[106.969669696697,21.924614672396743],[107.00567005670058,21.89336661022861],[107.02007020070204,21.834342492799948],[107.06327063270635,21.7944144133629],[107.17847178471789,21.716294257942593],[107.27207272072724,21.711086247581235],[107.35127351273513,21.608662043807954],[107.4340743407434,21.641646109429857],[107.47007470074703,21.598246023085252],[107.63927639276392,21.61387005416931],[107.75807758077582,21.65553413706013],[107.80127801278013,21.64511811633743],[107.90927909279094,21.56005394710199],[107.97407974079744,21.507973843488443]]],[[[106.61686616866172,8.682380326928282],[106.5880658806588,8.680644323474496],[106.56646566465668,8.701476364919912],[106.66006660066603,8.765708492709948],[106.64926649266494,8.722308406365329],[106.6528665286653,8.701476364919912],[106.61686616866172,8.682380326928282]]],[[[107.1676716767168,10.397551739267413],[107.08487084870848,10.33679161838495],[107.0776707767078,10.387135718544698],[107.14967149671497,10.420119784166602],[107.17487174871752,10.446159835973376],[107.19647196471965,10.446159835973376],[107.1676716767168,10.397551739267413]]],[[[106.86526865268655,20.815308465428416],[106.85446854468546,20.796212427436785],[106.80406804068042,20.843084520688976],[106.76806768067684,20.863916562134392],[106.79686796867969,20.928148689924413],[106.85446854468546,20.858708551773034],[106.86526865268655,20.815308465428416]]],[[[107.60327603276033,21.216325263252642],[107.45927459274594,21.091333014580158],[107.40527405274054,21.093069018033944],[107.45207452074521,21.235421301244273],[107.47727477274776,21.26840536686619],[107.56367563675639,21.219797270160214],[107.60327603276033,21.216325263252642]]],[[[107.52047520475207,20.926412686470627],[107.46647466474667,20.900372634663867],[107.39807398073981,20.903844641571425],[107.47727477274776,20.9524527382774],[107.52047520475207,21.01321285915985],[107.5528755287553,21.034044900605267],[107.54927549275493,20.981964796991733],[107.52047520475207,20.926412686470627]]],[[[107.03087030870307,20.747604330730823],[106.99126991269912,20.742396320369465],[106.91206912069123,20.823988482697345],[106.95166951669518,20.86738856904195],[107.04527045270453,20.836140506873832],[107.06327063270635,20.8170444688822],[107.06327063270635,20.799684434344357],[107.04167041670416,20.761492358361096],[107.03087030870307,20.747604330730823]]]]}},{"type":"Feature","id":"860","properties":{"name":"Uzbekistan","code":"UZ","label":[63.30268180847804,41.77554235924722]},"geometry":{"type":"MultiPolygon","coordinates":[[[[70.94770947709478,42.24800710585234],[70.98010980109802,42.26710314384397],[71.03771037710379,42.2844631783818],[71.13131131311314,42.24974310930611],[71.21411214112143,42.206343022961505],[71.23211232112322,42.185510981516074],[71.22851228512286,42.16294293661687],[71.03051030510306,42.077878767381435],[70.91170911709119,42.0379506879444],[70.85770857708579,42.03100667412926],[70.84330843308433,42.01885464995277],[70.80370803708038,41.92337445999462],[70.72810728107282,41.90601442545676],[70.6309063090631,41.87476636328864],[70.56250562505625,41.83136627694404],[70.45450454504547,41.72547006626317],[70.18090180901811,41.570965758876355],[70.17730177301775,41.53971769670824],[70.20250202502027,41.51367764490146],[70.28890288902889,41.49631761036363],[70.40770407704079,41.44944551711143],[70.47250472504726,41.41298944458197],[70.64530645306453,41.45986153783414],[70.68850688506885,41.44944551711143],[70.73530735307355,41.40083742040548],[70.78210782107823,41.261957144102695],[70.86130861308615,41.225501071573234],[70.96210962109623,41.19598901285889],[71.0269102691027,41.18730899558997],[71.10971109711099,41.152588926514284],[71.2249122491225,41.1404369023378],[71.30051300513006,41.152588926514284],[71.39411394113941,41.12307686779994],[71.40851408514087,41.135228891976425],[71.41931419314193,41.34181330297679],[71.49851498514985,41.3070932339011],[71.54531545315453,41.3088292373549],[71.5849158491585,41.33313328570787],[71.60651606516066,41.36785335478356],[71.62091620916209,41.43555748948117],[71.6029160291603,41.50326162417875],[71.63891638916391,41.534509686346894],[71.66411664116643,41.54145370016201],[71.68571685716859,41.532773682893094],[71.69651696516965,41.51541364835526],[71.70011700117001,41.4546535274728],[71.75771757717578,41.428613475666026],[71.7937179371794,41.41298944458197],[71.82611826118261,41.36090934096842],[71.85851858518586,41.31056524080867],[71.88011880118802,41.19425300940512],[71.95931959319594,41.18730899558997],[72.0529205292053,41.16474095069077],[72.11412114121143,41.18730899558997],[72.16452164521647,41.173420967959686],[72.18252182521826,41.117868857438594],[72.1789217892179,41.067524757278846],[72.18612186121862,41.025860674388014],[72.21132211322114,41.01370865021153],[72.29412294122943,41.0397487020183],[72.36252362523626,41.043220708925844],[72.42732427324273,41.01891666057287],[72.50652506525066,40.98246058804341],[72.6217262172622,40.883508391177685],[72.65772657726578,40.8696203635474],[72.83052830528305,40.862676349732254],[72.86652866528667,40.84184430828685],[72.92772927729277,40.84184430828685],[72.9889298892989,40.86094034627848],[73.1329313293133,40.827956280656565],[73.13653136531366,40.810596246118735],[73.11133111331114,40.78629219776573],[72.77292772927731,40.65088392837055],[72.7477274772748,40.609219845479714],[72.67932679326793,40.555403738412394],[72.60372603726037,40.52589167969808],[72.56772567725679,40.52415567624428],[72.40212402124021,40.5779717833116],[72.38412384123842,40.56581975913511],[72.36972369723699,40.54325171423591],[72.36972369723699,40.51894766588293],[72.40572405724058,40.463395555361814],[72.38772387723878,40.42693948283235],[72.3589235892359,40.40089943102558],[72.25452254522546,40.42346747592478],[72.2329223292233,40.43909150700884],[72.2329223292233,40.4547155380929],[72.19332193321935,40.4547155380929],[72.13212132121322,40.43909150700884],[72.01332013320135,40.340139310143115],[71.97011970119704,40.28979520998337],[71.95571955719558,40.25854714781525],[71.90171901719017,40.24118711327739],[71.84411844118443,40.23424309946225],[71.77211772117721,40.18737100621007],[71.69291692916931,40.15265093713438],[71.6677166771668,40.178690988941156],[71.64971649716497,40.2082030476555],[71.62811628116282,40.21688306492442],[71.58131581315814,40.209939051109274],[71.52011520115201,40.2082030476555],[71.4589145891459,40.24118711327739],[71.37611376113762,40.27590718235308],[71.30411304113042,40.286323203075796],[71.09531095310953,40.27069917199174],[70.99090990909909,40.25507514090768],[70.95850958509587,40.23945110982362],[70.9009090090901,40.23424309946225],[70.65250652506526,40.20125903384036],[70.60210602106022,40.213411058016845],[70.56610566105661,40.267227165084165],[70.53370533705339,40.32451527905906],[70.4689046890469,40.34534732050446],[70.3969039690397,40.360971351588546],[70.37170371703718,40.38353939648772],[70.36810368103681,40.411315451748294],[70.3789037890379,40.43909150700884],[70.38250382503827,40.45297953463913],[70.54810548105482,40.56234775222754],[70.69930699306994,40.66129994909326],[70.71370713707137,40.668243962908406],[70.72450724507246,40.687340000900036],[70.74970749707498,40.722060069975726],[70.74970749707498,40.739420104513556],[70.6381063810638,40.77934818395062],[70.63450634506347,40.79670821848845],[70.65610656106563,40.81580425648008],[70.65610656106563,40.84010830483305],[70.5769057690577,40.91128444643823],[70.44010440104401,41.024124670934214],[70.40050400504006,41.03454069165693],[70.37170371703718,41.027596677841785],[70.31770317703177,40.919964463707146],[70.29250292502925,40.8921884084466],[70.13770137701377,40.82101226684142],[70.00450004500047,40.77066816668167],[69.77409774097742,40.683867993992465],[69.71289712897129,40.65782794218569],[69.66969669696698,40.66129994909326],[69.63009630096303,40.67865998363109],[69.4968949689497,40.7671961597741],[69.41409414094142,40.79670821848845],[69.35649356493565,40.7671961597741],[69.30969309693097,40.7237960734295],[69.31329313293134,40.63525989728649],[69.25929259292593,40.58838780403431],[69.20529205292053,40.56581975913511],[69.30249302493027,40.32798728596663],[69.29529295292954,40.29673922379851],[69.21969219692198,40.288059206529596],[69.27369273692739,40.19778702693279],[69.22689226892271,40.18737100621007],[69.11169111691117,40.2082030476555],[68.95328953289533,40.22209107528576],[68.65088650886509,40.18216299584873],[68.62928629286293,40.16653896476467],[68.62208622086223,40.14744292677304],[68.64008640086402,40.12834688878141],[68.78408784087841,40.12661088532761],[68.9280892808928,40.13702690605032],[68.96768967689678,40.11966687151249],[68.97128971289715,40.09015481279815],[68.95688956889569,40.07105877480652],[68.91008910089101,40.067586767898945],[68.80568805688057,40.050226733361114],[68.79128791287914,40.031130695369484],[68.78768787687878,40.013770660831625],[68.82368823688239,39.959954553764305],[68.86328863288634,39.92697048814239],[68.87048870488707,39.90787445015076],[68.85248852488525,39.89051441561293],[68.83088830888309,39.88357040179778],[68.79848798487987,39.90961045360456],[68.77688776887769,39.904402443243185],[68.76968769687699,39.88183439834401],[68.7588875888759,39.85579434653724],[68.73368733687337,39.83669830854561],[68.6868868688687,39.84711432926832],[68.64008640086402,39.83843431199938],[68.61128611286114,39.742954122041226],[68.58608586085862,39.63532190790659],[68.50688506885069,39.562409762847636],[68.46368463684638,39.53636971104089],[68.39888398883988,39.52942569722575],[68.30168301683017,39.53810571449466],[68.24408244082443,39.54852173521738],[68.07848078480785,39.564145766301436],[67.90927909279094,39.593657825015754],[67.71847718477187,39.62143388027633],[67.54207542075423,39.55720175248629],[67.49167491674919,39.51900967650303],[67.45927459274594,39.48255360397357],[67.4268742687427,39.46519356943571],[67.35127351273513,39.24124912389752],[67.35847358473586,39.216945075544515],[67.40167401674017,39.19611303409911],[67.61767617676179,39.15097694430071],[67.65007650076501,39.13188090630908],[67.66807668076683,39.109312861409876],[67.67527675276753,39.00862466109038],[67.69327693276935,38.99473663346009],[67.76887768877688,38.982584609283606],[67.87687876878769,38.982584609283606],[67.95967959679598,38.99300063000632],[68.0460804608046,38.984320612737406],[68.10368103681037,38.961752567838204],[68.13248132481326,38.927032498762514],[68.14688146881468,38.890576426233025],[68.0460804608046,38.6701039876024],[68.0568805688057,38.58851182527451],[68.08568085680858,38.473935597324754],[68.14328143281435,38.383663417727945],[68.25128251282513,38.295127241584936],[68.33408334083342,38.237839127610044],[68.35208352083521,38.21179907580327],[68.35568355683557,38.17013499291244],[68.34128341283414,38.11631888584512],[68.29448294482947,38.03299072006348],[68.2368823688237,37.960078575004516],[68.17568175681757,37.9288305128364],[68.08928089280894,37.83508632633203],[68.01008010080102,37.72051009838225],[67.86247862478626,37.57121380135678],[67.81567815678159,37.48614963212134],[67.79767797677977,37.244845152045286],[67.75807758077582,37.171933006986336],[67.75447754477545,37.199709062246896],[67.70047700477005,37.22748511750744],[67.6068760687607,37.222277107146084],[67.54567545675457,37.23616513477637],[67.51687516875171,37.26741319694449],[67.44127441274415,37.25873317967556],[67.31887318873189,37.2101250829696],[67.19647196471965,37.234429131322585],[67.07047070470705,37.33511733164208],[66.82926829268294,37.371573404171556],[66.52326523265234,37.349005359272354],[66.50886508865091,37.45837357686078],[66.51246512465124,37.59898985661734],[66.5268652686527,37.78647822962607],[66.62766627666278,37.93230251974397],[66.62766627666278,37.960078575004516],[66.60606606066062,37.98611862681129],[66.57366573665738,38.01042267516428],[66.390063900639,38.05035075460131],[66.3360633606336,38.07291879950051],[66.2640626406264,38.11805488929892],[66.17406174061742,38.166662986004866],[66.0948609486095,38.19964705162678],[65.97245972459726,38.24478314142519],[65.85725857258572,38.26908718977816],[65.78885788857889,38.24999115178653],[65.72765727657278,38.22568710343356],[65.67005670056702,38.22568710343356],[65.61245612456125,38.237839127610044],[65.40005400054002,38.348943348652256],[65.07605076050763,38.53990372856856],[64.82044820448206,38.671839991056174],[64.65844658446585,38.73607211884621],[64.62244622446227,38.75690416029161],[64.53244532445325,38.8159282777203],[64.30924309243093,38.97737659892226],[64.16164161641618,38.95307255056926],[63.95283952839529,39.05896876125013],[63.76203762037622,39.161392965023424],[63.72243722437224,39.1874330168302],[63.506435064350654,39.3766573932927],[63.290432904329066,39.4999136385114],[63.05643056430566,39.633585904452815],[62.90522905229054,39.71691407023448],[62.64962649626497,39.85926635344481],[62.527225272252736,39.94433052268025],[62.48402484024842,39.975578584848364],[62.44082440824408,40.03633870573083],[62.376023760237615,40.3314592928742],[62.29682296822969,40.466867562269385],[62.18882188821888,40.541515710782136],[62.09522095220953,40.683867993992465],[62.016020160201606,40.8939244119004],[61.9548195481955,41.03106868474936],[61.90441904419046,41.09356480908562],[61.80001800018002,41.163004947237],[61.64521645216453,41.23938909920352],[61.49761497614978,41.27584517173298],[61.44361443614437,41.27410916827921],[61.41841418414185,41.26542915101027],[61.386013860138604,41.25154112338001],[61.328413284132836,41.19425300940512],[61.24201242012421,41.189044999043745],[61.18081180811808,41.190781002497545],[61.119611196111975,41.21161304394295],[60.93240932409324,41.228973078480806],[60.867608676086775,41.248069116472436],[60.7560075600756,41.246333113018636],[60.514805148051494,41.21682105430432],[60.45360453604536,41.22202906466566],[60.20160201602016,41.34875731679193],[60.09000090000902,41.39910141695168],[60.06840068400686,41.426877472212226],[60.06840068400686,41.4754855689182],[60.104401044010444,41.54492570706958],[60.13680136801369,41.59353380377556],[60.122401224012236,41.645613907389105],[60.07560075600756,41.7011660179102],[60.07560075600756,41.76019013533886],[60.10800108001081,41.79317420096078],[60.17640176401764,41.78275818023806],[60.20160201602016,41.80359022168349],[60.1908019080191,41.83483828385161],[60.154801548015485,41.85740632875081],[60.10800108001081,41.90775042891056],[59.963999639996416,41.95462252216274],[59.94239942399426,41.97371856015437],[59.94959949599496,41.99455060159977],[59.97479974799748,42.01885464995277],[59.978399783997844,42.06746274665872],[59.98199981999821,42.131694874448755],[60,42.16467894007067],[60.00720007200073,42.190718991877446],[59.98559985599857,42.21155103332285],[59.93519935199353,42.23585508167582],[59.85959859598597,42.294879199104514],[59.762397623976256,42.30182321291966],[59.45279452794529,42.30008720946586],[59.35559355593557,42.32265525436506],[59.276392763927646,42.35563931998698],[59.200792007920086,42.48236757211325],[59.16119161191614,42.511879630827565],[59.12159121591216,42.52403165500408],[59.03519035190354,42.527503661911624],[58.93078930789309,42.53965568608814],[58.87678876788769,42.56222373098734],[58.72918729187293,42.676799958937096],[58.588785887858876,42.77922416271039],[58.531185311853136,42.68200796929847],[58.47718477184773,42.66291193130684],[58.354783547835495,42.67159194857575],[58.261182611826115,42.68895198311361],[58.20718207182074,42.66638393821441],[58.153181531815335,42.62819186223115],[58.160381603816035,42.602151810424374],[58.203582035820375,42.5761117586176],[58.289982899829,42.527503661911624],[58.41958419584196,42.405983420146725],[58.47718477184773,42.34001528890292],[58.48438484384846,42.317447244003716],[58.47358473584737,42.30008720946586],[58.455584555845576,42.29140719219694],[58.430384303843056,42.29140719219694],[58.39798397983981,42.293143195650714],[58.37638376383765,42.312239233642345],[58.36918369183692,42.346959302718034],[58.32598325983261,42.39903940633158],[58.2827828278283,42.42855146504593],[58.23238232382326,42.44764750303756],[58.1639816398164,42.46153553066782],[58.07398073980741,42.48583957902082],[58.027180271802735,42.48757558247459],[57.983979839798394,42.458063523760245],[57.944379443794446,42.419871447776984],[57.92277922779229,42.33480727854155],[57.85437854378546,42.23064707131448],[57.81477814778148,42.188982988423646],[57.68517685176852,42.16467894007067],[57.382773827738276,42.15599892280176],[57.289172891728924,42.12301485717984],[57.22797227972279,42.08482278119658],[57.112771127711284,41.95635852561654],[57.03357033570336,41.914694442725704],[56.96516965169653,41.85740632875081],[56.98316983169832,41.66991795574208],[57.01917019170193,41.45118152056523],[57.07677076770767,41.390421399682765],[57.112771127711284,41.371325361691135],[57.11997119971201,41.35049332024573],[57.09477094770949,41.3313972822541],[57.06597065970661,41.3070932339011],[57.01917019170193,41.263693147556495],[56.96516965169653,41.26542915101027],[56.86076860768608,41.27584517173298],[56.77436774367746,41.28799719590947],[56.47916479164792,41.300149220085956],[56.24156241562417,41.31056524080867],[55.97875978759788,41.32271726498516],[55.97875978759788,41.551869720884724],[55.97875978759788,41.78102217678429],[55.97875978759788,42.01017463268386],[55.975159751597516,42.241063092037194],[55.975159751597516,42.47021554793676],[55.975159751597516,42.6993680038363],[55.975159751597516,42.928520459735864],[55.975159751597516,43.1594089190892],[55.975159751597516,43.38856137498877],[55.975159751597516,43.617713830888334],[55.975159751597516,43.84686628678787],[55.975159751597516,44.07601874268744],[55.975159751597516,44.306907202040776],[55.975159751597516,44.53605965794034],[55.975159751597516,44.76521211383991],[55.975159751597516,44.994364569739474],[56.10116101161012,45.02387662845379],[56.259562595625965,45.05859669752948],[56.410764107641086,45.09331676660517],[56.587165871658726,45.134980849496],[56.79236792367925,45.18185294274821],[56.96516965169653,45.22004501873147],[57.17037170371705,45.266917111983645],[57.32877328773287,45.303373184513106],[57.47637476374766,45.338093253588795],[57.667176671766725,45.378021333025856],[57.96237962379624,45.44051745736209],[58.12438124381245,45.47350152298401],[58.289982899829,45.50995759551347],[58.44838448384485,45.54294166113539],[58.556385563855656,45.555093685311874],[58.6679866798668,45.5082215920597],[58.80838808388086,45.44225346081586],[58.94518945189452,45.376285329572056],[59.08199081990821,45.31031719832825],[59.22239222392224,45.24434906708444],[59.359193591935934,45.178380935840636],[59.49959499594996,45.1124128045968],[59.636396363963655,45.046444673352994],[59.77319773197732,44.98047654210919],[59.913599135991376,44.91624441431915],[60.05040050400504,44.850276283075345],[60.18720187201873,44.78430815183154],[60.32760327603276,44.71834002058773],[60.46440464404645,44.6523718893439],[60.60120601206012,44.58640375810009],[60.741607416074174,44.52043562685628],[60.87840878408784,44.45446749561248],[61.0080100801008,44.39370737473001],[61.06561065610657,44.34857128493161],[61.09801098010982,44.24788308461211],[61.15921159211592,44.16802692573802],[61.270812708127096,44.08296275650258],[61.386013860138604,43.99442658035957],[61.52641526415266,43.87637834550222],[61.62361623616238,43.796522186628124],[61.72441724417246,43.71319402084649],[61.88641886418864,43.57778575145127],[61.990819908199086,43.492721582215836],[62.073620736207374,43.489249575308264],[62.23922239222392,43.510081616753695],[62.4588245882459,43.53612166856044],[62.635226352263544,43.55868971345964],[62.84762847628477,43.58472976526642],[63.04923049230493,43.60903381361939],[63.20763207632078,43.62812985161102],[63.44523445234452,43.61250582052696],[63.67923679236793,43.598617792896704],[63.84843848438484,43.58820177217399],[64.01404014040142,43.57778575145127],[64.20844208442085,43.565633727274786],[64.31644316443166,43.55868971345964],[64.44244442444426,43.55174569964453],[64.49644496444967,43.57084173763613],[64.60444604446045,43.61424182398076],[64.70524705247053,43.652433899964024],[64.81324813248133,43.694097982854856],[64.90684906849069,43.71493002430026],[65.0040500405004,43.64896189305645],[65.08325083250833,43.5743137445437],[65.16965169651698,43.494457585669636],[65.27045270452706,43.418073433703114],[65.36765367653678,43.37120134045091],[65.49725497254974,43.310441219568474],[65.56925569255694,43.20454500888761],[65.67005670056702,43.06392872913105],[65.73485734857348,42.97192054608047],[65.80325803258035,42.876440356122316],[65.90045900459006,42.91463243210558],[66.0048600486005,42.95456051154264],[66.10206102061022,42.9910165840721],[66.08766087660877,42.87296834921477],[66.0768607686077,42.767072138533905],[66.06246062460625,42.605623817331946],[66.04806048060482,42.47195155139053],[66.01566015660157,42.313975237096145],[66.0120601206012,42.19419099878502],[66.0120601206012,42.08829478810415],[66.00846008460084,42.004966622322485],[66.19206192061921,42.00149461541491],[66.3288632886329,41.99802260850734],[66.49806498064981,41.99455060159977],[66.5160651606516,41.88865439091893],[66.53766537665376,41.74109409734723],[66.57366573665738,41.607421831405844],[66.60246602466026,41.49458160690983],[66.64566645666457,41.34875731679193],[66.66726667266673,41.27063716137164],[66.71046710467107,41.17862897832106],[66.75006750067502,41.15779693687563],[66.81486814868148,41.14217290579157],[67.03807038070383,41.152588926514284],[67.22527225272253,41.163004947237],[67.37287372873729,41.169948961052114],[67.52767527675277,41.17689297486726],[67.73647736477366,41.18730899558997],[67.8048780487805,41.16474095069077],[67.86607866078663,41.18036498177483],[67.93447934479346,41.19598901285889],[67.99207992079923,41.13002088161508],[68.02088020880208,41.097036815993164],[68.06048060480606,41.0605807434637],[68.11448114481146,41.029332681295585],[68.08928089280894,40.95989254314421],[68.0568805688057,40.86094034627848],[68.0460804608046,40.808860242664935],[68.1108811088111,40.75330813214384],[68.16128161281614,40.722060069975726],[68.2908829088291,40.65609193873189],[68.41328413284134,40.61963586620243],[68.49608496084963,40.609219845479714],[68.57168571685719,40.62310787311],[68.60048600486004,40.65956394563946],[68.59328593285935,40.71164404925301],[68.55728557285573,40.76546015632033],[68.5608856088561,40.829692284110365],[68.58248582485825,40.87656437736254],[68.66168661686618,40.96162854659798],[68.73728737287374,41.04148470547207],[68.85248852488525,41.12307686779994],[68.98568985689857,41.20466903012783],[69.04329043290434,41.263693147556495],[69.0648906489065,41.36611735132979],[69.15489154891549,41.425141468758454],[69.24849248492487,41.45986153783414],[69.36729367293674,41.49110960000226],[69.39969399693999,41.54145370016201],[69.56529565295654,41.628253872851246],[69.66249662496625,41.67165395919585],[69.78849788497885,41.697694011002625],[69.96129961299613,41.753246121523745],[70.09450094500946,41.82095025622132],[70.22410224102242,41.94594250489382],[70.32850328503287,42.02753466722169],[70.41490414904149,42.077878767381435],[70.49050490504905,42.079614770835235],[70.54090540905409,42.039686691398174],[70.58410584105843,42.0362146844906],[70.61290612906129,42.05531072248223],[70.66330663306633,42.10739082609578],[70.71370713707137,42.168150946978244],[70.76410764107641,42.19419099878502],[70.86130861308615,42.20807902641528],[70.94770947709478,42.24800710585234]],[[70.65250652506526,40.937324498245005],[70.6489064890649,40.96162854659798],[70.62010620106201,41.00155662603504],[70.57330573305734,41.024124670934214],[70.55170551705518,41.0154446536653],[70.56970569705697,40.98246058804341],[70.62370623706238,40.93385249133743],[70.65250652506526,40.937324498245005]]],[[[71.2069120691207,39.8922504190667],[71.15651156511566,39.88357040179778],[71.06291062910631,39.88530640525158],[71.01251012510127,39.89572242597427],[71.04491044910449,39.975578584848364],[71.04491044910449,39.99293861938622],[71.04131041310413,39.994674622839995],[71.01611016110161,40.00509064356271],[70.9729097290973,40.0380747091846],[70.96210962109623,40.08841880934435],[70.97650976509766,40.13355489914275],[71.00531005310054,40.15265093713438],[71.02331023310234,40.14917893022681],[71.0809108091081,40.07973879207543],[71.13131131311314,40.05890675063003],[71.22851228512286,40.048490729907314],[71.17811178111782,39.979050591755936],[71.21411214112143,39.906138446696986],[71.2069120691207,39.8922504190667]]],[[[71.77931779317794,39.94953853304159],[71.75411754117542,39.90787445015076],[71.70731707317074,39.91829047087347],[71.6677166771668,39.94606652613402],[71.68211682116822,39.96863457103322],[71.73611736117363,39.98078659520971],[71.76491764917651,39.99293861938622],[71.79011790117903,39.994674622839995],[71.77931779317794,39.94953853304159]]]]}},{"type":"Feature","id":"784","properties":{"name":"United Arab Emirates","code":"AE","label":[54.29266807627406,23.905129126244116]},"geometry":{"type":"MultiPolygon","coordinates":[[[[56.29916299162991,25.650078084218364],[56.36396363963641,25.57022192534427],[56.37116371163714,25.018172827040786],[56.38916389163893,24.979980751057525],[56.35316353163532,24.97303673724238],[56.31356313563137,24.931372654351563],[56.26676266762669,24.867140526561528],[56.20556205562056,24.834156460939624],[56.15516155161552,24.795964384956363],[56.10476104761048,24.749092291704187],[56.06516065160653,24.738676270981472],[56.007560075600765,24.79770038841015],[55.97155971559715,24.858460509292613],[55.97875978759788,24.872348536922885],[56.007560075600765,24.875820543830457],[56.01836018360186,24.907068605998575],[56.000360003600036,24.953940699250765],[55.96435964359645,24.969564730334824],[55.91755917559178,24.97130073378861],[55.87075870758707,24.95220469579698],[55.823958239582396,24.910540612906146],[55.79515795157951,24.868876530015314],[55.791557915579176,24.78207635732609],[55.805958059580604,24.683124160460366],[55.80235802358024,24.63625206720819],[55.77715777157772,24.577227949779513],[55.76995769957699,24.49042777709029],[55.78795787957881,24.422723642392683],[55.80235802358024,24.38279556295565],[55.805958059580604,24.349811497333732],[55.75915759157593,24.242179283199093],[55.798757987579876,24.223083245207462],[55.92835928359284,24.214403227938547],[55.96795967959682,24.143227086333383],[55.99315993159934,24.09288298617362],[55.98595985959861,24.06337092745929],[55.892358923589256,24.040802882560087],[55.780757807578084,24.016498834207113],[55.697956979569796,24.023442848022242],[55.546755467554675,23.992194785854124],[55.46755467554675,23.941850685694376],[55.49275492754927,23.908866620072473],[55.51795517955179,23.88629857517327],[55.53235532355325,23.818594440475664],[55.50715507155073,23.72485025397131],[55.46755467554675,23.63284207092073],[55.413554135541375,23.518265842970948],[55.35235352353524,23.388065583937106],[55.269552695526954,23.19016119020567],[55.20115201152012,23.033920879365056],[55.193951939519394,22.922816658322844],[55.193951939519394,22.849904513263894],[55.186751867518694,22.704080223145994],[55.118351183511834,22.624224064271914],[55.103951039510406,22.620752057364342],[55.02475024750248,22.631168078087043],[54.99954999549996,22.634640084994615],[54.9239492394924,22.643320102263544],[54.80514805148053,22.657208129893817],[54.65394653946541,22.676304167885448],[54.47034470344704,22.69887221278465],[54.26874268742688,22.723176261137624],[54.056340563405655,22.749216312944398],[53.83313833138331,22.776992368204944],[53.60993609936099,22.804768423465504],[53.393933939339405,22.830808475272264],[53.192331923319244,22.85511252362525],[53.01233012330124,22.877680568524454],[52.857528575285755,22.8950406030623],[52.74232742327425,22.910664634146357],[52.66672666726669,22.919344651415273],[52.6379263792638,22.922816658322844],[52.555125551255514,22.93323267904556],[52.50832508325084,22.98704878611288],[52.454324543245434,23.053016917356686],[52.40032400324003,23.11724904514672],[52.346323463234654,23.183217176390528],[52.288722887228886,23.24918530763435],[52.23472234722348,23.315153438878156],[52.18072180721808,23.379385566668176],[52.12312123121231,23.445353697911997],[52.06912069120693,23.511321829155804],[52.01512015120153,23.577289960399625],[51.961119611196125,23.641522088189646],[51.90351903519036,23.707490219433467],[51.84951849518495,23.773458350677274],[51.79551795517955,23.837690478467294],[51.73791737917381,23.903658609711115],[51.683916839168404,23.969626740954922],[51.629916299163,24.035594872198743],[51.59391593915939,24.078994958543348],[51.57231572315723,24.127603055249324],[51.56871568715687,24.25780331428315],[51.56871568715687,24.28557936954371],[51.60471604716048,24.337659473157245],[51.62271622716227,24.30120340062777],[51.66591665916661,24.250859300468022],[51.734317343173444,24.26301132464451],[51.76671766717669,24.254331307375594],[51.79191791917921,24.075522951635776],[51.84231842318425,24.011290823845755],[51.90711907119072,23.98525077203898],[52.11952119521197,23.971362744408708],[52.24912249122491,23.995666792761696],[52.5119251192512,24.11197902416525],[52.648726487264895,24.15537911050987],[53.02673026730267,24.146699093240954],[53.32913329133291,24.098090996534978],[53.80073800738009,24.070314941274432],[53.89433894338944,24.07725895508956],[54.14634146341464,24.17100314159393],[54.30474304743049,24.254331307375594],[54.398343983439844,24.278635355728568],[54.459544595445976,24.35849151460266],[54.499144991449924,24.46265172182973],[54.53514535145354,24.530355856527336],[54.58194581945821,24.56333992214924],[54.625146251462525,24.62062803612413],[54.65754657546577,24.71610822608227],[54.74754747547476,24.809852412586636],[55.09675096750968,25.040740871939988],[55.3019530195302,25.236909262217637],[55.319953199531994,25.299405386553886],[55.43515435154353,25.394885576512024],[55.521555215552155,25.49730978028532],[55.9427594275943,25.79416637088248],[56.02556025560256,25.91568661264739],[56.0759607596076,26.052830885496377],[56.07956079560796,26.063246906219078],[56.11556115561157,26.068454916580436],[56.16596165961661,26.04762287513502],[56.17316173161731,25.945198671361723],[56.15516155161552,25.8479824779498],[56.15156151561516,25.745558274176503],[56.14436144361446,25.690006163655397],[56.183961839618405,25.644870073857007],[56.24876248762487,25.625774035865376],[56.27756277562776,25.627510039319162],[56.29916299162991,25.650078084218364]],[[56.28116281162812,25.23517325876385],[56.28836288362885,25.27857334510847],[56.27756277562776,25.301141390007672],[56.234362343623445,25.30461339691523],[56.21636216362165,25.26642132093197],[56.209162091620925,25.21260521386465],[56.24156241562417,25.20913320695709],[56.28116281162812,25.23517325876385]]],[[[53.33273332733327,24.25780331428315],[53.25713257132571,24.252595303921808],[53.192331923319244,24.29078737990507],[53.33273332733327,24.341131480064817],[53.37233372333725,24.36369952496402],[53.4119341193412,24.410571618216196],[53.444334443344445,24.37064353877915],[53.40833408334083,24.308147414442914],[53.38313383133831,24.280371359182354],[53.33273332733327,24.25780331428315]]],[[[52.61632616326165,24.289051376451283],[52.598325983259855,24.28210736263614],[52.5839258392584,24.33592346970346],[52.5839258392584,24.351547500787518],[52.630726307263075,24.377587552594292],[52.655926559265595,24.332451462795888],[52.61632616326165,24.289051376451283]]],[[[53.92673926739269,24.177947155409072],[53.92673926739269,24.143227086333383],[53.82593825938261,24.153643107056084],[53.80073800738009,24.13628307251824],[53.71433714337144,24.14496308978717],[53.63513635136351,24.169267138140142],[53.68913689136892,24.210931221030975],[53.83313833138331,24.259539317736937],[53.89433894338944,24.214403227938547],[53.92673926739269,24.177947155409072]]],[[[54.466744667446676,24.4435556838381],[54.45594455944561,24.422723642392683],[54.42714427144273,24.42445964584647],[54.358743587435896,24.4435556838381],[54.333543335433376,24.47133173909866],[54.38034380343805,24.504315804720562],[54.398343983439844,24.506051808174348],[54.42714427144273,24.47133173909866],[54.466744667446676,24.4435556838381]]]]}},{"type":"Feature","id":"795","properties":{"name":"Turkmenistan","code":"TM","label":[59.44651184290143,39.125446626476545]},"geometry":{"type":"MultiPolygon","coordinates":[[[[53.109531095310956,38.803776253543816],[53.09873098730989,38.75690416029161],[53.04473044730449,38.89752044004817],[53.01953019530197,39.052024747434984],[53.05193051930519,39.09716083723339],[53.091530915309164,39.09368883032582],[53.05553055530555,39.038136719804726],[53.109531095310956,38.803776253543816]]],[[[55.97875978759788,41.32271726498516],[56.24156241562417,41.31056524080867],[56.47916479164792,41.300149220085956],[56.77436774367746,41.28799719590947],[56.86076860768608,41.27584517173298],[56.96516965169653,41.26542915101027],[57.01917019170193,41.263693147556495],[57.06597065970661,41.3070932339011],[57.09477094770949,41.3313972822541],[57.11997119971201,41.35049332024573],[57.112771127711284,41.371325361691135],[57.07677076770767,41.390421399682765],[57.01917019170193,41.45118152056523],[56.98316983169832,41.66991795574208],[56.96516965169653,41.85740632875081],[57.03357033570336,41.914694442725704],[57.112771127711284,41.95635852561654],[57.22797227972279,42.08482278119658],[57.289172891728924,42.12301485717984],[57.382773827738276,42.15599892280176],[57.68517685176852,42.16467894007067],[57.81477814778148,42.188982988423646],[57.85437854378546,42.23064707131448],[57.92277922779229,42.33480727854155],[57.944379443794446,42.419871447776984],[57.983979839798394,42.458063523760245],[58.027180271802735,42.48757558247459],[58.07398073980741,42.48583957902082],[58.1639816398164,42.46153553066782],[58.23238232382326,42.44764750303756],[58.2827828278283,42.42855146504593],[58.32598325983261,42.39903940633158],[58.36918369183692,42.346959302718034],[58.37638376383765,42.312239233642345],[58.39798397983981,42.293143195650714],[58.430384303843056,42.29140719219694],[58.455584555845576,42.29140719219694],[58.47358473584737,42.30008720946586],[58.48438484384846,42.317447244003716],[58.47718477184773,42.34001528890292],[58.41958419584196,42.405983420146725],[58.289982899829,42.527503661911624],[58.203582035820375,42.5761117586176],[58.160381603816035,42.602151810424374],[58.153181531815335,42.62819186223115],[58.20718207182074,42.66638393821441],[58.261182611826115,42.68895198311361],[58.354783547835495,42.67159194857575],[58.47718477184773,42.66291193130684],[58.531185311853136,42.68200796929847],[58.588785887858876,42.77922416271039],[58.72918729187293,42.676799958937096],[58.87678876788769,42.56222373098734],[58.93078930789309,42.53965568608814],[59.03519035190354,42.527503661911624],[59.12159121591216,42.52403165500408],[59.16119161191614,42.511879630827565],[59.200792007920086,42.48236757211325],[59.276392763927646,42.35563931998698],[59.35559355593557,42.32265525436506],[59.45279452794529,42.30008720946586],[59.762397623976256,42.30182321291966],[59.85959859598597,42.294879199104514],[59.93519935199353,42.23585508167582],[59.98559985599857,42.21155103332285],[60.00720007200073,42.190718991877446],[60,42.16467894007067],[59.98199981999821,42.131694874448755],[59.978399783997844,42.06746274665872],[59.97479974799748,42.01885464995277],[59.94959949599496,41.99455060159977],[59.94239942399426,41.97371856015437],[59.963999639996416,41.95462252216274],[60.10800108001081,41.90775042891056],[60.154801548015485,41.85740632875081],[60.1908019080191,41.83483828385161],[60.20160201602016,41.80359022168349],[60.17640176401764,41.78275818023806],[60.10800108001081,41.79317420096078],[60.07560075600756,41.76019013533886],[60.07560075600756,41.7011660179102],[60.122401224012236,41.645613907389105],[60.13680136801369,41.59353380377556],[60.104401044010444,41.54492570706958],[60.06840068400686,41.4754855689182],[60.06840068400686,41.426877472212226],[60.09000090000902,41.39910141695168],[60.20160201602016,41.34875731679193],[60.45360453604536,41.22202906466566],[60.514805148051494,41.21682105430432],[60.7560075600756,41.246333113018636],[60.867608676086775,41.248069116472436],[60.93240932409324,41.228973078480806],[61.119611196111975,41.21161304394295],[61.18081180811808,41.190781002497545],[61.24201242012421,41.189044999043745],[61.328413284132836,41.19425300940512],[61.386013860138604,41.25154112338001],[61.41841418414185,41.26542915101027],[61.44361443614437,41.27410916827921],[61.49761497614978,41.27584517173298],[61.64521645216453,41.23938909920352],[61.80001800018002,41.163004947237],[61.90441904419046,41.09356480908562],[61.9548195481955,41.03106868474936],[62.016020160201606,40.8939244119004],[62.09522095220953,40.683867993992465],[62.18882188821888,40.541515710782136],[62.29682296822969,40.466867562269385],[62.376023760237615,40.3314592928742],[62.44082440824408,40.03633870573083],[62.48402484024842,39.975578584848364],[62.527225272252736,39.94433052268025],[62.64962649626497,39.85926635344481],[62.90522905229054,39.71691407023448],[63.05643056430566,39.633585904452815],[63.290432904329066,39.4999136385114],[63.506435064350654,39.3766573932927],[63.72243722437224,39.1874330168302],[63.76203762037622,39.161392965023424],[63.95283952839529,39.05896876125013],[64.16164161641618,38.95307255056926],[64.30924309243093,38.97737659892226],[64.53244532445325,38.8159282777203],[64.62244622446227,38.75690416029161],[64.65844658446585,38.73607211884621],[64.82044820448206,38.671839991056174],[65.07605076050763,38.53990372856856],[65.40005400054002,38.348943348652256],[65.61245612456125,38.237839127610044],[65.67005670056702,38.22568710343356],[65.72765727657278,38.22568710343356],[65.78885788857889,38.24999115178653],[65.85725857258572,38.26908718977816],[65.97245972459726,38.24478314142519],[66.0948609486095,38.19964705162678],[66.17406174061742,38.166662986004866],[66.2640626406264,38.11805488929892],[66.3360633606336,38.07291879950051],[66.390063900639,38.05035075460131],[66.57366573665738,38.01042267516428],[66.60606606066062,37.98611862681129],[66.62766627666278,37.960078575004516],[66.62766627666278,37.93230251974397],[66.5268652686527,37.78647822962607],[66.51246512465124,37.59898985661734],[66.50886508865091,37.45837357686078],[66.52326523265234,37.349005359272354],[66.4728647286473,37.3455333523648],[66.35046350463506,37.368101397263985],[66.10926109261092,37.414973490516175],[65.90045900459006,37.50871767702054],[65.76365763657637,37.56947779790299],[65.74205742057421,37.560797780634076],[65.68445684456844,37.51913369774324],[65.64125641256413,37.46705359412971],[65.60885608856088,37.368101397263985],[65.55485554855551,37.25178916586043],[65.30285302853031,37.24658115549907],[65.09045090450905,37.23790113823014],[64.95004950049503,37.19276504843175],[64.8168481684817,37.13200492754929],[64.78084780847809,37.05909278249034],[64.7520475204752,36.96534859598597],[64.6728467284673,36.75008416771669],[64.60084600846008,36.553915777439045],[64.5648456484565,36.427187525312775],[64.5108451084511,36.34038735262354],[64.35964359643597,36.22581112467377],[64.18324183241833,36.149426972707246],[64.09324093240934,36.11297090017777],[64.050040500405,36.06783481037937],[64.0428404284043,36.02443472403476],[64.01044010440106,36.01228269985826],[63.93843938439386,36.019226713673405],[63.8628386283863,36.01228269985826],[63.69723697236972,35.96714661005987],[63.51723517235172,35.91333050299255],[63.30123301233013,35.857778392471445],[63.17883178831789,35.857778392471445],[63.12843128431285,35.845626368294944],[63.1068310683107,35.8178503130344],[63.12843128431285,35.76750621287465],[63.15003150031501,35.7275781334376],[63.1680316803168,35.67897003673163],[63.11763117631176,35.63730595384081],[63.08523085230854,35.56786581568943],[63.05643056430566,35.4463455739245],[62.9808298082981,35.40988950139503],[62.85842858428586,35.349129380512565],[62.72162721627217,35.27100922509227],[62.68922689226892,35.25538519400821],[62.610026100261024,35.23281714910901],[62.534425344253464,35.23976116292414],[62.46242462424624,35.25191318710064],[62.38682386823868,35.231081145655224],[62.30762307623078,35.17032102477276],[62.27162271622717,35.18941706276439],[62.25362253622538,35.250177183646855],[62.2140221402214,35.2901052630839],[62.0880208802088,35.3803774426807],[61.98361983619836,35.44287356701693],[61.93681936819368,35.44808157737829],[61.839618396183965,35.430721542840445],[61.72081720817209,35.41856951866396],[61.62001620016201,35.43245754629423],[61.54441544415445,35.458497598101005],[61.422014220142216,35.54529777079023],[61.378813788137876,35.59390586749619],[61.346413464134656,35.62862593657188],[61.26361263612637,35.619945919302964],[61.23841238412385,35.65987399874001],[61.234812348123484,35.7050100885384],[61.260012600126004,35.76229820251329],[61.252812528125304,35.868194413194146],[61.2060120601206,35.94284256170688],[61.152011520115224,35.97756263078257],[61.15921159211592,36.000130675681774],[61.18441184411844,36.05221077929531],[61.21321213212133,36.0990828725475],[61.21321213212133,36.19109105559808],[61.17361173611738,36.29004325246379],[61.15921159211592,36.43239553567412],[61.170011700117016,36.573011815430675],[61.119611196111975,36.642451953582054],[60.709207092070926,36.642451953582054],[60.34200342003422,36.637243943220696],[60.32040320403206,36.652867974304755],[60.180001800018005,36.82994032659079],[60.06120061200613,36.963612592532186],[59.94959949599496,37.041732747952494],[59.686796867968695,37.13894894136443],[59.560795607956095,37.17887702080148],[59.45639456394565,37.253525169314216],[59.366393663936634,37.333381328188295],[59.34479344793448,37.44448554923051],[59.326793267932686,37.48094162175998],[59.301593015930166,37.51045368047433],[59.27279272792728,37.5243417081046],[59.240392403924034,37.52086970119703],[58.93798937989382,37.649333956777085],[58.81558815588156,37.684054025852774],[58.70038700387005,37.65627797059223],[58.64998649986501,37.65106996023087],[58.54918549185493,37.687526032760346],[58.43398433984342,37.63891793605438],[58.387183871838715,37.63544592914681],[58.31878318783188,37.6475979533233],[58.261182611826115,37.66495798786114],[58.109981099810994,37.7830062227185],[57.98037980379806,37.829878315970674],[57.88677886778868,37.86112637813879],[57.71037710377104,37.90452646448341],[57.51957519575197,37.9288305128364],[57.42237422374225,37.94792655082803],[57.35397353973539,37.97396660263479],[57.3359733597336,37.98959063371885],[57.3359733597336,38.03299072006348],[57.332373323733236,38.08854283058457],[57.307173071730716,38.130206913475405],[57.26037260372604,38.17881501018138],[57.19197191971921,38.21700708616464],[57.080370803708036,38.2100630723495],[56.90756907569076,38.21353507925707],[56.77436774367746,38.24999115178653],[56.669966699667015,38.256935165601675],[56.543965439654414,38.24999115178653],[56.43956439564397,38.24999115178653],[56.367563675636774,38.222215096525986],[56.32436324363243,38.19096703435787],[56.29556295562958,38.095486844399716],[56.27036270362706,38.07986281331566],[56.22716227162272,38.07291879950051],[56.16956169561698,38.07812680986186],[56.05076050760508,38.07812680986186],[55.841958419584216,38.095486844399716],[55.57915579155792,38.09895885130729],[55.38115381153813,38.05035075460131],[55.22635226352264,37.98091061644993],[55.07515075150752,37.902790461029625],[54.89874898748988,37.77779821235714],[54.84834848348484,37.722246101836035],[54.7439474394744,37.5017736632054],[54.700747007470085,37.47052560103728],[54.63954639546395,37.44448554923051],[54.57834578345785,37.441013542322935],[54.459544595445976,37.40802947670103],[54.30114301143013,37.35421336963371],[54.19314193141932,37.33164532473451],[53.9159391593916,37.34379734891101],[53.89793897938981,37.41323748706239],[53.847538475384766,37.6701659982225],[53.822338223382246,37.92709450938261],[53.82593825938261,38.04687874769374],[53.854738547385494,38.28644722431602],[53.85113851138513,38.40623146262715],[53.84033840338404,38.51559968021556],[53.85113851138513,38.621495890896426],[53.872738727387286,38.74128012920755],[53.887138871388714,38.86453637442625],[53.86913869138692,38.94960054366172],[53.81513815138152,39.017304678359295],[53.72513725137253,39.10236884759473],[53.710737107371074,39.15271294775448],[53.703537035370374,39.21000106172937],[53.61713617136172,39.215209072090744],[53.5379353793538,39.27423318951941],[53.47673476734769,39.305481251687524],[53.33633336333364,39.340201320763214],[53.267932679326805,39.341937324217014],[53.20313203132031,39.31763327586401],[53.15633156331563,39.26555317225049],[53.12393123931241,39.34714533457836],[53.12393123931241,39.432209503813795],[53.235532355323556,39.60928185609984],[53.30393303933039,39.55720175248629],[53.39033390333904,39.53636971104089],[53.49833498334985,39.53289770413332],[53.602736027360294,39.54678573176358],[53.58113581135811,39.60754585264604],[53.53433534335343,39.64226592172173],[53.47313473134733,39.668305973528504],[53.45153451534517,39.7481621324026],[53.45873458734587,39.831490298184235],[53.48753487534876,39.90961045360456],[53.45513455134551,39.940858515772675],[53.40473404734047,39.959954553764305],[53.28953289532896,39.958218550310534],[53.13833138331384,39.979050591755936],[52.98712987129872,39.98773060902485],[52.95112951129511,39.89572242597427],[53.033930339303396,39.77420218420937],[52.965529655296564,39.833226301638035],[52.89712897128973,39.91308246051213],[52.80352803528035,40.05369874026866],[52.74592745927461,40.22035507183199],[52.73512735127352,40.39916342757181],[52.78552785527856,40.54672372114348],[52.85032850328503,40.685603997446236],[52.889928899289,40.862676349732254],[52.94392943929441,41.0380126985645],[52.99792997929981,40.95989254314421],[53.059130591305916,40.89045240499283],[53.14553145531457,40.82448427374899],[53.192331923319244,40.808860242664935],[53.33273332733327,40.78282019085819],[53.42273422734229,40.793236211580876],[53.519935199352005,40.83142828756414],[53.61353613536136,40.81927626338765],[53.69273692736928,40.7463641183287],[53.76473764737648,40.666507959454606],[53.86913869138692,40.649147924916775],[54.088740887408875,40.70643603889167],[54.19314193141932,40.720324066521925],[54.283142831428336,40.69428401471515],[54.32994329943301,40.68907600435381],[54.37674376743769,40.69254801126138],[54.33714337143371,40.76546015632033],[54.31914319143192,40.83490029447171],[54.373143731437324,40.8713563670012],[54.5459454594546,40.83142828756414],[54.65754657546577,40.85920434282468],[54.68634686346866,40.87309237045497],[54.71154711547118,40.89045240499283],[54.72234722347224,40.95121252587526],[54.71874718747188,41.01370865021153],[54.70434704347045,41.07099676418642],[54.6719467194672,41.121340864346166],[54.592745927459276,41.19425300940512],[54.283142831428336,41.36438134787599],[54.182341823418255,41.4320854825736],[54.0959409594096,41.51888565526281],[54.038340383403835,41.643877903935305],[53.99513995139952,41.772342159515375],[53.955539555395575,41.8678223494735],[53.847538475384766,42.09176679501172],[53.804338043380454,42.117806846818496],[53.753937539375414,42.12995887099498],[53.62433624336245,42.13690288481013],[53.494734947349485,42.11954285027227],[53.2859328593286,42.08135077428901],[53.16353163531636,42.093502798465494],[53.109531095310956,42.07093475356629],[52.96912969129693,41.97545456360817],[52.90432904329043,41.89559840473407],[52.81432814328144,41.71158203863291],[52.882728827288275,41.65255792120422],[52.882728827288275,41.61436584522096],[52.82872828728287,41.34181330297679],[52.86112861128612,41.209877040489175],[52.85032850328503,41.19946101976646],[52.82512825128251,41.23070908193458],[52.74592745927461,41.36611735132979],[52.60912609126092,41.52930167598552],[52.49392493924941,41.78102217678429],[52.69552695526957,41.94420650144002],[52.87192871928721,42.060518732843605],[53.01233012330124,42.12995887099498],[53.05553055530555,42.14731890553281],[53.24993249932501,42.206343022961505],[53.50193501935021,42.258423126575025],[53.685536855368554,42.296615202558286],[53.92673926739269,42.3295992681802],[54.005940059400615,42.33654328199535],[54.12114121141212,42.33480727854155],[54.214742147421475,42.30355921637343],[54.27234272342724,42.279255168020455],[54.473944739447404,42.18030297115473],[54.67914679146793,42.077878767381435],[54.85554855548557,41.96503854288545],[54.902349023490245,41.91990245308705],[54.93114931149313,41.864350342565956],[54.952749527495286,41.810534235498636],[55.10035100351004,41.63866989357396],[55.161551615516174,41.56054973815364],[55.2479524795248,41.45812553438037],[55.319953199531994,41.407781434220595],[55.388353883538855,41.34702131333816],[55.43515435154353,41.29667721317841],[55.48555485554857,41.27237316482541],[55.546755467554675,41.261957144102695],[55.679956799568004,41.279317178640554],[55.83835838358385,41.31056524080867],[55.93555935559357,41.32445326843896],[55.97875978759788,41.32271726498516]]]]}},{"type":"Feature","id":"792","properties":{"name":"Türkiye","code":"TR","label":[35.1729633922368,39.13707290920731]},"geometry":{"type":"MultiPolygon","coordinates":[[[[25.968859688596893,40.13702690605032],[25.73845738457385,40.105778843882206],[25.670056700567017,40.13529090259655],[25.742057420574213,40.196051023479015],[25.87525875258754,40.23424309946225],[25.918459184591853,40.23771510636982],[25.97605976059762,40.178690988941156],[25.968859688596893,40.13702690605032]]],[[[41.51021510215102,41.517149651809035],[41.57501575015752,41.498053613817405],[41.70101701017012,41.47201356201063],[41.78021780217804,41.44076549984251],[41.823418234182355,41.4320854825736],[41.924219242192436,41.49631761036363],[42.07902079020792,41.49458160690983],[42.21222212222122,41.48590158964092],[42.28062280622808,41.4754855689182],[42.36342363423634,41.4546535274728],[42.467824678246785,41.43902949638874],[42.50742507425076,41.47027755855686],[42.568625686256865,41.55881373469987],[42.59022590225902,41.570965758876355],[42.60822608226084,41.57964577614527],[42.6838268382684,41.586589789960414],[42.7558275582756,41.57964577614527],[42.78822788227882,41.56402174506121],[42.820628206282066,41.49284560345606],[42.90702907029072,41.46680555164929],[43.05823058230584,41.352229323699504],[43.14823148231483,41.3070932339011],[43.16983169831698,41.28799719590947],[43.1410314103141,41.26542915101027],[43.15183151831519,41.23591709229595],[43.205832058320595,41.19946101976646],[43.27783277832779,41.1855729921362],[43.36063360633608,41.190781002497545],[43.40383403834039,41.17689297486726],[43.432634326343276,41.156060933421855],[43.439834398344004,41.12654887470751],[43.439834398344004,41.10745283671588],[43.45423454234543,41.064052750371275],[43.5190351903519,41.00502863294258],[43.591035910359125,40.96857256041312],[43.63063630636307,40.92864448097609],[43.69543695436954,40.794972215034676],[43.724237242372425,40.720324066521925],[43.71343713437136,40.647411921462975],[43.666636666366685,40.574499776404025],[43.56943569435694,40.482491593353444],[43.59463594635946,40.44429951737018],[43.616236162361645,40.393955417210435],[43.60903609036092,40.355763341227174],[43.67743677436775,40.23945110982362],[43.709837098371,40.16653896476467],[43.68463684636848,40.14917893022681],[43.666636666366685,40.12661088532761],[43.792637926379285,40.07105877480652],[43.94023940239404,40.02245067810054],[44.00504005040051,40.013770660831625],[44.177841778417786,40.03633870573083],[44.28944289442896,40.0398107126384],[44.4010440104401,39.996410626293766],[44.55944559445595,39.887042408705355],[44.73224732247323,39.7464261289488],[44.76824768247684,39.70302604260419],[44.78264782647827,39.68393000461256],[44.81864818648188,39.650945938990645],[44.78264782647827,39.650945938990645],[44.7250472504725,39.68219400115879],[44.588245882458835,39.768994173848],[44.51624516245164,39.73080209786474],[44.45504455044551,39.666569970074704],[44.39024390243904,39.42179348309111],[44.336243362433635,39.395753431284334],[44.23904239042392,39.397489434738105],[44.12384123841238,39.40443344855325],[44.044640446404486,39.39228142437676],[44.0230402304023,39.3766573932927],[44.033840338403394,39.35061734148593],[44.059040590405914,39.310689262048896],[44.07344073440734,39.26034516188915],[44.08064080640807,39.218681078998316],[44.120241202412046,39.180489003015055],[44.177841778417786,39.144032930485565],[44.18144181441815,39.107576857956104],[44.17064170641706,39.055496754342556],[44.159841598415994,39.017304678359295],[44.14544145441454,38.99473663346009],[44.17064170641706,38.93397651257763],[44.23184231842319,38.86280037097248],[44.27144271442714,38.836760319165705],[44.25704257042571,38.70135204977052],[44.278642786427866,38.64059192888806],[44.29664296642966,38.55726376310639],[44.28944289442896,38.420119490257406],[44.30024300243002,38.38713542463552],[44.31824318243184,38.37498340045903],[44.37584375843758,38.36977539009766],[44.42984429844299,38.35762336592117],[44.45144451444514,38.33505532102197],[44.44784447844478,38.31769528648414],[44.37944379443795,38.255199162147875],[44.37224372243722,38.2100630723495],[44.35064350643506,38.145830944559464],[44.32904329043291,38.109374872029974],[44.2678426784268,38.038198730424824],[44.228242282422826,37.96702258881966],[44.210242102421034,37.90799847139098],[44.22464224642246,37.88022241613042],[44.336243362433635,37.87154239886151],[44.39744397443974,37.829878315970674],[44.55944559445595,37.74481414673524],[44.588245882458835,37.71009407765955],[44.54504545045452,37.658013974046014],[44.54504545045452,37.6371819326006],[44.56664566645668,37.60940587734004],[44.57744577445774,37.560797780634076],[44.57384573845738,37.506981673566756],[44.57384573845738,37.43580553196159],[44.60264602646026,37.42365350778509],[44.714247142471436,37.35768537654128],[44.79344793447936,37.28998124184369],[44.797047970479724,37.269149200398275],[44.75744757447575,37.21706909678474],[44.76824768247684,37.15630897590228],[44.764647646476476,37.142420948272004],[44.73224732247323,37.16498899317119],[44.671046710467124,37.17366901044012],[44.60624606246063,37.17540501389391],[44.56664566645668,37.15804497935606],[44.49464494644948,37.11117288610387],[44.4010440104401,37.05909278249034],[44.32544325443254,37.01048468578438],[44.28224282242823,36.97750062016247],[44.24624246242462,36.98270863052382],[44.21744217442176,37.01222068923816],[44.203042030420306,37.05214876867521],[44.20664206642067,37.203181069154454],[44.19224192241924,37.250053162406644],[44.15624156241563,37.28303722802855],[44.11304113041132,37.30213326602018],[44.06624066240664,37.31254928674288],[44.01224012240124,37.314285290196665],[43.94023940239404,37.269149200398275],[43.8358383583836,37.22401311059987],[43.67743677436775,37.22748511750744],[43.56943569435694,37.23616513477637],[43.515435154351565,37.244845152045286],[43.306633066330676,37.314285290196665],[43.263432634326364,37.31602129365045],[43.18423184231844,37.3455333523648],[43.09423094230942,37.368101397263985],[42.9358293582936,37.32470131091938],[42.86742867428674,37.33511733164208],[42.77382773827739,37.371573404171556],[42.74142741427414,37.361157383448855],[42.6370263702637,37.250053162406644],[42.45702457024572,37.12853292064172],[42.35982359823598,37.10943688265009],[42.3130231302313,37.22922112096123],[42.26982269822699,37.276093214213404],[42.24822248222483,37.28303722802855],[42.20142201422016,37.29692525565882],[42.16902169021691,37.288245238389905],[42.0610206102061,37.206653076062025],[41.88821888218882,37.15630897590228],[41.74421744217443,37.126796917187946],[41.51381513815139,37.088604841204685],[41.34101341013411,37.07124480666684],[41.26541265412655,37.069508803213054],[41.10341103411034,37.08513283429711],[40.959409594095945,37.10943688265009],[40.81540815408155,37.107700879196315],[40.707407074070744,37.0972848584736],[40.45180451804518,37.00874868233059],[40.01620016200164,36.826468319683215],[39.68499684996851,36.737932143540206],[39.501395013950145,36.70147607101073],[39.35739357393575,36.6823800330191],[39.108991089910916,36.680644029565315],[38.907389073890755,36.69453205719559],[38.7669876698767,36.6927960537418],[38.687786877868774,36.715364098641004],[38.579785797857994,36.788276243699954],[38.4429844298443,36.86292439221269],[38.38538385383853,36.87854842329675],[38.30618306183064,36.89417245438081],[38.1909819098191,36.90111646819595],[37.90657906579065,36.7952202575151],[37.816578165781664,36.76570819880075],[37.71937719377195,36.74314015390155],[37.524975249752515,36.67890802611153],[37.4349743497435,36.642451953582054],[37.32697326973272,36.645923960489625],[37.18657186571866,36.65633998121233],[37.06777067770679,36.652867974304755],[36.9849698496985,36.70321207446452],[36.94176941769419,36.75876418498562],[36.77616776167761,36.79348425406131],[36.65736657366574,36.80216427133023],[36.628566285662856,36.77786022297725],[36.596165961659636,36.70147607101073],[36.545765457654596,36.507043684186854],[36.53856538565387,36.456699584027106],[36.64296642966431,36.26400320065703],[36.635766357663584,36.234491141942684],[36.56376563765639,36.22407512121998],[36.477364773647736,36.22060311431241],[36.419764197641996,36.203243079774566],[36.376563765637655,36.17199501760645],[36.34776347763477,36.003602682589346],[36.250562505625055,35.972354620421214],[36.200162001620015,35.937634551345525],[36.15336153361534,35.83347434411846],[36.12816128161282,35.83173834066467],[35.966159661596635,35.90985849608498],[35.89415894158941,35.91680250990012],[35.95535955359554,35.99839467222799],[35.88695886958871,36.15984299342995],[35.81135811358115,36.30913929045542],[35.883358833588346,36.40635548386736],[36.0309603096031,36.52266771527091],[36.18936189361895,36.6598119881199],[36.18936189361895,36.74314015390155],[36.17856178561786,36.807372281691585],[36.13536135361355,36.8507723680362],[36.048960489604895,36.90979648546487],[35.9049590495905,36.84730036112863],[35.80055800558006,36.77786022297725],[35.73575735757359,36.763972195346966],[35.66015660156603,36.72404411590992],[35.62415624156242,36.652867974304755],[35.53775537755379,36.59731586378365],[35.39375393753937,36.57474781888446],[35.177751777517784,36.63550793976691],[34.943749437494375,36.725780119363705],[34.810548105481075,36.798692264422655],[34.70254702547027,36.8160522989605],[34.60174601746019,36.78480423679238],[34.299342993429946,36.60425987759879],[34.022140221402225,36.34038735262354],[33.95373953739539,36.29525126282515],[33.694536945369464,36.18241103832915],[33.52173521735219,36.14421896234589],[33.44253442534426,36.15289897961482],[33.100531005310074,36.102554879455056],[32.92772927729277,36.09561086563993],[32.79452794527947,36.03658674821125],[32.53532535325354,36.10081887600127],[32.37692376923769,36.184147041782936],[32.28332283322834,36.26747520756459],[32.13212132121322,36.44975557021196],[32.02052020520205,36.534819739447414],[31.77931779317794,36.61293989486772],[31.350913509135097,36.80042826787644],[31.239312393123953,36.82126030932186],[30.95130951309514,36.84903636458242],[30.645306453064535,36.86639639912026],[30.580505805058067,36.79695626096887],[30.55890558905591,36.526139722178485],[30.504905049050507,36.45149157366575],[30.48330483304835,36.310875293909206],[30.44730447304474,36.26921121101837],[30.386103861038606,36.24317115921161],[30.296102961029618,36.28830724901],[30.23130231302315,36.307403287001634],[30.083700837008365,36.25011517302674],[29.788497884978852,36.16852301069888],[29.687696876968772,36.156370986522376],[29.349293492934947,36.25879519029567],[29.223292232922347,36.32476332153948],[29.144091440914423,36.39767546659843],[29.11529115291154,36.52093171181714],[29.0648906489065,36.59037184996852],[29.05769057690577,36.63897994667448],[29.03969039690398,36.6927960537418],[28.971289712897146,36.715364098641004],[28.895688956889586,36.67370001575017],[28.81648816488166,36.67543601920396],[28.719287192871946,36.70147607101073],[28.485284852848537,36.80390027478401],[28.305283052830532,36.81258029205294],[28.197281972819724,36.68585203992667],[28.1108811088111,36.645923960489625],[28.020880208802083,36.633771936313124],[28.013680136801383,36.6702280088426],[28.08568085680858,36.75182017117048],[27.804878048780495,36.73619614008642],[27.65727657276574,36.67543601920396],[27.542075420754202,36.684116036472886],[27.455674556745578,36.71189209173343],[27.46647466474664,36.74661216080912],[27.556475564755658,36.75876418498562],[27.63207632076322,36.78654024024617],[27.93447934479346,36.80910828514537],[28.006480064800655,36.83167633004457],[28.082080820808216,36.92021250618758],[28.226082260822608,36.996596658154104],[28.244082440824428,37.02958072377601],[28.132481324813256,37.02958072377601],[27.668076680766802,37.007012678876805],[27.34767347673477,37.01916470305329],[27.311673116731185,36.98270863052382],[27.261272612726145,36.97576461670869],[27.250472504725053,37.079924823935755],[27.300873008730093,37.126796917187946],[27.369273692736925,37.12158890682659],[27.534875348753502,37.16325298971742],[27.520475204752046,37.24831715895286],[27.401674016740174,37.307341276381536],[27.376473764737653,37.34032534200344],[27.290072900729,37.349005359272354],[27.218072180721805,37.3889334387094],[27.203672036720377,37.4913576424827],[27.149671496714973,37.60419786697868],[27.066870668706684,37.658013974046014],[27.077670776707777,37.687526032760346],[27.225272252722533,37.72571810874361],[27.254072540725417,37.88195841958421],[27.23247232472326,37.97917461299615],[27.160471604716065,37.98611862681129],[26.944469444694448,38.0625027787778],[26.87966879668798,38.055558764962655],[26.807668076680784,38.13888693074432],[26.681666816668184,38.19791104817301],[26.62046620466205,38.17707900672758],[26.580865808658103,38.149302951467035],[26.523265232652335,38.16145497564352],[26.429664296642983,38.21353507925707],[26.332463324633267,38.24304713797139],[26.289262892628926,38.27776720704708],[26.34326343263433,38.36977539009766],[26.415264152641527,38.368039386643886],[26.429664296642983,38.44095153170284],[26.372063720637215,38.56247177346776],[26.379263792637943,38.624967897804],[26.440464404644047,38.64059192888806],[26.512465124651243,38.63017590816534],[26.588065880658803,38.55726376310639],[26.609666096660987,38.48608762150124],[26.59526595265953,38.418383486803634],[26.642066420664207,38.35241535555983],[26.674466744667455,38.33505532102197],[26.69606696066961,38.40623146262715],[26.72846728467286,38.418383486803634],[26.77166771667717,38.38887142808929],[26.861668616686188,38.37324739700523],[27.099270992709933,38.41491147989606],[27.142471424714245,38.45136755242555],[26.96966969669697,38.44789554551798],[26.908469084690864,38.48087961113987],[26.836468364683668,38.55726376310639],[26.796867968679692,38.62670390125777],[26.786067860678628,38.65968796687969],[26.764467644676444,38.710032067039435],[26.789667896678964,38.73607211884621],[26.908469084690864,38.77600019828324],[27.01287012870128,38.88710441932545],[26.96966969669697,38.91835248149357],[26.919269192691928,38.93397651257763],[26.865268652686524,38.92356049185494],[26.814868148681484,38.961752567838204],[26.807668076680784,39.01383267145172],[26.850868508685096,39.057232757796356],[26.85446854468546,39.11625687522502],[26.717667176671767,39.26034516188915],[26.681666816668184,39.291593224057266],[26.710467104671068,39.340201320763214],[26.814868148681484,39.418321476183536],[26.91206912069123,39.51727367304926],[26.897668976689772,39.55025773867115],[26.825668256682576,39.562409762847636],[26.483664836648387,39.5207456799568],[26.35046350463506,39.48428960742734],[26.112861128611286,39.466929572889484],[26.094860948609494,39.5207456799568],[26.102061020610222,39.56935377666278],[26.156061560615626,39.65615394935202],[26.148861488614898,39.87315438107507],[26.181261812618146,39.98946661247865],[26.314463144631446,40.02418668155434],[26.47646476464766,40.19778702693279],[26.739267392673923,40.40089943102558],[27.01287012870128,40.395691420664235],[27.12087120871209,40.45297953463913],[27.2828728287283,40.45645154154667],[27.31527315273152,40.414787458655866],[27.33327333273334,40.376595382672605],[27.477274772747734,40.31930726869771],[27.729277292772935,40.32798728596663],[27.790477904779067,40.35055533086583],[27.848078480784807,40.38180339303395],[27.7328773287733,40.48075558989967],[27.768877688776882,40.51026764861399],[27.873278732787327,40.51373965552156],[27.988479884798863,40.48943560716859],[27.995679956799563,40.466867562269385],[27.963279632796343,40.43561950010127],[27.92727927279273,40.38006738958018],[27.963279632796343,40.36965136885746],[28.28728287282874,40.40263543447935],[28.62928629286293,40.376595382672605],[28.737287372873737,40.39048341030286],[29.00729007290073,40.39048341030286],[29.054090540905406,40.42346747592478],[28.97488974889751,40.466867562269385],[28.895688956889586,40.482491593353444],[28.841688416884182,40.503323634798875],[28.787687876878778,40.53457169696699],[28.95688956889569,40.630051886925145],[29.054090540905406,40.649147924916775],[29.507695076950768,40.70817204234544],[29.84609846098462,40.737684101059784],[29.849698496984985,40.76025214595899],[29.799297992979945,40.76025214595899],[29.363693636936375,40.808860242664935],[29.25929259292593,40.847052318648196],[29.11529115291154,40.937324498245005],[29.08289082890829,40.96336455005178],[29.046890468904706,41.00676463639638],[29.068490684906862,41.102244826354536],[29.093690936909383,41.17689297486726],[29.147691476914787,41.22029306121189],[29.320493204932063,41.227237075027006],[29.918099180991817,41.150852923060484],[30.346503465034658,41.19772501631269],[30.81090810908111,41.08488479181668],[31.25371253712538,41.10745283671588],[31.347313473134733,41.15779693687563],[31.458914589145905,41.319245258077586],[32.08532085320854,41.590061796867985],[32.304923049230496,41.72894207317074],[32.54252542525427,41.807062228591064],[32.94572945729459,41.8921263978265],[33.284132841328415,42.004966622322485],[33.38133381333813,42.01711864649897],[34.19134191341914,41.96330253943165],[34.74934749347494,41.95635852561654],[35.00495004950051,42.063990739751176],[35.15615156151563,42.02753466722169],[35.14175141751417,41.989342591238426],[35.112951129511316,41.95635852561654],[35.12375123751238,41.8903903943727],[35.21015210152103,41.79491020441455],[35.296552965529656,41.72894207317074],[35.55935559355595,41.63346188321259],[35.91935919359193,41.713318042086684],[35.9769597695977,41.70463802481777],[36.05256052560526,41.682069979918566],[36.17856178561786,41.426877472212226],[36.27936279362794,41.336605292615445],[36.40536405364054,41.27410916827921],[36.509765097650984,41.261957144102695],[36.585365853658544,41.32618927189273],[36.64656646566468,41.352229323699504],[36.77616776167761,41.36264534442222],[36.99216992169923,41.27584517173298],[37.06777067770679,41.1838369886824],[37.431374313743135,41.11439685053102],[37.766177661776624,41.07967678145533],[37.910179101791016,41.00155662603504],[38.3817838178382,40.92517247406852],[38.55818558185584,40.937324498245005],[38.85338853388535,41.0171806571191],[39.425794257942584,41.10571683326211],[39.80739807398075,40.98246058804341],[39.911799117991194,40.96683655695935],[40.00180001800018,40.97725257768204],[40.12780127801278,40.94253250860635],[40.264602646026475,40.96162854659798],[40.68580685806859,41.10745283671588],[40.81900819008192,41.190781002497545],[40.959409594095945,41.21161304394295],[41.08181081810818,41.261957144102695],[41.413014130141306,41.42340546530468],[41.51021510215102,41.517149651809035]]],[[[28.013680136801383,41.968510549793024],[27.988479884798863,41.85567032529701],[28.049680496804967,41.72894207317074],[28.197281972819724,41.555341727792296],[28.34488344883451,41.46680555164929],[28.946089460894626,41.248069116472436],[29.05769057690577,41.228973078480806],[29.03249032490325,41.1404369023378],[28.996489964899666,41.0605807434637],[28.95688956889569,41.008500639850155],[28.78048780487805,40.973780570774466],[28.29448294482947,41.07099676418642],[28.172081720817204,41.081412784909105],[28.08568085680858,41.0605807434637],[27.923679236792367,40.991140605312324],[27.747277472774726,41.01370865021153],[27.49887498874989,40.973780570774466],[27.430474304743058,40.84010830483305],[27.25767257672578,40.687340000900036],[26.973269732697332,40.56408375568134],[26.77166771667717,40.4981156244375],[26.46926469264693,40.26201915472282],[26.328863288632903,40.123138878420065],[26.271262712627134,40.09709882661329],[26.202862028620302,40.07453078171409],[26.22446224462246,40.142234916411695],[26.260462604626042,40.20299503729413],[26.253262532625342,40.248131127092535],[26.253262532625342,40.31409925833634],[26.354063540635423,40.39048341030286],[26.447664476644775,40.44429951737018],[26.72126721267213,40.54498771768971],[26.793267932679328,40.62657988001757],[26.57726577265774,40.62484387656377],[26.361263612636122,40.60574783857214],[26.22446224462246,40.61789986274866],[26.105661056610586,40.610955848933514],[26.06606066060661,40.683867993992465],[26.037260372603726,40.72726808033707],[26.069660696606974,40.739420104513556],[26.10926109261092,40.74983612523627],[26.177661776617782,40.82622027720279],[26.24246242462425,40.883508391177685],[26.332463324633267,40.954684532782835],[26.354063540635423,40.99634861567367],[26.354063540635423,41.03627669511073],[26.332463324633267,41.064052750371275],[26.328863288632903,41.097036815993164],[26.32526325263254,41.14390890924537],[26.332463324633267,41.23938909920352],[26.537665376653763,41.34354930643059],[26.60246602466026,41.353965327153276],[26.624066240662415,41.40257342385925],[26.609666096660987,41.51194164144769],[26.580865808658103,41.6004778175907],[26.54486544865449,41.607421831405844],[26.49446494464945,41.63346188321259],[26.462064620646203,41.662973941926936],[26.411664116641163,41.69595800754885],[26.321663216632174,41.716790048994255],[26.31806318063181,41.7445661042548],[26.328863288632903,41.772342159515375],[26.361263612636122,41.80185421822969],[26.512465124651243,41.826158266582695],[26.530465304653063,41.8469903080281],[26.548465484654855,41.897334408187845],[26.580865808658103,41.94767850834759],[26.616866168661687,41.96503854288545],[26.67806678066782,41.96330253943165],[26.800468004680056,41.97545456360817],[26.883268832688344,41.991078594692226],[26.96966969669697,42.02753466722169],[27.01287012870128,42.058782729389804],[27.192871928719285,42.077878767381435],[27.243272432724325,42.093502798465494],[27.293672936729365,42.079614770835235],[27.362073620736226,42.025798663767915],[27.47367473674737,41.94767850834759],[27.534875348753502,41.92163845654082],[27.581675816758178,41.932054477263534],[27.660876608766102,41.96156653597788],[27.740077400774027,41.96156653597788],[27.80127801278013,41.95635852561654],[27.83367833678338,41.98066257396951],[27.880478804788055,41.985870584330854],[28.013680136801383,41.968510549793024]]]]}},{"type":"Feature","id":"626","properties":{"name":"Timor-Leste","code":"TL","label":[125.84582349679613,-8.829197284511134]},"geometry":{"type":"MultiPolygon","coordinates":[[[[125.64665646656465,-8.139493140243886],[125.57825578255785,-8.31135748216856],[125.50625506255062,-8.274901409639085],[125.58545585455857,-8.179421219680933],[125.62145621456216,-8.149909160966601],[125.64665646656465,-8.139493140243886]]],[[[125.06705067050672,-9.512671872187454],[125.0346503465035,-9.382471613153612],[124.99864998649986,-9.325183499178735],[124.969849698497,-9.293935437010603],[124.95904959049591,-9.25400735757357],[124.95904959049591,-9.214079278136523],[124.97704977049773,-9.194983240144893],[125.09945099450994,-9.189775229783535],[125.14985149851498,-9.123807098539729],[125.14985149851498,-9.042214936211849],[125.12465124651249,-9.016174884405075],[125.09945099450994,-9.004022860228588],[124.97344973449736,-9.064782981111051],[124.93744937449378,-9.05263095693455],[124.9158491584916,-9.031798915489148],[124.92304923049232,-8.943262739346125],[125.02745027450277,-8.859934573564473],[125.11745117451176,-8.70716626963143],[125.17865178651789,-8.648142152202766],[125.32265322653228,-8.590854038227874],[125.38025380253805,-8.575230007143816],[125.8050580505805,-8.49190184136215],[125.90585905859058,-8.486693831000792],[126.17226172261724,-8.488429834454578],[126.53226532265325,-8.471069799916734],[126.61866618666187,-8.458917775740247],[126.7338673386734,-8.422461703210772],[126.84546845468458,-8.377325613412367],[126.90306903069029,-8.340869540882892],[126.96786967869679,-8.316565492529918],[127.05787057870577,-8.347813554698035],[127.21627216272162,-8.372117603051024],[127.25587255872557,-8.394685647950212],[127.29547295472958,-8.424197706664557],[127.11547115471154,-8.58391002441273],[126.91386913869138,-8.715846286900359],[126.79146791467917,-8.755774366337405],[126.66546665466655,-8.781814418144165],[126.56826568265683,-8.832158518303928],[126.48546485464857,-8.912014677178007],[126.38106381063812,-8.957150766976412],[126.26586265862659,-8.97277479806047],[126.16506165061651,-8.997078846413459],[126.07146071460716,-9.043950939665635],[125.94545945459458,-9.123807098539729],[125.89505895058954,-9.132487115808644],[125.84105841058414,-9.130751112354858],[125.7366573665737,-9.160263171069204],[125.4090540905409,-9.276575402472758],[125.21105211052111,-9.403303654599029],[125.06705067050672,-9.512671872187454]]],[[[124.03744037440373,-9.340807530262794],[124.19944199441994,-9.255743361027342],[124.44424444244441,-9.189775229783535],[124.43704437044374,-9.238383326489497],[124.4118441184412,-9.31476747845602],[124.37584375843761,-9.349487547531709],[124.31824318243184,-9.413719675321744],[124.28224282242826,-9.427607702952017],[124.1346413464135,-9.413719675321744],[124.11664116641168,-9.422399692590659],[124.09144091440913,-9.417191682229316],[124.05184051840519,-9.375527599338483],[124.03744037440373,-9.340807530262794]]]]}},{"type":"Feature","id":"764","properties":{"name":"Thailand","code":"TH","label":[101.00099374320905,15.083065567941238]},"geometry":{"type":"MultiPolygon","coordinates":[[[[102.60642606426063,11.676986284706615],[102.58842588425887,11.572826077479533],[102.53442534425346,11.614490160370366],[102.54522545225456,11.668306267437686],[102.57042570425705,11.690874312336888],[102.60642606426063,11.676986284706615]]],[[[102.42642426424266,11.989466906387833],[102.43002430024302,11.965162858034844],[102.37962379623798,11.982522892572689],[102.36162361623616,11.973842875303774],[102.30042300423003,11.980786889118903],[102.27162271622717,12.119667165421674],[102.2788227882279,12.152651231043578],[102.31842318423185,12.142235210320862],[102.37962379623798,12.072795072169484],[102.40842408424083,12.025922978917308],[102.42642426424266,11.989466906387833]]],[[[98.4087840878409,7.902914776179031],[98.39798397983981,7.828266627666295],[98.35838358383586,7.830002631120081],[98.31518315183155,7.7831305378678906],[98.29718297182973,7.776186524052761],[98.26118261182614,7.925482821078219],[98.30078300783009,8.135539238986155],[98.32238322383228,8.166787301154272],[98.35118351183513,8.111235190633167],[98.43398433984339,8.085195138826407],[98.39798397983981,7.965410900515266],[98.4087840878409,7.902914776179031]]],[[[100.12240122401226,20.31707547419225],[100.11520115201154,20.258051356763588],[100.14040140401403,20.245899332587086],[100.1728017280173,20.27193938439386],[100.21960219602198,20.339643519091453],[100.26640266402666,20.377835595074714],[100.3168031680317,20.386515612343644],[100.37440374403747,20.339643519091453],[100.43200432004323,20.240691322225743],[100.49320493204931,20.18340320825085],[100.51840518405186,20.178195197889494],[100.54000540005399,20.13305910809109],[100.54360543605435,20.0879230182927],[100.5148051480515,19.995914835242118],[100.46800468004682,19.88828262110748],[100.3960039600396,19.75634635861985],[100.42120421204214,19.64524213757764],[100.5148051480515,19.55323395452706],[100.62640626406267,19.49941784745974],[100.74520745207451,19.515041878543798],[100.80640806408064,19.541081930350572],[100.85680856808568,19.584482016695176],[100.90720907209072,19.605314058140593],[100.96480964809649,19.61052206850195],[101.15561155611556,19.579274006333833],[101.21321213212133,19.5480259441657],[101.22041220412206,19.487265823283252],[101.19881198811987,19.327553505535064],[101.22761227612278,19.21124127413151],[101.28161281612819,19.089721032366583],[101.28521285212855,18.9768808078706],[101.22041220412206,18.79286444176944],[101.16641166411665,18.617528092937192],[101.10521105211052,18.53419992715554],[101.06201062010621,18.478647816634435],[101.04761047610475,18.44219174410496],[101.05121051210511,18.40747167502927],[101.09441094410943,18.355391571415723],[101.1376113761138,18.28768743671813],[101.14841148411483,18.221719305474323],[101.14481144811447,18.14186314660023],[101.11241112411125,18.03423093246559],[101.00081000810007,17.79639845929711],[100.90720907209072,17.584606037935387],[100.95760957609576,17.541205951590783],[101.04401044010439,17.509957889422665],[101.10521105211052,17.478709827254534],[101.16641166411665,17.49954186869995],[101.29961299612995,17.624534117372434],[101.41481414814149,17.7182783038768],[101.55521555215552,17.812022490381167],[101.56241562415624,17.820702507650097],[101.68841688416887,17.890142645801475],[101.74241742417428,17.95263877013771],[101.7748177481775,18.03423093246559],[101.81801818018181,18.065478994633708],[101.87561875618758,18.046382956642077],[101.94761947619475,18.081103025717766],[102.03402034020343,18.16963920186079],[102.10242102421023,18.211303284751608],[102.1492214922149,18.20435927093648],[102.23202232022322,18.148807160415373],[102.35082350823507,18.046382956642077],[102.45882458824588,17.983886832305842],[102.55242552425523,17.96479079431421],[102.59922599225996,17.92659871833095],[102.5956259562596,17.86931060435606],[102.61722617226172,17.832854531826584],[102.66042660426604,17.817230500742525],[102.67842678426786,17.824174514557654],[102.67482674826749,17.851950569818214],[102.7180271802718,17.89187864925526],[102.80802808028079,17.94569475632258],[102.89802898028984,17.9769428184907],[102.99162991629919,17.985622835759628],[103.05283052830532,18.029022922104232],[103.09243092430927,18.138391139692658],[103.15003150031504,18.221719305474323],[103.20043200432008,18.259911381457584],[103.26163261632615,18.279007419449215],[103.27963279632797,18.305047471255975],[103.24723247232475,18.339767540331664],[103.25083250832512,18.37275160595358],[103.2868328683287,18.409207678483057],[103.3660336603366,18.42309570611333],[103.48843488434886,18.417887695751972],[103.62883628836289,18.383167626676283],[103.7908379083791,18.317199495432476],[103.89883898838991,18.294631450533274],[103.94923949239495,18.318935498886248],[104.05004050040503,18.216511295112966],[104.19764197641979,17.989094842667186],[104.32364323643236,17.81549449728874],[104.4280442804428,17.69918226588517],[104.53964539645398,17.608910086288375],[104.65484654846551,17.54641396195214],[104.74124741247414,17.46134979271669],[104.81684816848167,17.29990147151473],[104.75924759247596,17.077693029430307],[104.7448474484745,16.88499664606023],[104.75204752047523,16.64716417289175],[104.82044820448203,16.466619813698145],[104.95004950049503,16.339891561571875],[105.02565025650256,16.237467357798593],[105.04725047250474,16.16108320583207],[105.14805148051482,16.09337907113448],[105.33165331653316,16.037826960613373],[105.40725407254075,15.987482860453625],[105.37485374853748,15.94234677065522],[105.37485374853748,15.890266667041686],[105.40005400054002,15.829506546159223],[105.46125461254616,15.780898449453261],[105.56205562055624,15.740970370016214],[105.62325623256231,15.699306287125381],[105.64125641256413,15.655906200780777],[105.63765637656377,15.586466062629384],[105.61605616056164,15.487513865763674],[105.57285572855727,15.412865717250938],[105.5116551165512,15.360785613637404],[105.50445504455047,15.319121530746571],[105.49005490054901,15.256625406410322],[105.49005490054901,15.128161150830266],[105.53325533255332,15.041360978141043],[105.54765547655478,14.931992760552617],[105.52245522455223,14.843456584409608],[105.5008550085501,14.661176221762233],[105.49725497254974,14.590000080157068],[105.47565475654756,14.530975962728391],[105.42165421654215,14.471951845299714],[105.34245342453426,14.416399734778608],[105.24525245252454,14.367791638072646],[105.1840518405184,14.34695959662723],[105.16965169651695,14.336543575904528],[105.12645126451264,14.280991465383423],[105.07245072450723,14.227175358316103],[105.03285032850329,14.227175358316103],[105.00405004050043,14.254951413576649],[104.98244982449825,14.289671482652338],[104.96804968049679,14.36605563461886],[104.8780487804878,14.404247710602121],[104.77724777247772,14.428551758955109],[104.57564575645756,14.390359682971848],[104.41004410044104,14.369527641526432],[104.22644226442264,14.395567693333192],[104.0536405364054,14.362583627711288],[103.98163981639817,14.357375617349945],[103.89883898838991,14.362583627711288],[103.81963819638196,14.362583627711288],[103.74043740437406,14.37473565188779],[103.60003600036003,14.421607745139966],[103.54603546035463,14.418135738232394],[103.4308343083431,14.378207658795347],[103.3120331203312,14.352167606988587],[103.20043200432008,14.333071568996957],[103.03123031230314,14.253215410122863],[102.90882908829087,14.136903178719308],[102.87282872828729,14.055311016391428],[102.81162811628116,13.971982850609777],[102.7288272882729,13.841782591575935],[102.62082620826209,13.716790342903437],[102.54522545225456,13.65950222892856],[102.56682566825668,13.626518163306642],[102.54522545225456,13.584854080415823],[102.43002430024302,13.567494045877979],[102.33642336423367,13.560550032062835],[102.31842318423185,13.539717990617419],[102.32922329223294,13.287997489818665],[102.36162361623616,13.192517299860512],[102.42282422824229,13.077941071910729],[102.46242462424624,13.015444947574494],[102.49122491224915,12.82795657456576],[102.49842498424988,12.669980260271373],[102.62802628026282,12.569292059951863],[102.70362703627035,12.492907907985341],[102.75402754027539,12.426939776741534],[102.73602736027362,12.383539690396915],[102.70722707227071,12.25507543481686],[102.73602736027362,12.090155106707329],[102.91962919629196,11.73253839522772],[102.93402934029342,11.706498343420947],[102.91242912429124,11.703026336513375],[102.88362883628838,11.772466474664768],[102.79002790027903,11.888778706068322],[102.76122761227612,12.01203495128702],[102.65322653226531,12.149179224136006],[102.5956259562596,12.202995331203326],[102.57402574025741,12.157859241404935],[102.54162541625419,12.109251144698959],[102.43362433624338,12.178691282850338],[102.3436234362344,12.253339431363074],[102.26082260822608,12.39395571111963],[102.25002250022499,12.360971645497713],[102.22842228422286,12.331459586783382],[102.1348213482135,12.442563807825593],[102.03402034020343,12.531099983968602],[101.94401944019444,12.564084049590505],[101.89001890018903,12.593596108304851],[101.83601836018363,12.640468201557027],[101.72441724417246,12.689076298263004],[101.44361443614434,12.619636160111611],[101.09081090810906,12.67345226717893],[100.9540095400954,12.621372163565397],[100.89640896408963,12.6543562291873],[100.86400864008641,12.715116350069763],[100.89640896408963,12.81754055384306],[100.90360903609036,13.034540985566125],[100.94680946809467,13.187309289499154],[100.92520925209254,13.303621520902723],[100.94680946809467,13.357437627970043],[100.96120961209613,13.43208577648278],[100.90720907209072,13.46159783519711],[100.65520655206552,13.520621952625788],[100.60120601206012,13.567494045877979],[100.53640536405368,13.513677938810659],[100.23400234002344,13.484165880096313],[100.12240122401226,13.439029790297923],[100.01800018000182,13.353965621062471],[99.98919989199891,13.24286140002026],[100.05040050400504,13.171685258415096],[100.09000090000899,13.044957006288826],[99.98199981999824,12.77066846059087],[99.96399963999642,12.690812301716775],[100.00720007200073,12.354027631682584],[99.98919989199891,12.170011265581422],[99.9315993159932,12.046755020362724],[99.83799837998379,11.937386802774299],[99.79839798397984,11.74816242631178],[99.72639726397267,11.661362253622556],[99.62559625596259,11.463457859891108],[99.5607956079561,11.215209365999925],[99.51399513995142,11.100633138050142],[99.4851948519485,10.888840716688435],[99.28359283592835,10.569416081192074],[99.23679236792367,10.388871721998484],[99.1647916479165,10.319431583847106],[99.189991899919,10.265615476779786],[99.19359193591936,10.175343297182991],[99.16839168391687,9.934038817106938],[99.16119161191614,9.734398419921718],[99.189991899919,9.626766205787078],[99.28719287192871,9.414973784425356],[99.26559265592658,9.352477660089122],[99.25479254792549,9.265677487399884],[99.33399333993339,9.225749407962837],[99.39519395193952,9.21359738378635],[99.72279722797231,9.31428558410586],[99.83439834398342,9.288245532299086],[99.87759877598779,9.19450134579472],[99.90639906399065,9.112909183466854],[99.96039960399605,8.671964306205581],[99.98919989199891,8.588636140423915],[100.05760057600577,8.510515985003607],[100.12960129601299,8.428923822675742],[100.15480154801548,8.442811850306015],[100.15840158401585,8.474059912474132],[100.16200162001621,8.508779981549836],[100.23040230402307,8.42545181576817],[100.28080280802811,8.269211504927569],[100.45360453604536,7.442873860926127],[100.5040050400504,7.3369776502452595],[100.54360543605435,7.227609432656834],[100.4392043920439,7.281425539724168],[100.41040410404105,7.463705902371544],[100.3816038160382,7.5418260577918375],[100.34200342003419,7.552242078514553],[100.28440284402848,7.552242078514553],[100.28080280802811,7.58349014068267],[100.32400324003243,7.6442502615651335],[100.3168031680317,7.715426403170298],[100.25560255602556,7.774450520598975],[100.15840158401585,7.727578427346785],[100.16200162001621,7.599114171766729],[100.20520205202052,7.500161974901019],[100.3708037080371,7.279689536270382],[100.4248042480425,7.187681353219801],[100.48960489604895,7.161641301413027],[100.58680586805872,7.1755293290433],[100.7020070200702,7.0817851425389335],[100.79200792007919,6.99498496984971],[101.0188101881019,6.861312703908297],[101.15561155611556,6.875200731538584],[101.30321303213032,6.908184797160487],[101.40041400414003,6.899504779891558],[101.49761497614975,6.864784710815869],[101.61281612816128,6.753680489773657],[101.80001800017999,6.474183933714357],[102.10242102421023,6.2415594709072195],[102.07002070020701,6.184271356932328],[102.05562055620555,6.097471184243105],[101.93681936819371,5.979422949385764],[101.91881918819189,5.911718814688157],[101.87201872018721,5.824918641998934],[101.78921789217895,5.77978255220053],[101.7208172081721,5.7711025349316145],[101.67761677616778,5.778046548746758],[101.64881648816487,5.795406583284603],[101.60201602016019,5.876998745612468],[101.5768157681577,5.901302793965456],[101.55521555215552,5.908246807780586],[101.4040140401404,5.850958693805708],[101.25641256412564,5.790198572923245],[101.23121231212315,5.7329104589483535],[101.19161191611914,5.668678331158318],[101.14841148411483,5.642638279351559],[101.11241112411125,5.637430268990201],[101.08001080010803,5.675622344973462],[101.02601026010262,5.724230441679424],[100.98280982809831,5.7711025349316145],[100.99360993609935,5.845750683444351],[101.07641076410766,5.956854904486562],[101.08721087210876,6.033239056453084],[101.07641076410766,6.166911322394483],[101.05481054810548,6.243295474361005],[101.02961029610299,6.245031477814791],[100.99000990009898,6.257183501991278],[100.8748087480875,6.245031477814791],[100.81720817208173,6.331831650504014],[100.79200792007919,6.425575837008381],[100.7560075600756,6.46029590608407],[100.71640716407165,6.481127947529487],[100.63000630006303,6.448143881907583],[100.56520565205653,6.467239919899214],[100.34560345603455,6.550568085680865],[100.2628026280263,6.682504348168493],[100.21600216002162,6.685976355076065],[100.17640176401767,6.672088327445792],[100.16200162001621,6.64084026527766],[100.13680136801366,6.48807196134463],[100.1188011880119,6.44119986809244],[99.87039870398706,6.7502084828660855],[99.69759697596976,6.87693673499237],[99.71919719197194,7.106089190891922],[99.6687966879669,7.151225280690326],[99.6039960399604,7.154697287597884],[99.55359553595537,7.218929415387919],[99.59679596795968,7.35607368823689],[99.52839528395288,7.33003363643013],[99.43479434794347,7.335241646791488],[99.35919359193593,7.371697719320963],[99.30159301593017,7.560922095783468],[99.26199261992622,7.6182102097583595],[99.18279182791827,7.71889841007787],[99.07839078390782,7.71889841007787],[99.04239042390424,7.765770503330046],[99.04959049590497,7.887290745094958],[98.97398973989743,7.9619388936076945],[98.87318873188735,8.024435017943944],[98.79038790387904,8.059155087019633],[98.70398703987041,8.257059480751067],[98.63558635586355,8.305667577457044],[98.57798577985778,8.343859653440305],[98.49878498784989,8.31781960163353],[98.4735847358474,8.246643460028366],[98.41958419584199,8.178939325330774],[98.36198361983622,8.187619342599689],[98.30438304383046,8.22581141858295],[98.23958239582396,8.423715812314384],[98.2251822518225,8.543500050625525],[98.24318243182432,8.76744449616372],[98.32598325983258,8.968820896802725],[98.37278372783732,9.289981535752872],[98.44478444784448,9.493093939845664],[98.49158491584916,9.560798074543257],[98.56358563585638,9.836822623695],[98.70398703987041,10.19096732826705],[98.71838718387187,10.265615476779786],[98.74718747187472,10.350679646015223],[98.76878768787691,10.430535804889317],[98.77598775987764,10.557264057015587],[98.75798757987582,10.623232188259394],[98.75798757987582,10.661424264242655],[98.78678786787867,10.708296357494845],[98.88758887588875,10.788152516368925],[99.02439024390247,10.920088778856552],[99.189991899919,11.1058411484115],[99.35919359193593,11.388809711378372],[99.4419944199442,11.553730039487903],[99.47799477994784,11.61275415691658],[99.51399513995142,11.630114191454425],[99.57159571595719,11.687402305429316],[99.61119611196114,11.749898429765565],[99.6147961479615,11.781146491933683],[99.52119521195215,12.090155106707329],[99.46359463594638,12.190843307026839],[99.4311943119431,12.30889154188418],[99.4167941679417,12.395691714573417],[99.39519395193952,12.47381186999371],[99.40599405994061,12.548460018506447],[99.37359373593739,12.593596108304851],[99.2979929799298,12.652620225733529],[99.2187921879219,12.739420398422752],[99.17199171991723,12.88177268163308],[99.17199171991723,12.961628840507174],[99.12519125191255,13.031068978658553],[99.10719107191073,13.103981123717503],[99.13599135991359,13.173421261868882],[99.1755917559176,13.232445379297559],[99.17199171991723,13.496317904272814],[99.15759157591577,13.576174063146894],[99.13599135991359,13.716790342903437],[99.08559085590855,13.822686553584305],[99.01359013590138,13.947678802256789],[98.93438934389343,14.05010300603007],[98.72198721987223,14.235855375585018],[98.57078570785711,14.359111620803716],[98.49518495184952,14.4736878487535],[98.40158401584017,14.602152104333555],[98.33318333183331,14.695896290837922],[98.24678246782469,14.813944525695277],[98.20358203582038,14.975392846897236],[98.17838178381783,15.147257188821897],[98.19278192781928,15.204545302796788],[98.23238232382323,15.241001375326263],[98.28638286382863,15.272249437494395],[98.32958329583295,15.279193451309524],[98.45198451984521,15.357313606729832],[98.53838538385384,15.350369592914689],[98.55638556385566,15.367729627452533],[98.56358563585638,15.404185699982008],[98.55278552785529,15.560426010822624],[98.55998559985602,15.768746425276774],[98.57438574385748,15.938874763747648],[98.59238592385924,16.04997898478986],[98.81918819188195,16.1801792438237],[98.86598865988663,16.237467357798593],[98.88758887588875,16.298227478681056],[98.88758887588875,16.352043585748376],[98.86958869588699,16.393707668639195],[98.83718837188371,16.418011716992183],[98.68958689586896,16.305171492496186],[98.6607866078661,16.33121154430296],[98.59238592385924,16.51522791040412],[98.56358563585638,16.570780020925227],[98.52398523985244,16.63848415562282],[98.4771847718477,16.732228342127186],[98.46998469984703,16.89541266678293],[98.43758437584376,16.975268825657025],[98.25758257582578,17.147133167581686],[98.17478174781746,17.239141350632266],[98.06318063180635,17.37281361657368],[97.92997929979299,17.532525934321853],[97.79317793177933,17.681822231347326],[97.72837728377283,17.775566417851692],[97.7067770677707,17.79639845929711],[97.69957699576997,17.832854531826584],[97.73917739177392,17.935278735599866],[97.7211772117721,18.037702939373162],[97.6527765277653,18.173111208768347],[97.62397623976238,18.2581753780038],[97.63117631176311,18.291159443625702],[97.5987759877599,18.30331146780219],[97.5231752317523,18.29636745398706],[97.45117451174514,18.358863578323295],[97.37917379173791,18.494271847718494],[97.37557375573755,18.518575896071482],[97.39717397173973,18.516839892617696],[97.48357483574836,18.494271847718494],[97.51597515975163,18.497743854626066],[97.57717577175771,18.528991916794183],[97.67077670776706,18.561975982416087],[97.72837728377283,18.572392003138802],[97.74637746377465,18.58801603422286],[97.75357753577538,18.621000099844764],[97.7067770677707,18.931744718072196],[97.71397713977143,18.99597684586223],[97.80397803978042,19.12964911180363],[97.79317793177933,19.26505738119883],[97.81837818378187,19.459489768022692],[97.91557915579159,19.593162033964106],[97.99117991179912,19.65392215484657],[98.01638016380167,19.749402344804707],[98.04878048780489,19.770234386250124],[98.10998109981102,19.76155436898121],[98.23958239582396,19.690378227376044],[98.29358293582936,19.686906220468472],[98.37278372783732,19.68864222392226],[98.45558455584558,19.6938502342836],[98.49518495184952,19.700794248098745],[98.76158761587618,19.770234386250124],[98.81918819188195,19.778914403519053],[98.87678876788766,19.770234386250124],[98.91638916389167,19.773706393157696],[98.95958959589598,19.804954455325813],[98.98838988389883,19.862242569300705],[99.02079020790211,20.041050925040523],[99.03879038790387,20.074034990662426],[99.07479074790751,20.100075042469186],[99.13239132391323,20.11743507700703],[99.19719197191972,20.115699073553245],[99.28359283592835,20.080979004477555],[99.33759337593375,20.07924300102377],[99.39879398793988,20.093131028654057],[99.45279452794529,20.119171080460816],[99.4851948519485,20.150419142628948],[99.50319503195033,20.188611218612195],[99.48879488794887,20.259787360217373],[99.44919449194492,20.351795543267954],[99.45999459994601,20.362211563990655],[99.53199531995318,20.343115525999025],[99.63999639996399,20.320547481099823],[99.71919719197194,20.32575549146118],[99.77319773197735,20.34137952254524],[99.82359823598239,20.384779608889858],[99.89199891998919,20.424707688326905],[99.95319953199532,20.416027671057975],[100.00360003600036,20.3795715985285],[100.12240122401226,20.31707547419225]]],[[[100.07560075600759,9.696206343938456],[100.0648006480065,9.680582312854398],[100.02520025200255,9.711830375022515],[99.99639996399964,9.74828644755199],[99.98199981999824,9.79342253735038],[100.04320043200431,9.791686533896609],[100.07200072000722,9.74828644755199],[100.07560075600759,9.696206343938456]]],[[[100.07200072000722,9.586838126350031],[100.07560075600759,9.52955001237514],[100.0540005400054,9.461845877677547],[99.96399963999642,9.4219177982405],[99.9315993159932,9.47573390530782],[99.93879938799387,9.560798074543257],[99.95319953199532,9.581630115988673],[100.04320043200431,9.576422105627316],[100.07200072000722,9.586838126350031]]],[[[99.66159661596618,6.521056026966534],[99.64359643596435,6.515848016605176],[99.60759607596077,6.597440178933056],[99.65439654396545,6.71375241033661],[99.70119701197012,6.571400127126282],[99.66159661596618,6.521056026966534]]],[[[98.59238592385924,7.934162838347149],[98.58158581585815,7.916802803809304],[98.53118531185311,8.107763183725595],[98.60318603186033,8.057419083565847],[98.59238592385924,7.934162838347149]]],[[[98.30798307983082,9.052149062584391],[98.25038250382505,9.039997038407904],[98.25758257582578,9.09554914892901],[98.27198271982724,9.130269218004699],[98.30078300783009,9.138949235273614],[98.31158311583118,9.079925117844937],[98.30798307983082,9.052149062584391]]],[[[99.07839078390782,7.5921701579516],[99.10359103591037,7.470649916186673],[99.06759067590679,7.496689967993447],[99.03879038790387,7.548770071606981],[99.03879038790387,7.625154223573503],[99.0459904599046,7.63730624774999],[99.07839078390782,7.5921701579516]]]]}},{"type":"Feature","id":"762","properties":{"name":"Tajikistan","code":"TJ","label":[71.0270414891491,38.5365302546635]},"geometry":{"type":"MultiPolygon","coordinates":[[[[67.75807758077582,37.171933006986336],[67.79767797677977,37.244845152045286],[67.81567815678159,37.48614963212134],[67.86247862478626,37.57121380135678],[68.01008010080102,37.72051009838225],[68.08928089280894,37.83508632633203],[68.17568175681757,37.9288305128364],[68.2368823688237,37.960078575004516],[68.29448294482947,38.03299072006348],[68.34128341283414,38.11631888584512],[68.35568355683557,38.17013499291244],[68.35208352083521,38.21179907580327],[68.33408334083342,38.237839127610044],[68.25128251282513,38.295127241584936],[68.14328143281435,38.383663417727945],[68.08568085680858,38.473935597324754],[68.0568805688057,38.58851182527451],[68.0460804608046,38.6701039876024],[68.14688146881468,38.890576426233025],[68.13248132481326,38.927032498762514],[68.10368103681037,38.961752567838204],[68.0460804608046,38.984320612737406],[67.95967959679598,38.99300063000632],[67.87687876878769,38.982584609283606],[67.76887768877688,38.982584609283606],[67.69327693276935,38.99473663346009],[67.67527675276753,39.00862466109038],[67.66807668076683,39.109312861409876],[67.65007650076501,39.13188090630908],[67.61767617676179,39.15097694430071],[67.40167401674017,39.19611303409911],[67.35847358473586,39.216945075544515],[67.35127351273513,39.24124912389752],[67.4268742687427,39.46519356943571],[67.45927459274594,39.48255360397357],[67.49167491674919,39.51900967650303],[67.54207542075423,39.55720175248629],[67.71847718477187,39.62143388027633],[67.90927909279094,39.593657825015754],[68.07848078480785,39.564145766301436],[68.24408244082443,39.54852173521738],[68.30168301683017,39.53810571449466],[68.39888398883988,39.52942569722575],[68.46368463684638,39.53636971104089],[68.50688506885069,39.562409762847636],[68.58608586085862,39.63532190790659],[68.61128611286114,39.742954122041226],[68.64008640086402,39.83843431199938],[68.6868868688687,39.84711432926832],[68.73368733687337,39.83669830854561],[68.7588875888759,39.85579434653724],[68.76968769687699,39.88183439834401],[68.77688776887769,39.904402443243185],[68.79848798487987,39.90961045360456],[68.83088830888309,39.88357040179778],[68.85248852488525,39.89051441561293],[68.87048870488707,39.90787445015076],[68.86328863288634,39.92697048814239],[68.82368823688239,39.959954553764305],[68.78768787687878,40.013770660831625],[68.79128791287914,40.031130695369484],[68.80568805688057,40.050226733361114],[68.91008910089101,40.067586767898945],[68.95688956889569,40.07105877480652],[68.97128971289715,40.09015481279815],[68.96768967689678,40.11966687151249],[68.9280892808928,40.13702690605032],[68.78408784087841,40.12661088532761],[68.64008640086402,40.12834688878141],[68.62208622086223,40.14744292677304],[68.62928629286293,40.16653896476467],[68.65088650886509,40.18216299584873],[68.95328953289533,40.22209107528576],[69.11169111691117,40.2082030476555],[69.22689226892271,40.18737100621007],[69.27369273692739,40.19778702693279],[69.21969219692198,40.288059206529596],[69.29529295292954,40.29673922379851],[69.30249302493027,40.32798728596663],[69.20529205292053,40.56581975913511],[69.25929259292593,40.58838780403431],[69.31329313293134,40.63525989728649],[69.30969309693097,40.7237960734295],[69.35649356493565,40.7671961597741],[69.41409414094142,40.79670821848845],[69.4968949689497,40.7671961597741],[69.63009630096303,40.67865998363109],[69.66969669696698,40.66129994909326],[69.71289712897129,40.65782794218569],[69.77409774097742,40.683867993992465],[70.00450004500047,40.77066816668167],[70.13770137701377,40.82101226684142],[70.29250292502925,40.8921884084466],[70.31770317703177,40.919964463707146],[70.37170371703718,41.027596677841785],[70.40050400504006,41.03454069165693],[70.44010440104401,41.024124670934214],[70.5769057690577,40.91128444643823],[70.65610656106563,40.84010830483305],[70.65610656106563,40.81580425648008],[70.63450634506347,40.79670821848845],[70.6381063810638,40.77934818395062],[70.74970749707498,40.739420104513556],[70.74970749707498,40.722060069975726],[70.72450724507246,40.687340000900036],[70.71370713707137,40.668243962908406],[70.69930699306994,40.66129994909326],[70.54810548105482,40.56234775222754],[70.38250382503827,40.45297953463913],[70.3789037890379,40.43909150700884],[70.36810368103681,40.411315451748294],[70.37170371703718,40.38353939648772],[70.3969039690397,40.360971351588546],[70.4689046890469,40.34534732050446],[70.53370533705339,40.32451527905906],[70.56610566105661,40.267227165084165],[70.60210602106022,40.213411058016845],[70.65250652506526,40.20125903384036],[70.9009090090901,40.23424309946225],[70.95850958509587,40.23945110982362],[70.96210962109623,40.22035507183199],[70.94770947709478,40.18737100621007],[70.73890738907389,40.13181889568898],[70.64530645306453,40.083210798983],[70.62370623706238,39.998146629747566],[70.59850598505986,39.97384258139459],[70.55530555305555,39.95474654340296],[70.51570515705157,39.94953853304159],[70.4509045090451,40.048490729907314],[70.3789037890379,40.06932277135272],[70.27450274502746,40.104042840428434],[70.0729007290073,40.17348297857981],[69.96849968499686,40.20299503729413],[69.7668976689767,40.157858947495754],[69.52929529295295,40.09709882661329],[69.49329493294934,40.0606427540838],[69.46809468094682,40.02071467464677],[69.47169471694718,39.99120261593242],[69.48609486094861,39.95127453649539],[69.47529475294755,39.92002647432727],[69.43209432094321,39.90961045360456],[69.36369363693638,39.94780252958782],[69.3060930609306,39.96863457103322],[69.27729277292775,39.91829047087347],[69.2448924489245,39.82628228782289],[69.23049230492305,39.760314156579085],[69.28089280892809,39.666569970074704],[69.29889298892991,39.524217686864375],[69.39249392493926,39.53289770413332],[69.46449464494646,39.53289770413332],[69.59769597695978,39.57456178702412],[69.66609666096662,39.57456178702412],[69.77049770497706,39.55720175248629],[69.95769957699576,39.55372974557872],[70.10170101701019,39.560673759393865],[70.13770137701377,39.55720175248629],[70.17010170101702,39.58497780774684],[70.20970209702097,39.57456178702412],[70.24570245702458,39.543313724856006],[70.39330393303933,39.58150580083927],[70.50130501305014,39.58671381120064],[70.56970569705697,39.57629779047792],[70.60930609306095,39.564145766301436],[70.67770677706778,39.472137583250856],[70.73170731707319,39.413113465822164],[70.80010800108002,39.39401742783053],[71.00531005310054,39.41137746236839],[71.06651066510665,39.49296962469626],[71.11691116911169,39.51380166614169],[71.20331203312034,39.51900967650303],[71.27171271712717,39.53463370758709],[71.32931329313294,39.56935377666278],[71.4049140491405,39.597129831923326],[71.46971469714697,39.60407384573847],[71.50211502115022,39.58150580083927],[71.51651516515167,39.55372974557872],[71.50571505715058,39.51727367304926],[71.50211502115022,39.479081597066],[71.54531545315453,39.453041545259225],[71.67131671316713,39.44783353489785],[71.73251732517326,39.42352948654488],[71.73611736117363,39.378393396746475],[71.72531725317253,39.307217255141325],[71.77931779317794,39.27770519642698],[71.80451804518046,39.27596919297321],[71.99171991719919,39.35061734148593],[72.04212042120423,39.35235334493973],[72.08532085320854,39.310689262048896],[72.14652146521465,39.26034516188915],[72.22932229322294,39.2082650582756],[72.25092250922509,39.215209072090744],[72.2869228692287,39.27423318951941],[72.3589235892359,39.33672931385564],[72.48852488524886,39.35756135530107],[72.56412564125642,39.3766573932927],[72.63972639726398,39.38533741056162],[72.8737287372874,39.361033362208644],[72.94932949329495,39.35756135530107],[73.10773107731077,39.362769365662416],[73.23373233732337,39.3749213898389],[73.33453334533345,39.413113465822164],[73.38853388533886,39.44262552453651],[73.47133471334715,39.45998555907437],[73.57573575735759,39.45824955562057],[73.63333633336333,39.44956953835165],[73.6369363693637,39.397489434738105],[73.62253622536227,39.29853723787241],[73.60813608136081,39.229097099721],[73.6909369093691,39.10410485104853],[73.7449374493745,39.04508073361984],[73.79533795337954,39.001680647275236],[73.80613806138064,38.96869658165335],[73.79533795337954,38.94092052639277],[73.73053730537308,38.914880474586],[73.70533705337056,38.88536841587168],[73.69453694536946,38.854120353703564],[73.71613716137162,38.817664281174075],[73.7557375573756,38.69961604631672],[73.80253802538027,38.60760786326614],[73.8709387093871,38.56247177346776],[73.97173971739718,38.53295971475342],[74.02574025740259,38.53990372856856],[74.06534065340654,38.60934386671994],[74.13014130141303,38.66142397033346],[74.18774187741877,38.65795196342589],[74.27774277742779,38.65968796687969],[74.51534515345153,38.600663849451024],[74.74574745747458,38.510391669854215],[74.81054810548108,38.46004756969447],[74.8357483574836,38.40449545917335],[74.7709477094771,38.274295200139505],[74.77454774547746,38.19270303781164],[74.78894788947889,38.10416686166863],[74.8429484294843,38.038198730424824],[74.88974889748897,37.92535850592883],[74.90054900549006,37.833350322878246],[74.92214922149222,37.805574267617686],[74.93654936549368,37.77259020199578],[74.91134911349116,37.687526032760346],[74.89334893348934,37.60072586007112],[74.91494914949149,37.57294980481056],[74.98694986949872,37.52954971846596],[75.09855098550986,37.45142956304565],[75.12015120151202,37.38546143180183],[75.08055080550807,37.34379734891101],[75.00855008550087,37.29345324875125],[74.91854918549186,37.250053162406644],[74.88974889748897,37.23095712441501],[74.87534875348754,37.241373145137715],[74.83214832148323,37.28650923493612],[74.73134731347315,37.35768537654128],[74.65934659346595,37.39414144907076],[74.52254522545226,37.38198942489427],[74.44334443344434,37.395877452524545],[74.34974349743499,37.41844549742375],[74.25974259742597,37.414973490516175],[74.20214202142023,37.37330940762534],[74.16614166141662,37.329909321280724],[74.07614076140763,37.31602129365045],[73.95013950139503,37.28303722802855],[73.74853748537487,37.23095712441501],[73.65493654936552,37.23963714168393],[73.62613626136263,37.26220518658313],[73.64773647736479,37.29171724529748],[73.71613716137162,37.329909321280724],[73.73413734137341,37.37504541107913],[73.71973719737198,37.41844549742375],[73.65853658536585,37.430597521600234],[73.63333633336333,37.43754153541538],[73.60453604536048,37.44622155268429],[73.48213482134821,37.47226160449107],[73.38133381333813,37.46184558376835],[73.21213212132122,37.40802947670103],[72.89532895328955,37.26741319694449],[72.75852758527586,37.171933006986336],[72.65772657726578,37.02958072377601],[72.3589235892359,36.98270863052382],[72.15372153721538,36.90111646819595],[71.94131941319415,36.76570819880075],[71.8009180091801,36.69453205719559],[71.73251732517326,36.684116036472886],[71.66411664116643,36.69626806064937],[71.59571595715957,36.73272413317885],[71.5309153091531,36.845564357674846],[71.47331473314733,37.015692696145734],[71.43371433714339,37.126796917187946],[71.45531455314554,37.272621207305846],[71.48051480514806,37.43580553196159],[71.50571505715058,37.60246186352491],[71.54531545315453,37.795158246894985],[71.58131581315814,37.864598385046364],[71.58131581315814,37.90973447484477],[71.55251552515526,37.93230251974397],[71.48771487714879,37.93230251974397],[71.39051390513907,37.9062624679372],[71.31851318513185,37.90105445757584],[71.2789127891279,37.91841449211368],[71.28251282512826,38.00868667171048],[71.3329133291333,38.17013499291244],[71.25731257312574,38.30727926576142],[71.05211052110522,38.418383486803634],[70.87930879308794,38.456575562786895],[70.73530735307355,38.421855493711206],[70.61650616506165,38.33505532102197],[70.51930519305193,38.19270303781164],[70.41850418504185,38.074654802954285],[70.31410314103141,37.984382623357504],[70.23850238502385,37.940982537012886],[70.21330213302133,37.92362250247504],[70.1989019890199,37.88543042649178],[70.25650256502567,37.765646188180654],[70.2529025290253,37.66495798786114],[70.18810188101881,37.58162982207949],[70.11970119701198,37.54343774609623],[70.04410044100442,37.5469097530038],[69.98649986499865,37.56600579099543],[69.93969939699397,37.60072586007112],[69.8208982089821,37.60940587734004],[69.62649626496267,37.59378184625598],[69.49329493294934,37.55385376681893],[69.42129421294214,37.48614963212134],[69.39969399693999,37.399349459432116],[69.42849428494287,37.29171724529748],[69.41409414094142,37.20838907951581],[69.35289352893531,37.149364962087134],[69.30249302493027,37.11638089646523],[69.26649266492666,37.107700879196315],[69.180091800918,37.15804497935606],[69.05049050490507,37.2656771934907],[68.96048960489605,37.32470131091938],[68.91008910089101,37.333381328188295],[68.8848888488885,37.32817331782695],[68.85608856088561,37.31602129365045],[68.83808838088382,37.30213326602018],[68.82368823688239,37.27088520385206],[68.78048780487805,37.25873317967556],[68.72288722887231,37.26741319694449],[68.6688866888669,37.25873317967556],[68.63648636486366,37.22401311059987],[68.54648546485467,37.18408503116282],[68.38808388083882,37.13721293791065],[68.2980829808298,37.088604841204685],[68.28368283682838,37.03652473759114],[68.26208262082622,37.01222068923816],[68.21168211682118,37.02090070650708],[68.06768067680679,36.94972456490191],[67.95967959679598,36.972292609801116],[67.83367833678338,37.0643007928517],[67.76527765277655,37.14068494481822],[67.75807758077582,37.171933006986336]]],[[[70.65250652506526,40.937324498245005],[70.62370623706238,40.93385249133743],[70.56970569705697,40.98246058804341],[70.55170551705518,41.0154446536653],[70.57330573305734,41.024124670934214],[70.62010620106201,41.00155662603504],[70.6489064890649,40.96162854659798],[70.65250652506526,40.937324498245005]]],[[[70.7029070290703,39.82454628436912],[70.61290612906129,39.78635420838586],[70.55890558905591,39.7915622187472],[70.51930519305193,39.82801829127669],[70.49050490504905,39.86273836035238],[70.48330483304835,39.88357040179778],[70.49770497704978,39.88183439834401],[70.56610566105661,39.86621036725995],[70.66330663306633,39.85579434653724],[70.69930699306994,39.84537832581452],[70.7029070290703,39.82454628436912]]]]}},{"type":"Feature","id":"760","properties":{"name":"Syria","code":"SY","label":[38.48775429757016,35.01896622055306]},"geometry":{"type":"MultiPolygon","coordinates":[[[[35.89415894158941,35.91680250990012],[35.966159661596635,35.90985849608498],[36.12816128161282,35.83173834066467],[36.15336153361534,35.83347434411846],[36.200162001620015,35.937634551345525],[36.250562505625055,35.972354620421214],[36.34776347763477,36.003602682589346],[36.376563765637655,36.17199501760645],[36.419764197641996,36.203243079774566],[36.477364773647736,36.22060311431241],[36.56376563765639,36.22407512121998],[36.635766357663584,36.234491141942684],[36.64296642966431,36.26400320065703],[36.53856538565387,36.456699584027106],[36.545765457654596,36.507043684186854],[36.596165961659636,36.70147607101073],[36.628566285662856,36.77786022297725],[36.65736657366574,36.80216427133023],[36.77616776167761,36.79348425406131],[36.94176941769419,36.75876418498562],[36.9849698496985,36.70321207446452],[37.06777067770679,36.652867974304755],[37.18657186571866,36.65633998121233],[37.32697326973272,36.645923960489625],[37.4349743497435,36.642451953582054],[37.524975249752515,36.67890802611153],[37.71937719377195,36.74314015390155],[37.816578165781664,36.76570819880075],[37.90657906579065,36.7952202575151],[38.1909819098191,36.90111646819595],[38.30618306183064,36.89417245438081],[38.38538385383853,36.87854842329675],[38.4429844298443,36.86292439221269],[38.579785797857994,36.788276243699954],[38.687786877868774,36.715364098641004],[38.7669876698767,36.6927960537418],[38.907389073890755,36.69453205719559],[39.108991089910916,36.680644029565315],[39.35739357393575,36.6823800330191],[39.501395013950145,36.70147607101073],[39.68499684996851,36.737932143540206],[40.01620016200164,36.826468319683215],[40.45180451804518,37.00874868233059],[40.707407074070744,37.0972848584736],[40.81540815408155,37.107700879196315],[40.959409594095945,37.10943688265009],[41.10341103411034,37.08513283429711],[41.26541265412655,37.069508803213054],[41.34101341013411,37.07124480666684],[41.51381513815139,37.088604841204685],[41.74421744217443,37.126796917187946],[41.88821888218882,37.15630897590228],[42.0610206102061,37.206653076062025],[42.16902169021691,37.288245238389905],[42.20142201422016,37.29692525565882],[42.24822248222483,37.28303722802855],[42.26982269822699,37.276093214213404],[42.3130231302313,37.22922112096123],[42.35982359823598,37.10943688265009],[42.35982359823598,37.095548855019814],[42.34902349023491,37.060828785944125],[42.23742237422374,36.9618765890784],[42.082620826208256,36.826468319683215],[41.974619746197476,36.74140415044778],[41.78741787417874,36.59731586378365],[41.65061650616508,36.56606780161553],[41.41661416614167,36.513987698002],[41.35541355413554,36.46364359784225],[41.294212942129434,36.383787438968156],[41.261812618126186,36.272683217925945],[41.25101251012512,36.203243079774566],[41.243812438124394,36.073042820740724],[41.30141301413016,35.93937055479931],[41.3518135181352,35.80917029576547],[41.3590135901359,35.72410612653003],[41.35541355413554,35.64077796074838],[41.3050130501305,35.55050578115157],[41.24741247412476,35.42724953593287],[41.21501215012151,35.288369259630116],[41.20061200612008,35.02796874156243],[41.20061200612008,34.80576029947801],[41.193411934119354,34.769304226948535],[41.09981099811,34.61306391610793],[40.98820988209883,34.42904755000677],[40.934209342093425,34.38738346711594],[40.68940689406895,34.33183135659483],[40.423004230042295,34.19815909065342],[40.120601206012054,34.04712679017416],[39.85059850598506,33.911718520778976],[39.56619566195664,33.76763023411486],[39.267392673926736,33.620069940543175],[39.05499054990551,33.51417372986232],[38.77418774187743,33.37182144665198],[38.5149851498515,33.23641317725679],[38.2557825578256,33.09926890440781],[38.05418054180544,32.99510869718074],[37.75537755377553,32.83018836907121],[37.57897578975792,32.73297217565927],[37.316173161731626,32.59061989244894],[37.089370893708946,32.46562764377646],[36.81936819368195,32.31806735020477],[36.4809648096481,32.361467436549376],[36.37296372963729,32.38750748835615],[36.2829628296283,32.45694762650753],[36.218162181621835,32.49513970249079],[36.05976059760599,32.53333177847405],[35.95535955359554,32.667004044415464],[35.89415894158941,32.71387613766764],[35.78615786157863,32.734708179113056],[35.80055800558006,32.78158027236525],[35.858158581585826,32.86317243469311],[35.91215912159123,32.949972607382335],[35.883358833588346,32.99858070408831],[35.872558725587254,33.03850878352536],[35.86895868958689,33.08885288368511],[35.9049590495905,33.13572497693728],[35.88695886958871,33.193013090912174],[35.858158581585826,33.250301204887066],[35.83655836558367,33.27807726014761],[35.83655836558367,33.33015736376116],[35.8509585095851,33.37008544319819],[35.86895868958689,33.43258156753444],[35.915759157591594,33.465565633156345],[35.92655926559266,33.500285702232034],[35.966159661596635,33.53500577130772],[36.023760237602374,33.56278182656828],[36.03456034560347,33.585349871467486],[36.02736027360274,33.59750189564397],[35.973359733597334,33.62354194745075],[35.940959409594115,33.66694203379535],[35.96975969759697,33.73291016503917],[35.98775987759879,33.7520062030308],[36.02016020160201,33.78325426519892],[36.092160921609235,33.83186236190488],[36.149761497614975,33.838806375720026],[36.200162001620015,33.838806375720026],[36.2829628296283,33.835334368812454],[36.34776347763477,33.82665435154354],[36.36576365763659,33.838806375720026],[36.36216362163623,33.854430406804084],[36.2829628296283,33.89435848624113],[36.27936279362794,33.92560654840925],[36.29736297362973,33.95859061403115],[36.3549635496355,34.010670717644686],[36.42336423364233,34.05059879708173],[36.45576455764558,34.05754281089688],[36.534965349653504,34.1339269628634],[36.585365853658544,34.22072713555262],[36.50616506165062,34.43251955691433],[36.45576455764558,34.46550362253625],[36.376563765637655,34.49501568125058],[36.32976329763298,34.500223691611936],[36.326163261632615,34.51411171924221],[36.38736387363875,34.56619182285574],[36.434164341643424,34.61306391610793],[36.383763837638384,34.65820000590632],[36.29736297362973,34.67903204735174],[36.26496264962651,34.63215995409956],[36.149761497614975,34.62868794719199],[35.9769597695977,34.62868794719199],[35.897758977589774,34.8526323927302],[35.88695886958871,34.94811258268834],[35.890558905589074,35.060952807184336],[35.94455944559445,35.22413713184008],[35.91935919359193,35.29878528035282],[35.915759157591594,35.35086538396635],[35.90135901359014,35.420305522117744],[35.764557645576474,35.57133782259699],[35.840158401584034,35.849098375202516],[35.89415894158941,35.91680250990012]]]]}},{"type":"Feature","id":"144","properties":{"name":"Sri Lanka","code":"LK","label":[80.70159555330923,7.611404682249292]},"geometry":{"type":"MultiPolygon","coordinates":[[[[79.96939969399693,9.630238212694636],[79.9081990819908,9.619822191971934],[79.85779857798576,9.685790323215741],[79.84699846998473,9.715302381930087],[79.85779857798576,9.734398419921718],[79.87219872198722,9.744814440644419],[79.89019890198904,9.741342433736847],[79.91179911799117,9.678846309400612],[79.96939969399693,9.630238212694636]]],[[[79.87579875798758,9.050413059130605],[79.9045990459905,8.975764910617869],[79.82179821798218,9.026109010777617],[79.76779767797677,9.069509097122236],[79.74619746197465,9.104229166197925],[79.86139861398613,9.066037090214664],[79.87579875798758,9.050413059130605]]],[[[79.98379983799839,9.812518575342011],[80.07740077400774,9.807310564980668],[80.18180181801819,9.81078257188824],[80.25380253802541,9.796894544257952],[80.37620376203762,9.642390236871137],[80.71100711007114,9.366365687719394],[80.89460894608948,9.085133128206294],[80.90900909009093,9.024373007323831],[80.93420934209342,8.972292903710297],[80.97740977409774,8.956668872626238],[81.01701017010168,8.93236482427325],[81.19701197011972,8.661548285482866],[81.21861218612185,8.607732178415546],[81.21501215012154,8.548708060986868],[81.22581225812257,8.505307974642264],[81.27621276212761,8.482739929743062],[81.33381333813338,8.47232390902036],[81.37341373413733,8.430659826129528],[81.42381423814237,8.215395397860249],[81.42381423814237,8.147691263162642],[81.43461434614346,8.11817920444831],[81.66501665016654,7.7831305378678906],[81.67941679416793,7.741466454977058],[81.67581675816757,7.71021839280894],[81.6830168301683,7.6841783410021804],[81.72621726217261,7.625154223573503],[81.79821798217984,7.465441905825315],[81.83061830618306,7.42898583329584],[81.87381873818737,7.288369553539297],[81.87741877418773,7.0210250216564845],[81.86301863018633,6.901240783345344],[81.81981819818196,6.755416493227443],[81.76941769417692,6.6148002134709],[81.71181711817121,6.512376009697604],[81.63621636216362,6.425575837008381],[81.38061380613806,6.2415594709072195],[81.30501305013053,6.2033673949239585],[80.97020970209701,6.08879116697419],[80.72540725407254,5.979422949385764],[80.49500495004952,5.949910890671418],[80.26820268202681,6.008935008100096],[80.09540095400956,6.1530232947642105],[80.00900009000088,6.364815716125932],[79.9477994779948,6.5852881547565545],[79.85779857798576,6.830064641740179],[79.79299792997932,7.585226144136456],[79.76059760597605,7.797018565498163],[79.70659706597064,8.066099100834776],[79.71379713797137,8.182411332238331],[79.74979749797501,8.293515553280542],[79.74979749797501,8.048739066296932],[79.78219782197823,8.019227007582586],[79.80739807398072,8.050475069750718],[79.83259832598327,8.303931574003258],[79.85059850598509,8.411563788137897],[79.94059940599408,8.691060344197211],[79.94419944199444,8.74140444435696],[79.92619926199262,8.847300655037813],[79.92979929799299,8.899380758651347],[80.06660066600665,9.09554914892901],[80.09900099000993,9.210125376878779],[80.11700117001169,9.326437608282347],[80.10980109801096,9.453165860408618],[80.08460084600847,9.578158109081102],[80.19620196201964,9.538230029644055],[80.25740257402578,9.49482994329945],[80.31860318603185,9.465317884585104],[80.36900369003689,9.480941915669177],[80.42660426604266,9.480941915669177],[80.38700387003871,9.54864605036677],[80.25740257402578,9.611142174703005],[80.04500045000452,9.649334250686266],[79.98019980199803,9.699678350846028],[79.95499954999553,9.743078437190633],[79.96579965799657,9.79342253735038],[79.98379983799839,9.812518575342011]]]]}},{"type":"Feature","id":"410","properties":{"name":"South Korea","code":"KR","label":[127.83501942428023,36.373480595418215]},"geometry":{"type":"MultiPolygon","coordinates":[[[[126.63306633066333,37.78127021926471],[126.66546665466655,37.80036625725634],[126.66546665466655,37.82814231251689],[126.66546665466655,37.9166784886599],[126.75546755467553,37.97917461299615],[126.8778687786878,38.10590286512243],[126.93906939069393,38.17534300327381],[127.0110701107011,38.241311134517616],[127.09027090270905,38.28471122086222],[127.16947169471695,38.30380725885385],[127.29547295472958,38.312487276122766],[127.53307533075332,38.30554326230765],[127.579875798758,38.312487276122766],[127.74547745477457,38.31943128993791],[127.78507785077852,38.30727926576142],[127.90387903879042,38.30033525194628],[128.04068040680409,38.30901526921522],[128.10548105481058,38.328111307206825],[128.17028170281702,38.35935936937497],[128.22428224282243,38.41664748334986],[128.27828278282783,38.5242796974845],[128.33948339483396,38.60760786326614],[128.37548375483755,38.6232318943502],[128.62028620286202,38.17534300327381],[128.8506885068851,37.887166429945566],[129.05229052290525,37.67711001203763],[129.33669336693367,37.27435721075962],[129.41949419494193,37.05909278249034],[129.42669426694266,36.925420516548925],[129.47349473494734,36.74140415044778],[129.4338943389434,36.637243943220696],[129.44469444694448,36.47058761165738],[129.42669426694266,36.38552344242194],[129.39429394293944,36.32302731808569],[129.39069390693908,36.20150707632078],[129.40149401494017,36.137274948530745],[129.40509405094053,36.05221077929531],[129.42669426694266,36.019226713673405],[129.45909459094594,36.00707468949692],[129.50949509495098,36.038322751665035],[129.57429574295742,36.05047477584152],[129.56349563495638,35.94805057206824],[129.48429484294843,35.68765005400056],[129.41949419494193,35.49842567753804],[129.32949329493294,35.333505349428506],[129.21429214292147,35.18247304894926],[129.07749077490774,35.123448931520585],[128.98028980289803,35.10088088662138],[128.7966879668797,35.09393687280624],[128.6418864188642,35.11997692461301],[128.51228512285127,35.10088088662138],[128.45828458284586,35.069632824453265],[128.41868418684186,35.015816717385945],[128.44748447484477,34.93248855160428],[128.4438844388444,34.869992427268045],[128.38628386283864,34.87520043762939],[128.27468274682747,34.91165651015886],[128.15228152281526,34.915128517066435],[128.0946809468095,34.934224555058066],[128.03708037080372,35.022760731201075],[127.97587975879759,35.0192887242935],[127.87147871478714,34.96547261722618],[127.7130771307713,34.95505659650348],[127.65907659076589,34.92554453778915],[127.64107641076413,34.889088465259675],[127.66267662676626,34.84395237546127],[127.74187741877421,34.78319225457881],[127.71667716677166,34.72069613024257],[127.6338763387634,34.68944806807444],[127.56547565475654,34.76583222004096],[127.52227522275223,34.8404803685537],[127.47547475474755,34.84395237546127],[127.40347403474038,34.823120334015854],[127.38907389073893,34.743264175141775],[127.42507425074251,34.68771206462067],[127.47907479074792,34.62521594028442],[127.39987399874002,34.55230379522547],[127.3818738187382,34.500223691611936],[127.32427324273243,34.46376761908246],[127.17307173071731,34.545359781410326],[127.1946719467195,34.604383898839004],[127.25947259472593,34.661672012813895],[127.27027270272703,34.72069613024257],[127.2486724867249,34.75541619931826],[127.02907029070292,34.60611990229279],[126.89586895868962,34.43946357072947],[126.82746827468276,34.45161559490596],[126.79506795067954,34.49501568125058],[126.75546755467553,34.51237571578842],[126.61146611466114,34.4030074982],[126.58266582665829,34.31794332896456],[126.53226532265325,34.31447132205699],[126.5070650706507,34.35092739458646],[126.5070650706507,34.42904755000677],[126.4818648186482,34.49327967779679],[126.33426334263345,34.59049587120873],[126.26586265862659,34.67382403699038],[126.30186301863017,34.72069613024257],[126.42426424264244,34.6946560784358],[126.52506525065252,34.69812808534337],[126.50346503465033,34.73805616478042],[126.47106471064711,34.75715220277205],[126.53946539465397,34.777984244217464],[126.59346593465938,34.82485633746964],[126.5466654666547,34.83700836164613],[126.47826478264784,34.81096830983937],[126.42066420664207,34.823120334015854],[126.39906399063995,34.93248855160428],[126.32706327063272,35.04532877610028],[126.29106291062914,35.1546969936887],[126.35946359463594,35.21719311802495],[126.39546395463958,35.314409311436876],[126.46026460264602,35.45502559119343],[126.4926649266493,35.50189768444561],[126.58266582665829,35.53488175006751],[126.6150661506615,35.57133782259699],[126.56466564665647,35.59043386058862],[126.48546485464857,35.60605789167268],[126.48906489064893,35.64772197456351],[126.54306543065434,35.668554016008926],[126.6006660066601,35.71369010580733],[126.71586715867159,35.769242216328436],[126.75186751867517,35.87166642010172],[126.71946719467195,35.89770647190849],[126.64746647466478,35.922010520261466],[126.66546665466655,35.974090623875],[126.69426694266946,36.01401870331205],[126.68346683466837,36.038322751665035],[126.59706597065974,36.10429088290884],[126.53946539465397,36.16678700724509],[126.55746557465574,36.23622714539647],[126.54306543065434,36.34038735262354],[126.55026550265507,36.42892352876656],[126.5466654666547,36.47753162547252],[126.5070650706507,36.58516383960716],[126.48906489064893,36.69453205719559],[126.43146431464316,36.67717202265774],[126.38826388263885,36.65113197085097],[126.229862298623,36.68932404683423],[126.17946179461796,36.691060050288016],[126.16146161461614,36.772652212615895],[126.21546215462155,36.871604409481606],[126.35226352263521,36.95840458217084],[126.4278642786428,36.968820602893544],[126.48546485464857,37.007012678876805],[126.57906579065792,37.01916470305329],[126.68706687066873,36.96014058562463],[126.78426784267845,36.94798856144813],[126.83826838268385,36.845564357674846],[126.87066870668707,36.82473231622943],[126.8778687786878,36.86292439221269],[126.9570695706957,36.90632447855731],[126.97506975069751,36.93930854417921],[126.96066960669606,36.95840458217084],[126.87066870668707,36.97576461670869],[126.78786787867881,37.10249286883496],[126.77706777067772,37.15804497935606],[126.7446674466745,37.19276504843175],[126.79146791467917,37.295189252205034],[126.69786697866982,37.4115014836086],[126.65106651066515,37.44795755613808],[126.65826658266582,37.55038175991136],[126.60786607866078,37.61808589460897],[126.57906579065792,37.65454196713844],[126.56466564665647,37.71703809147468],[126.57906579065792,37.74481414673524],[126.62226622266223,37.75523016745794],[126.63306633066333,37.78127021926471]]],[[[128.74268742687428,34.798816285662866],[128.64548645486457,34.73632016132663],[128.51948519485194,34.81964832710828],[128.49068490684908,34.86478441690669],[128.58428584285843,34.93248855160428],[128.6670866708667,35.0088727035708],[128.7210872108721,35.01408071393216],[128.74268742687428,34.798816285662866]]],[[[128.06588065880658,34.80576029947801],[128.05508055080554,34.70854410606607],[127.98307983079832,34.70333609570473],[127.94347943479437,34.76583222004096],[127.8966789667897,34.73632016132663],[127.87507875078751,34.734584157872845],[127.83907839078392,34.81270431329315],[127.8318783187832,34.87520043762939],[127.91467914679146,34.92033652742779],[127.9650796507965,34.89256047216723],[128.03708037080372,34.87867244453696],[128.06588065880658,34.80576029947801]]],[[[126.23346233462337,34.370023432578094],[126.16866168661687,34.354399401494035],[126.13266132661329,34.389119470569725],[126.10746107461074,34.399535491292426],[126.1218612186122,34.44467158109083],[126.22626226262264,34.53320775723384],[126.24786247862482,34.56271981594817],[126.34506345063454,34.545359781410326],[126.38106381063812,34.49848768815815],[126.33426334263345,34.4255755430992],[126.23346233462337,34.370023432578094]]],[[[126.52146521465215,37.73613412946631],[126.51426514265142,37.60419786697868],[126.46026460264602,37.611141880793824],[126.42426424264244,37.62329390497031],[126.40626406264062,37.649333956777085],[126.37026370263703,37.77259020199578],[126.40986409864098,37.822934302155545],[126.4926649266493,37.7830062227185],[126.52146521465215,37.73613412946631]]],[[[126.75186751867517,34.34398338077132],[126.76986769867699,34.297111287519144],[126.6906669066691,34.30579130478806],[126.64746647466478,34.35092739458646],[126.65106651066515,34.39085547402351],[126.70146701467019,34.396063484384854],[126.75186751867517,34.34398338077132]]],[[[127.79947799477998,34.61479991956172],[127.78867788677888,34.58355185739359],[127.73827738277384,34.63042395064578],[127.78867788677888,34.68250405425931],[127.79947799477998,34.61479991956172]]],[[[126.41706417064171,36.49315565655658],[126.40266402664025,36.427187525312775],[126.33786337863381,36.47058761165738],[126.31986319863199,36.61293989486772],[126.38826388263885,36.57127581197689],[126.41706417064171,36.49315565655658]]],[[[126.17226172261724,34.731112150965274],[126.15786157861578,34.7068081026123],[126.11466114661147,34.71375211642743],[126.07146071460716,34.78319225457881],[126.05346053460534,34.83700836164613],[126.00666006660066,34.86825642381426],[126.07866078660788,34.915128517066435],[126.16866168661687,34.830064347831],[126.17226172261724,34.731112150965274]]],[[[130.91710917109174,37.479205618306196],[130.87030870308706,37.44795755613808],[130.81630816308166,37.479205618306196],[130.80910809108093,37.51045368047433],[130.83790837908379,37.53649373228109],[130.90270902709028,37.55385376681893],[130.9351093510935,37.52954971846596],[130.91710917109174,37.479205618306196]]],[[[126.32706327063272,33.22426115308029],[126.28026280262804,33.201693108181104],[126.2406624066241,33.21558113581138],[126.229862298623,33.22599715653408],[126.17946179461796,33.28328527050897],[126.16506165061651,33.312797329223315],[126.20106201062009,33.36834943974442],[126.33786337863381,33.460357622795],[126.69426694266946,33.54889379893801],[126.7590675906759,33.55236580584557],[126.89946899468998,33.51590973331609],[126.9318693186932,33.44299758825714],[126.90666906669065,33.38223746737469],[126.87426874268743,33.34057338448386],[126.70866708667086,33.27113324633248],[126.58266582665829,33.23814918071058],[126.32706327063272,33.22426115308029]]]]}},{"type":"Feature","id":"702","properties":{"name":"Singapore","code":"SG","label":[103.81695626288491,1.359045135937911]},"geometry":{"type":"MultiPolygon","coordinates":[[[[103.97083970839708,1.3321417036045489],[103.81963819638196,1.2661735723607421],[103.65043650436508,1.3251976897894053],[103.70443704437048,1.4241498866551296],[103.81963819638196,1.446717931554332],[103.90963909639095,1.4154698693862002],[103.96003960039599,1.3929018244870122],[103.99603996039963,1.3651257692264522],[103.97083970839708,1.3321417036045489]]]]}},{"type":"Feature","id":"682","properties":{"name":"Saudi Arabia","code":"SA","label":[44.66316551813148,24.086527584490447]},"geometry":{"type":"MultiPolygon","coordinates":[[[[36.90216902169021,25.382733552335537],[36.87696876968769,25.382733552335537],[36.8049680496805,25.45043768703313],[36.76536765367655,25.500781787192892],[36.72216722167224,25.533765852814795],[36.53136531365314,25.601469987512388],[36.502565025650256,25.644870073857007],[36.534965349653504,25.68827016020161],[36.552965529655296,25.644870073857007],[36.58896588965891,25.62056602550402],[36.74736747367476,25.558069901167784],[36.9237692376924,25.426133638680156],[36.95616956169562,25.413981614503655],[36.90216902169021,25.382733552335537]]],[[[41.989019890198904,16.71486830758934],[42.064620646206464,16.709660297227984],[42.032220322203216,16.742644362849887],[42.025020250202516,16.75826839393396],[42.0610206102061,16.80340448373235],[42.16902169021691,16.707924293774198],[42.165421654216544,16.596820072731987],[42.158221582215816,16.570780020925227],[42.12942129421296,16.5950840692782],[42.107821078210776,16.617652114177403],[42.100621006210076,16.643692165984177],[42.07182071820719,16.671468221244723],[41.963819638196384,16.65410818670688],[41.899018990189916,16.683620245421224],[41.8018180181802,16.779100435379362],[41.77661776617768,16.84680457007697],[41.81621816218163,16.860692597707242],[41.85941859418594,16.893676663329146],[41.88461884618846,16.947492770396465],[41.85941859418594,17.00304488091757],[41.91701917019171,16.994364863648656],[41.949419494194956,16.937076749673764],[41.95301953019532,16.806876490639922],[41.963819638196384,16.779100435379362],[41.94581945819459,16.74958837666503],[41.989019890198904,16.71486830758934]]],[[[51.97911979119792,18.99597684586223],[51.74151741517417,18.9647287836941],[51.51471514715149,18.93348072152598],[51.25911259112593,18.898760652450292],[50.94950949509496,18.85709656955946],[50.70830708307085,18.825848507391342],[50.35550355503557,18.777240410685366],[50.03870038700387,18.735576327794547],[49.74349743497436,18.6956482483575],[49.44469444694448,18.655720168920453],[49.19269192691928,18.621000099844764],[49.04149041490416,18.581072020407717],[48.86508865088652,18.49600785117228],[48.59148591485916,18.362335585230866],[48.31428314283144,18.226927315835667],[48.173881738817386,18.15748717768429],[48.022680226802265,17.9769428184907],[47.947079470794705,17.886670638893904],[47.80667806678068,17.721750310784373],[47.70227702277023,17.59675806211189],[47.579875798757996,17.449197768540202],[47.52587525875259,17.31552550259879],[47.4430744307443,17.112413098505996],[47.37107371073711,17.060332994892462],[47.252272522725235,16.994364863648656],[47.14427144271443,16.947492770396465],[46.975069750697514,16.952700780757823],[46.88146881468816,17.079429032884093],[46.77706777067772,17.21136529537172],[46.72666726667268,17.26518140243904],[46.683466834668366,17.268653409346612],[46.514265142651425,17.251293374808768],[46.3090630906309,17.23046133336335],[46.071460714607156,17.253029378262553],[45.794257942579435,17.279069430069313],[45.535055350553506,17.301637474968516],[45.40545405454054,17.31899750950636],[45.23625236252363,17.405797682195583],[45.19305193051932,17.423157716733428],[45.14625146251464,17.426629723641],[44.948249482494845,17.43010173054857],[44.746647466474684,17.431837734002357],[44.54504545045452,17.404061678741797],[44.35424354243543,17.414477699464513],[44.15624156241563,17.398853668380454],[44.084240842408434,17.365869602758536],[44.008640086400874,17.367605606212322],[43.958239582395834,17.33809354749799],[43.918639186391886,17.324205519867718],[43.86463864638648,17.350245571674478],[43.80343803438035,17.34330155785935],[43.71343713437136,17.365869602758536],[43.65223652236523,17.421421713279642],[43.598235982359824,17.471765813439404],[43.540635406354085,17.49954186869995],[43.47583475834759,17.51516589978401],[43.41823418234182,17.516901903237795],[43.346233462334624,17.485653841069677],[43.30303303033031,17.456141782355346],[43.19143191431914,17.358925588943407],[43.1878318783188,17.324205519867718],[43.238232382323844,17.266917405892826],[43.22023220232202,17.239141350632266],[43.155431554315555,17.204421281556577],[43.13743137431376,17.112413098505996],[43.12663126631267,17.06206899834625],[43.11583115831158,16.942284760035122],[43.14463144631446,16.84680457007697],[43.18423184231844,16.81208450100128],[43.1878318783188,16.770420418110447],[43.16623166231662,16.688828255782568],[43.105031050310515,16.664524207429594],[43.0618306183062,16.586404052009286],[43.03303033030332,16.54994797947981],[42.98622986229864,16.508283896588978],[42.79902799027991,16.371139623740007],[42.78822788227882,16.450995782614086],[42.73062730627308,16.56904401747144],[42.727027270272714,16.65410818670688],[42.69822698226983,16.737436352488544],[42.64782647826479,16.801668480278565],[42.55422554225544,16.867636611522386],[42.543425434254345,16.959644794572966],[42.47502475024751,17.04991697416976],[42.3850238502385,17.12282911922871],[42.33102331023312,17.25650138517011],[42.29502295022951,17.43530974090993],[42.0538205382054,17.66967020717084],[41.75141751417516,17.884934635440118],[41.65781657816578,18.008190880658816],[41.50661506615066,18.256439374550013],[41.4310143101431,18.45260776482766],[41.22941229412294,18.678288213819656],[41.22221222212224,18.76508838650888],[41.18981189811899,18.870984597189732],[41.14301143011431,18.989032832047087],[41.11781117811179,19.082777018551454],[40.91260912609127,19.490737830190824],[40.8478084780848,19.554969957980845],[40.79020790207903,19.646978141031425],[40.775807758077576,19.716418279182804],[40.757807578075784,19.754610355166065],[40.617406174061756,19.822314489863658],[40.48060480604806,19.994178831788332],[40.081000810008106,20.266731374032503],[39.88299882998831,20.292771425839277],[39.728197281972825,20.3899876192512],[39.61299612996132,20.518451874831257],[39.49059490594908,20.737188310008122],[39.274592745927464,20.973284779722817],[39.09459094590946,21.31006944975701],[39.15219152191523,21.43332569497572],[39.148591485914864,21.51838986421116],[39.090990909909095,21.66421415432906],[39.02979029790299,21.77531837537127],[38.98658986589868,21.881214586052124],[39.02259022590226,22.033982889985168],[39.033390333903355,22.204111228456057],[39.06939069390694,22.294383408052852],[39.09459094590946,22.393335604918562],[39.06219062190624,22.592976002103782],[39.00099000990011,22.69887221278465],[39.008190081900835,22.770048354389814],[38.939789397893975,22.804768423465504],[38.882188821888235,22.882888578885797],[38.939789397893975,22.881152575432026],[38.83538835388356,22.988784789566665],[38.79578795787958,23.04780890699533],[38.756187561875635,23.193633197113243],[38.705787057870594,23.30473741815544],[38.54378543785438,23.558193922407995],[38.46458464584646,23.71269822979481],[38.28818288182882,23.910602623526245],[38.09738097380975,24.05816291709793],[37.978579785797876,24.124131048341752],[37.92097920979211,24.1848911692242],[37.82017820178203,24.188363176131773],[37.71217712177122,24.27516334882101],[37.63657636576366,24.276899352274782],[37.54297542975431,24.29078737990507],[37.431374313743135,24.459179714922172],[37.33777337773378,24.615420025762774],[37.179371793717934,24.82026843330935],[37.21897218972191,24.87408454037667],[37.265772657726586,24.960884713065894],[37.24417244172443,25.07372493756189],[37.21897218972191,25.150109089528414],[37.15057150571508,25.290725369284957],[36.92016920169203,25.641398066949435],[36.8589685896859,25.691742167109183],[36.761767617676185,25.75076628453786],[36.704167041670416,25.903534588470905],[36.67536675366753,26.03894285786609],[36.51696516965171,26.10491098910991],[36.250562505625055,26.594463963077146],[36.092160921609235,26.76632830500182],[36.0309603096031,26.88090453295159],[35.8509585095851,27.07012890941411],[35.764557645576474,27.259353285876628],[35.580955809558105,27.432953631255074],[35.42255422554226,27.733282228759805],[35.18135181351815,28.035346829718307],[35.076950769507704,28.087426933331855],[34.82854828548287,28.108258974777257],[34.72054720547206,28.13082701967646],[34.62334623346234,28.064858888432653],[34.616146161461614,28.148187054214304],[34.684546845468475,28.264499285617873],[34.77814778147783,28.507539769147712],[34.79974799747998,28.721068193963205],[34.9509495094951,29.352973451140784],[35.163351633516356,29.321725388972652],[35.339753397534,29.293949333712106],[35.59535595355953,29.25402125427506],[35.86175861758619,29.214093174838013],[36.016560165601675,29.189789126485024],[36.066960669606715,29.20020514720774],[36.2829628296283,29.354709454594555],[36.477364773647736,29.495325734351113],[36.59256592565927,29.665454072822],[36.704167041670416,29.832110404385304],[36.75456754567546,29.866830473461008],[36.92736927369273,29.89634253217534],[37.20097200972012,29.946686632335087],[37.47097470974711,29.995294729041063],[37.4889748897489,30.010918760125122],[37.5537755377554,30.14459102606652],[37.632976329763295,30.312983361083624],[37.650976509765115,30.33034339562147],[37.66897668976691,30.347703430159314],[37.86337863378634,30.443183620117466],[37.978579785797876,30.500471734092358],[37.8129781297813,30.66886406910946],[37.65457654576548,30.828576386857634],[37.47817478174784,31.007384742597438],[37.330573305733054,31.14626501890021],[37.10377103771037,31.354585433354345],[36.95976959769598,31.49172970620333],[37.215372153721546,31.55596183399335],[37.49257492574927,31.625401972144743],[37.77337773377735,31.696578113749908],[38.11178111781118,31.781642282985345],[38.37458374583747,31.847610414229152],[38.77058770587706,31.946562611094876],[38.96138961389616,31.99517070780084],[38.99738997389974,32.00732273197734],[39.1449914499145,32.12537096683468],[39.368193681936816,32.09238690121278],[39.702997029970305,32.04204280105303],[40.0270002700027,31.99517070780084],[40.36900369003692,31.939618597279733],[40.48060480604806,31.892746504027556],[40.808208082080824,31.72609017246424],[41.02421024210244,31.616721954875814],[41.27261272612728,31.488257699295758],[41.58581585815858,31.33028138500137],[41.798217982179835,31.220913167412945],[42.075420754207556,31.080296887656388],[42.28782287822878,30.920584569908215],[42.56142561425614,30.717472165815423],[42.85662856628568,30.495263723731],[43.10143101431015,30.321663378352554],[43.439834398344004,30.083830905184072],[43.774637746377465,29.84947043892315],[44.09864098640986,29.61858197956981],[44.361443614436155,29.43456561346865],[44.689046890468916,29.201941150661526],[44.7178471784718,29.193261133392596],[45.049050490504925,29.167221081585836],[45.49905499054992,29.13076500905636],[45.94905949059492,29.096044939980672],[46.355863558635605,29.063060874358754],[46.532265322653245,29.096044939980672],[46.723067230672314,29.075212898535256],[46.98226982269824,29.04570083982091],[47.13707137071373,29.02660480182928],[47.43227432274324,28.990148729299804],[47.52227522275223,28.837380425366774],[47.554675546755476,28.731484214685906],[47.58347583475836,28.62732400745884],[47.669876698766984,28.533579820954472],[47.871478714787145,28.535315824408258],[48.047880478804785,28.537051827862044],[48.267482674826766,28.540523834769616],[48.44388443884441,28.5422598382234],[48.49788497884978,28.448515651719035],[48.5230852308523,28.354771465214668],[48.62748627486275,28.132563023130245],[48.7750877508775,27.9589626777518],[48.80748807488075,27.89646655341555],[48.83268832688327,27.800986363457397],[48.80748807488075,27.764530290927922],[48.79668796687969,27.724602211490875],[48.90468904689047,27.629122021532737],[49.08829088290884,27.549265862658643],[49.15669156691567,27.528433821213227],[49.23589235892359,27.49197774868375],[49.17469174691749,27.438161641616432],[49.28269282692827,27.309697386036376],[49.405094050940505,27.18123313045632],[49.538295382953834,27.15172107174199],[49.71829718297184,26.955552681464326],[49.98469984699847,26.828824429338056],[50.150301503015044,26.66216809777474],[50.13590135901359,26.65869609086718],[50.08550085500855,26.676056125405026],[50.02790027900281,26.698624170304214],[50.00990009900099,26.677792128858798],[50.00990009900099,26.60835199070742],[50.02790027900281,26.526759828379554],[50.11070110701107,26.45558368677439],[50.18630186301863,26.405239586614627],[50.21510215102151,26.308023393202703],[50.15390153901541,26.099702978748553],[50.13590135901359,26.10143898220234],[50.09630096300964,26.118799016740184],[50.05310053100533,26.122271023647755],[50.03150031500317,26.110118999471254],[50.08190081900821,25.960822702445796],[50.12870128701289,25.846246474496013],[50.18990189901899,25.755974294899218],[50.24030240302403,25.622302028957805],[50.27990279902801,25.5667499184367],[50.45630456304565,25.42439763522637],[50.50670506705069,25.306349400369015],[50.55710557105573,25.08587696173838],[50.66510665106651,24.964356719973466],[50.72630726307264,24.868876530015314],[50.805508055080566,24.789020371141234],[50.855908559085606,24.679652153552794],[50.9279092790928,24.594587984317357],[50.96750967509675,24.57375594287194],[51.021510215102154,24.565075925603026],[51.09351093510935,24.565075925603026],[51.17631176311764,24.585907967048442],[51.26631266312663,24.606740008493844],[51.33831338313385,24.565075925603026],[51.41031410314105,24.57028393596437],[51.41751417514175,24.530355856527336],[51.37071370713707,24.476539749460017],[51.30951309513097,24.341131480064817],[51.39591395913959,24.318563435165615],[51.475114751147515,24.308147414442914],[51.53631536315365,24.28557936954371],[51.56871568715687,24.28557936954371],[51.56871568715687,24.25780331428315],[51.57231572315723,24.127603055249324],[51.59391593915939,24.078994958543348],[51.629916299163,24.035594872198743],[51.683916839168404,23.969626740954922],[51.73791737917381,23.903658609711115],[51.79551795517955,23.837690478467294],[51.84951849518495,23.773458350677274],[51.90351903519036,23.707490219433467],[51.961119611196125,23.641522088189646],[52.01512015120153,23.577289960399625],[52.06912069120693,23.511321829155804],[52.12312123121231,23.445353697911997],[52.18072180721808,23.379385566668176],[52.23472234722348,23.315153438878156],[52.288722887228886,23.24918530763435],[52.346323463234654,23.183217176390528],[52.40032400324003,23.11724904514672],[52.454324543245434,23.053016917356686],[52.50832508325084,22.98704878611288],[52.555125551255514,22.93323267904556],[52.6379263792638,22.922816658322844],[52.66672666726669,22.919344651415273],[52.74232742327425,22.910664634146357],[52.857528575285755,22.8950406030623],[53.01233012330124,22.877680568524454],[53.192331923319244,22.85511252362525],[53.393933939339405,22.830808475272264],[53.60993609936099,22.804768423465504],[53.83313833138331,22.776992368204944],[54.056340563405655,22.749216312944398],[54.26874268742688,22.723176261137624],[54.47034470344704,22.69887221278465],[54.65394653946541,22.676304167885448],[54.80514805148053,22.657208129893817],[54.9239492394924,22.643320102263544],[54.99954999549996,22.634640084994615],[55.02475024750248,22.631168078087043],[55.103951039510406,22.620752057364342],[55.118351183511834,22.624224064271914],[55.186751867518694,22.704080223145994],[55.25875258752589,22.591239998649996],[55.319953199531994,22.497495812145644],[55.40275402754028,22.367295553111802],[55.49275492754927,22.230151280262817],[55.57915579155792,22.099951021228975],[55.640356403564056,22.000998824363265],[55.60795607956081,21.900310624043755],[55.571955719557195,21.789206403001543],[55.53595535955361,21.679838185413118],[55.496354963549635,21.568733964370907],[55.46035460354605,21.457629743328695],[55.42435424354244,21.346525522286484],[55.388353883538855,21.235421301244273],[55.35235352353524,21.126053083655847],[55.312753127531295,21.014948862613636],[55.27675276752768,20.903844641571425],[55.24075240752407,20.792740420529213],[55.204752047520486,20.683372202940788],[55.168751687516874,20.57226798189859],[55.13275132751329,20.46116376085638],[55.093150931509314,20.35005953981417],[55.05715057150573,20.240691322225743],[55.02115021150212,20.12958710118353],[54.977949779497806,19.995914835242118],[54.869948699487,19.96119476616643],[54.700747007470085,19.903906652191537],[54.52794527945281,19.846618538216646],[54.35514355143553,19.789330424241754],[54.182341823418255,19.730306306813077],[54.00954009540095,19.6730181928382],[53.84033840338404,19.615730078863308],[53.66753667536676,19.558441964888416],[53.494734947349485,19.501153850913525],[53.32193321933221,19.443865736938633],[53.14913149131493,19.386577622963742],[52.97992979929799,19.32928950898885],[52.807128071280715,19.27200139501396],[52.63432634326344,19.21471328103908],[52.46152461524616,19.15742516706419],[52.29232292322925,19.1001370530893],[52.11952119521197,19.042848939114407],[51.97911979119792,18.99597684586223]]],[[[36.596165961659636,25.7125742085546],[36.585365853658544,25.698686180924327],[36.54216542165423,25.7351422534538],[36.545765457654596,25.811526405420324],[36.58176581765818,25.854926491764928],[36.578165781657816,25.795902374336265],[36.596165961659636,25.7351422534538],[36.596165961659636,25.7125742085546]]]]}},{"type":"Feature","id":"634","properties":{"name":"Qatar","code":"QA","label":[51.18436750888732,25.30480194107316]},"geometry":{"type":"MultiPolygon","coordinates":[[[[51.26631266312663,24.606740008493844],[51.17631176311764,24.585907967048442],[51.09351093510935,24.565075925603026],[51.021510215102154,24.565075925603026],[50.96750967509675,24.57375594287194],[50.9279092790928,24.594587984317357],[50.855908559085606,24.679652153552794],[50.805508055080566,24.789020371141234],[50.83430834308345,24.849780492023683],[50.84510845108451,24.887972568006944],[50.77670776707768,25.17788514478896],[50.755107551075525,25.400093586873382],[50.762307623076225,25.445229676671786],[50.8019080190802,25.49730978028532],[50.870308703087034,25.611886008235103],[50.90270902709028,25.724726232731086],[51.00351003510036,25.981654743891198],[51.107911079110806,26.080606940756923],[51.26271262712629,26.153519085815873],[51.38871388713889,26.011166802605544],[51.54351543515435,25.90179858501712],[51.57231572315723,25.780278343252192],[51.525515255152555,25.681326146386482],[51.48591485914861,25.525085835545866],[51.51111511115113,25.452173690486916],[51.51831518315183,25.38967756615068],[51.56151561515617,25.283781355469827],[51.601116011160116,25.148373086074628],[51.608316083160844,25.052892896116475],[51.58671586715869,24.964356719973466],[51.532715327153284,24.891444574914516],[51.42831428314284,24.667500129376307],[51.39591395913959,24.644932084477105],[51.26631266312663,24.606740008493844]]]]}},{"type":"Feature","id":"608","properties":{"name":"Philippines","code":"PH","label":[122.9193460278243,11.728606411950274]},"geometry":{"type":"MultiPolygon","coordinates":[[[[121.09981099811,18.615792089483406],[121.25461254612549,18.563711985869872],[121.59301593015931,18.37622361286114],[121.71541715417158,18.329351519608963],[121.84501845018451,18.294631450533274],[121.94581945819459,18.285951433264344],[122.03942039420394,18.327615516155177],[122.07542075420753,18.371015602499796],[122.14742147421475,18.48732783390335],[122.21942219422198,18.501215861533623],[122.26622266222665,18.459551778642805],[122.29862298622987,18.402263664667913],[122.3166231662317,18.320671502340033],[122.29502295022951,18.23387132965081],[122.22302223022234,18.15748717768429],[122.17982179821797,18.06374299117992],[122.15102151021512,17.756470379860062],[122.15102151021512,17.66446219680948],[122.17622176221761,17.575926020666472],[122.23742237422374,17.43530974090993],[122.26982269822702,17.395381661472882],[122.36342363423637,17.345037561313134],[122.38862388623886,17.306845485329873],[122.39222392223922,17.239141350632266],[122.40662406624068,17.178381229749817],[122.46782467824681,17.155813184850615],[122.51822518225185,17.124565122682498],[122.50022500225003,17.058596991438677],[122.46782467824681,16.990892856741084],[122.42462424624244,16.82250052172398],[122.22662226622265,16.435371751530027],[122.21582215822161,16.352043585748376],[122.13662136621366,16.18538725418506],[121.97461974619745,16.1576111989245],[121.78741787417874,16.07775504005042],[121.68661686616866,16.01525891571417],[121.59661596615967,15.933666753386305],[121.56061560615609,15.826034539251651],[121.58941589415895,15.77742644254569],[121.60741607416077,15.725346338932155],[121.60741607416077,15.66979422841105],[121.57861578615785,15.622922135158873],[121.48861488614887,15.510081910662876],[121.45261452614528,15.41633772415851],[121.41301413014133,15.374673641267677],[121.39141391413915,15.324329541107929],[121.39861398613988,15.267041427133037],[121.43461434614346,15.21669732697329],[121.54261542615427,14.99969689525021],[121.66141661416617,14.789640477342289],[121.68661686616866,14.7653364289893],[121.69381693816939,14.737560373728755],[121.62541625416253,14.68200826320765],[121.6290162901629,14.581320062888139],[121.64701647016471,14.480631862568643],[121.75141751417516,14.234119372131232],[121.76581765817662,14.168151240887426],[121.8018180181802,14.114335133820106],[121.85221852218524,14.062255030206572],[121.91341913419137,14.020590947315739],[122.07902079020789,13.947678802256789],[122.14382143821439,13.93205477117273],[122.21222212222125,13.930318767718944],[122.22662226622265,13.978926864424906],[122.28782287822878,13.996286898962751],[122.27342273422738,14.044894995668727],[122.20142201422016,14.110863126912534],[122.20142201422016,14.147319199442009],[122.23742237422374,14.175095254702555],[122.28422284222842,14.190719285786628],[122.3850238502385,14.263631430845578],[122.48942489424894,14.322655548274241],[122.6262262622626,14.317447537912898],[122.75942759427596,14.284463472290994],[122.85662856628568,14.251479406669077],[122.93582935829357,14.187247278879056],[123.01503015030153,14.079615064744416],[123.0726307263073,13.959830826433276],[123.06903069030693,13.902542712458384],[123.05823058230584,13.845254598483493],[123.05823058230584,13.787966484508615],[123.10143101431015,13.749774408525354],[123.23103231032309,13.748038405071568],[123.29583295832958,13.836574581214578],[123.30663306633068,13.937262781534073],[123.259832598326,13.975454857517335],[123.28143281432813,14.02406295422331],[123.32103321033213,14.062255030206572],[123.3786337863379,14.029270964584654],[123.43263432634325,13.96677484024842],[123.63423634236341,13.899070705550827],[123.68463684636845,13.89733470209704],[123.72423724237245,13.88518267792054],[123.81423814238144,13.836574581214578],[123.85743857438575,13.800118508685102],[123.80703807038071,13.721998353264794],[123.60543605436055,13.70463831872695],[123.54783547835478,13.645614201298272],[123.60903609036092,13.527565966440932],[123.70263702637027,13.43208577648278],[123.7638376383764,13.353965621062471],[123.8178381783818,13.268901451827034],[123.8178381783818,13.190781296406726],[123.78543785437853,13.110925137532647],[123.87183871838721,13.11613314789399],[123.95463954639547,13.100509116809931],[124.069840698407,13.031068978658553],[124.10584105841059,13.025860968297195],[124.14184141841417,13.03627698901991],[124.13824138241381,12.791500502036286],[124.05904059040591,12.567556056498077],[123.9618396183962,12.595332111758637],[123.87903879038794,12.689076298263004],[123.89343893438934,12.805388529666558],[123.94743947439474,12.91649275070877],[123.91863918639189,12.940796799061758],[123.86463864638648,12.930380778339043],[123.80343803438035,12.906076729986069],[123.73503735037349,12.89739671271714],[123.62703627036274,12.911284740347412],[123.40383403834039,13.032804982112339],[123.31023310233104,13.044957006288826],[123.28863288632886,13.098773113356145],[123.29583295832958,13.215085344759714],[123.2058320583206,13.353965621062471],[123.19143191431914,13.402573717768448],[123.16263162631628,13.44250179720548],[122.89622896228963,13.591798094230953],[122.8638286382864,13.617838146037727],[122.78102781027809,13.737622384348853],[122.59382593825939,13.907750722819742],[122.54342543425435,13.925110757357587],[122.48582485824858,13.930318767718944],[122.46782467824681,13.886918681374326],[122.4930249302493,13.820950550130519],[122.5038250382504,13.763662436155627],[122.50022500225003,13.702902315273164],[122.50742507425076,13.656030222020988],[122.59742597425975,13.562286035516621],[122.60822608226084,13.517149945718216],[122.66942669426697,13.395629703953304],[122.67662676626765,13.253277420742975],[122.60102601026011,13.194253303314298],[122.51462514625149,13.260221434558105],[122.51102511025113,13.314037541625424],[122.49662496624967,13.364381641785187],[122.40662406624068,13.492845897365243],[122.37782377823777,13.520621952625788],[122.20502205022052,13.649086208205844],[122.07182071820722,13.787966484508615],[121.77661776617765,13.937262781534073],[121.74421744217443,13.945942798803003],[121.69021690216903,13.933790774626516],[121.64341643416435,13.916430740088671],[121.49941499414996,13.841782591575935],[121.44901449014492,13.791438491416173],[121.44541445414455,13.711582332542093],[121.34461344613447,13.649086208205844],[121.20421204212045,13.640406190936929],[121.09621096210964,13.680334270373962],[121.00621006210065,13.75845442579427],[120.93060930609306,13.761926432701841],[120.84060840608407,13.88518267792054],[120.7290072900729,13.900806709004598],[120.63540635406355,13.80532651904646],[120.61740617406173,13.994550895508965],[120.61740617406173,14.187247278879056],[120.64260642606428,14.244535392853948],[120.68940689406895,14.291407486106124],[120.92340923409233,14.49278388674513],[120.95220952209525,14.558752017988951],[120.94140941409415,14.645552190678174],[120.88740887408875,14.714992328829553],[120.80460804608049,14.758392415174171],[120.70740707407077,14.775752449712016],[120.63900639006391,14.815680529149063],[120.58500585005851,14.88164866039287],[120.54540545405456,14.7653364289893],[120.58140581405814,14.595208090518426],[120.58860588605887,14.482367866022429],[120.55620556205565,14.440703783131596],[120.49500495004952,14.440703783131596],[120.43740437404375,14.452855807308083],[120.3978039780398,14.49278388674513],[120.36540365403653,14.609096118148699],[120.28260282602827,14.683744266661435],[120.25020250202505,14.79311248424986],[120.2142021420214,14.80873651533392],[120.13860138601387,14.80005649806499],[120.0810008100081,14.850400598224752],[120.04500045000452,14.978864853804808],[120.0378003780038,15.114273123199993],[120.00540005400057,15.228849351149776],[119.9585995859959,15.339953572191988],[119.93339933399335,15.430225751788782],[119.89019890198904,15.838186563428152],[119.88299882998831,15.874642635957628],[119.86139861398613,15.905890698125745],[119.80739807398078,15.952762791377936],[119.76779767797677,16.008314901899027],[119.76059760597605,16.055186995151217],[119.77139771397714,16.254827392336438],[119.78939789397896,16.3034354890424],[119.8289982899829,16.326003533941602],[119.88659886598867,16.28781145795834],[119.92979929799299,16.23920336125238],[119.98379983799839,16.21489931289939],[120.03420034200343,16.18538725418506],[120.12420124201242,16.06560301587392],[120.16020160201606,16.048242981336074],[120.27180271802717,16.051714988243646],[120.33660336603367,16.06560301587392],[120.36900369003689,16.109003102218537],[120.38700387003871,16.16108320583207],[120.39060390603908,16.221843326714534],[120.32580325803258,16.40065168245434],[120.30420304203045,16.529115938034394],[120.30420304203045,16.645428169437963],[120.32220322203221,16.761740400841518],[120.4086040860409,16.956172787665395],[120.41940419404193,17.089845053606794],[120.4122041220412,17.270389412800398],[120.42660426604266,17.37628562348125],[120.4230042300423,17.438781747817487],[120.37260372603726,17.53426193777564],[120.35820358203586,17.63842214500272],[120.50580505805061,18.162695188045646],[120.55260552605529,18.263383388365142],[120.58500585005851,18.36927959904601],[120.59940599405996,18.508159875348767],[120.71100711007114,18.546351951332028],[120.81540815408152,18.60364006530692],[120.86940869408693,18.59843205494556],[120.92340923409233,18.58454402731529],[121.05301053010533,18.61405608602962],[121.09981099811,18.615792089483406]]],[[[117.31257312573126,8.439339843398443],[117.21897218972191,8.366427698339493],[117.229772297723,8.456699877936288],[117.2549725497255,8.541764047171739],[117.34857348573485,8.7136283890964],[117.4169741697417,8.76744449616372],[117.52857528575288,8.902852765558919],[117.59337593375938,8.968820896802725],[117.7445774457745,9.099021155836567],[117.88497884978852,9.24137343904691],[117.9317793177932,9.251789459769611],[117.98217982179824,9.253525463223397],[118.02538025380255,9.269149494307456],[118.11538115381154,9.347269649727764],[118.34218342183425,9.60246215743409],[118.53298532985332,9.79342253735038],[118.72738727387275,10.034727017426434],[118.8209882098821,10.105903159031598],[118.84618846188465,10.131943210838372],[119.02259022590226,10.354151652922795],[119.08019080190803,10.385399715090912],[119.14139141391416,10.4097037634439],[119.18459184591848,10.439215822158232],[119.22419224192242,10.477407898141493],[119.28539285392856,10.574624091553432],[119.31419314193141,10.687464316049429],[119.29619296192965,10.75169644383945],[119.26019260192601,10.845440630343816],[119.30699306993068,10.973904885923872],[119.33939339393396,11.03292900335255],[119.46539465394653,11.293329521420233],[119.50139501395017,11.347145628487553],[119.55179551795521,11.31416156286565],[119.55899558995588,11.26728946961346],[119.53379533795339,11.156185248571248],[119.53379533795339,11.102369141503928],[119.56259562595625,11.045081027529037],[119.52659526595266,10.953072844478456],[119.61659616596165,10.70656035404106],[119.68499684996851,10.55205604665423],[119.68859688596888,10.499975943040695],[119.59499594995953,10.407967759990115],[119.54099540995412,10.380191704729555],[119.42219422194222,10.354151652922795],[119.36819368193682,10.32811160111602],[119.28539285392856,10.251727449149499],[119.23139231392315,10.152775252283789],[119.2169921699217,10.100695148670255],[119.1917919179192,10.060767069233208],[118.94698946989473,9.993062934535615],[118.83538835388356,9.949662848190997],[118.78138781387815,9.916678782569093],[118.7561875618756,9.862862675501773],[118.77418774187743,9.76738248554362],[118.5689856898569,9.4219177982405],[118.5041850418504,9.333381622097491],[118.4357843578436,9.255261466677183],[118.34938349383492,9.201445359609863],[118.23058230582308,9.16846129398796],[118.13338133381336,9.100757159290353],[118.06858068580686,8.982708924433012],[117.98937989379897,8.876812713752145],[117.88857888578889,8.798692558331851],[117.78057780577808,8.729252420180472],[117.679776797768,8.677172316566924],[117.57177571775719,8.642452247491235],[117.53937539375397,8.595580154239059],[117.51777517775179,8.538292040264167],[117.46737467374675,8.510515985003607],[117.41337413374134,8.496627957373335],[117.31257312573126,8.439339843398443]]],[[[122.49662496624967,11.614490160370366],[122.6118261182612,11.564146060210618],[122.72702727027269,11.607546146555237],[122.83862838628386,11.595394122378735],[122.93222932229321,11.529425991134929],[122.89982899828999,11.487761908244096],[122.89622896228963,11.44088981499192],[123.10143101431015,11.541578015311416],[123.15903159031592,11.536370004950058],[123.15543155431556,11.442625818445705],[123.14463144631446,11.362769659571612],[123.11943119431197,11.28638550760509],[123.07623076230766,11.196113328008295],[123.01503015030153,11.116257169134201],[122.93942939429394,11.05896905515931],[122.84582845828459,11.022512982629834],[122.80262802628027,10.98952891700793],[122.78822788227882,10.940920820301969],[122.79182791827918,10.880160699419505],[122.77022770227705,10.8246085888984],[122.67302673026734,10.800304540545426],[122.52182521825222,10.692672326410772],[122.19782197821979,10.623232188259394],[122.1078210782108,10.576360095007217],[122.05022050220504,10.513863970670968],[121.9890198901989,10.458311860149863],[121.95301953019532,10.44442383251959],[121.93861938619386,10.470463884326364],[121.9350193501935,10.493031929225552],[121.98181981819818,10.638856219343452],[121.97101971019714,10.699616340225916],[121.94941949419496,10.756904454200807],[121.96381963819641,10.87148068215059],[122.02142021420218,10.97911289628523],[122.05022050220504,11.09716113114257],[122.06102061020613,11.326313587042137],[122.10422104221044,11.642266215630926],[122.10062100621008,11.680458291614187],[122.06822068220686,11.723858377958791],[121.94221942219423,11.75857844703448],[121.89181891818919,11.791562512656384],[121.91701917019174,11.854058636992633],[121.96381963819641,11.897458723337252],[122.02862028620285,11.895722719883466],[122.08622086220862,11.855794640446419],[122.29142291422914,11.772466474664768],[122.39942399423995,11.703026336513375],[122.49662496624967,11.614490160370366]]],[[[123.130231302313,9.064301086760878],[123.06543065430657,9.053885066038177],[122.99342993429934,9.059093076399535],[122.94662946629467,9.107701173105497],[122.86742867428677,9.319493594467204],[122.77382773827742,9.371573698080752],[122.66582665826661,9.409765774063999],[122.6118261182612,9.442749839685916],[122.56142561425617,9.482677919122949],[122.41022410224105,9.69447034048467],[122.39942399423995,9.822934596064727],[122.42462424624244,9.895846741123677],[122.47142471424718,9.961814872367484],[122.52182521825222,9.979174906905328],[122.64782647826479,9.980910910359114],[122.71262712627129,9.989590927628043],[122.85662856628568,10.086807121039968],[122.86742867428677,10.124999197023229],[122.86742867428677,10.284711514771416],[122.85302853028531,10.395815735813628],[122.81702817028173,10.503447949948267],[122.85662856628568,10.553792050108015],[122.90702907029072,10.602400146813977],[122.95742957429576,10.69788033677213],[122.96822968229685,10.765584471469722],[122.96822968229685,10.836760613074901],[122.98262982629825,10.887104713234649],[123.02583025830262,10.911408761587637],[123.22023220232205,10.98952891700793],[123.25623256232564,10.994736927369289],[123.5118351183512,10.923560785764124],[123.56223562235624,10.815928571629485],[123.5658356583566,10.781208502553795],[123.52623526235266,10.661424264242655],[123.49383493834938,10.581568105368575],[123.40743407434076,10.458311860149863],[123.34263342633426,10.324639594208463],[123.29583295832958,10.124999197023229],[123.26703267032673,10.059031065779422],[123.18783187831878,9.934038817106938],[123.16263162631628,9.86459867895556],[123.16263162631628,9.715302381930087],[123.14823148231483,9.659750271408981],[123.14823148231483,9.605934164341662],[123.30663306633068,9.357685670450465],[123.32103321033213,9.317757591013418],[123.32103321033213,9.272621501215028],[123.29223292232922,9.217069390693922],[123.22743227432278,9.12158920073577],[123.19143191431914,9.088605135113866],[123.130231302313,9.064301086760878]]],[[[124.57384573845741,11.343673621579981],[124.64584645846458,11.308953552504292],[124.72504725047253,11.322841580134565],[124.82224822248224,11.400961735554873],[124.93024930249305,11.373185680294313],[124.99504995049949,11.255137445436972],[125.02745027450277,11.211737359092353],[125.04545045450453,11.135353207125831],[125.03825038250386,10.95133684102467],[125.01305013050131,10.786416512915139],[125.0346503465035,10.75169644383945],[125.08505085050854,10.722184385125118],[125.12825128251285,10.683992309141857],[125.16425164251643,10.637120215889666],[125.18945189451898,10.585040112276133],[125.19665196651965,10.456575856696077],[125.26145261452615,10.348943642561437],[125.26865268652688,10.307279559670604],[125.25425254252542,10.263879473326],[125.14985149851498,10.272559490594915],[125.13905139051394,10.23610341806544],[125.14265142651425,10.189231324813264],[125.10665106651066,10.218743383527595],[125.04545045450453,10.322903590754677],[124.98784987849882,10.368039680553068],[125.00585005850058,10.197911342082179],[125.0238502385024,10.114583176300528],[125.02745027450277,10.032991013972648],[124.93024930249305,10.095487138308897],[124.81144811448115,10.135415217745944],[124.77904779047793,10.168399283367847],[124.79344793447933,10.274295494048701],[124.78984789847897,10.32811160111602],[124.73944739447393,10.439215822158232],[124.7970479704797,10.682256305688071],[124.7970479704797,10.732600405847819],[124.78624786247866,10.781208502553795],[124.73944739447393,10.880160699419505],[124.6638466384664,10.961752861747385],[124.61704617046172,10.961752861747385],[124.50184501845018,10.904464747772494],[124.44424444244441,10.923560785764124],[124.4118441184412,11.15097723820989],[124.36504365043652,11.371449676840527],[124.3326433264333,11.427001787361633],[124.30744307443075,11.48602590479031],[124.32904329043294,11.534634001496286],[124.37584375843761,11.515537963504656],[124.43704437044374,11.456513846075978],[124.51264512645128,11.423529780454075],[124.54864548645486,11.395753725193515],[124.57384573845741,11.343673621579981]]],[[[125.23985239852402,12.52762797706103],[125.31185311853119,12.446035814733165],[125.32625326253265,12.387011697304487],[125.31905319053192,12.32104356606068],[125.35145351453514,12.29326751080012],[125.4090540905409,12.284587493531205],[125.48105481054813,12.251603427909288],[125.53505535055353,12.190843307026839],[125.50265502655026,12.135291196505733],[125.51345513455135,12.05543503763164],[125.45585455854558,11.953010833858357],[125.46305463054631,11.770730471210982],[125.49545495454953,11.71344235723609],[125.4990549905499,11.656154243261199],[125.49185491854922,11.59365811892495],[125.50625506255062,11.545050022218987],[125.5926559265593,11.37839369065567],[125.61065610656107,11.322841580134565],[125.58185581855821,11.279441493789946],[125.57465574655748,11.237777410899128],[125.62865628656289,11.234305403991556],[125.70425704257042,11.164865265840177],[125.74745747457473,11.072857082789596],[125.7366573665737,11.050289037890394],[125.67545675456756,11.121465179495559],[125.62865628656289,11.13188120021826],[125.43065430654309,11.112785162226643],[125.31185311853119,11.142297220940975],[125.2326523265233,11.145769227848547],[125.1570515705157,11.26728946961346],[125.0886508865089,11.288121511058876],[125.0346503465035,11.341937618126195],[124.94464944649445,11.47908189097518],[124.9158491584916,11.55893804984926],[124.98064980649809,11.638794208723354],[124.99864998649986,11.703026336513375],[124.99504995049949,11.765522460849624],[124.93384933849342,11.755106440126909],[124.88344883448838,11.775938481572325],[124.82224822248224,11.852322633538847],[124.7970479704797,11.895722719883466],[124.75024750247502,11.933914795866727],[124.67824678246785,12.02071496855595],[124.57024570245704,12.05543503763164],[124.5306453064531,12.079739085984627],[124.44424444244441,12.152651231043578],[124.3866438664387,12.244659414094158],[124.32544325443257,12.404371731842332],[124.2930429304293,12.569292059951863],[124.56664566645668,12.525891973607244],[124.84024840248401,12.534571990876174],[125.14985149851498,12.572764066859435],[125.23985239852402,12.52762797706103]]],[[[120.70380703807041,13.478957869734955],[120.75420754207545,13.47027785246604],[120.9162091620916,13.501525914634158],[120.9810098100981,13.485901883550099],[121.02421024210241,13.428613769575207],[121.07821078210782,13.411253735037363],[121.12141121411213,13.381741676323031],[121.20421204212045,13.43208577648278],[121.28341283412834,13.374797662507888],[121.35541355413557,13.265429444919462],[121.44181441814419,13.18904529295294],[121.52101521015209,13.131757178978049],[121.5390153901539,13.088357092633444],[121.48861488614887,13.018916954482066],[121.47421474214741,12.932116781792828],[121.48141481414814,12.836636591834676],[121.5390153901539,12.638732198103241],[121.52101521015209,12.584916091035922],[121.45621456214565,12.5085319390694],[121.41301413014133,12.423467769833962],[121.4166141661417,12.388747700758273],[121.39861398613988,12.360971645497713],[121.39501395013951,12.300211524615264],[121.35541355413557,12.312363548791751],[121.32301323013229,12.303683531522836],[121.29061290612907,12.275907476262276],[121.23661236612367,12.218619362287384],[121.1538115381154,12.235979396825229],[121.11781117811177,12.253339431363074],[121.10701107011073,12.303683531522836],[121.08181081810818,12.338403600598525],[121.04941049410496,12.359235642043942],[120.96300963009634,12.446035814733165],[120.92340923409233,12.512003945976971],[120.91980919809197,12.58144408412835],[120.89820898208984,12.645676211918385],[120.85500855008553,12.702964325893277],[120.79740797407976,12.748100415691667],[120.77580775807758,12.7897644985825],[120.76860768607685,12.840108598742248],[120.76500765007648,12.97030885777609],[120.67860678606786,13.130021175524263],[120.649806498065,13.16994925496131],[120.57420574205742,13.20814133094457],[120.50940509405098,13.260221434558105],[120.48060480604806,13.310565534717867],[120.45540455404557,13.393893700499518],[120.43740437404375,13.406045724676005],[120.38700387003871,13.400837714314662],[120.34020340203404,13.412989738491149],[120.35100351003513,13.473749859373612],[120.40140401404017,13.517149945718216],[120.46980469804697,13.522357956079574],[120.65340653406537,13.498053907726586],[120.70380703807041,13.478957869734955]]],[[[126.00666006660066,9.32122959792099],[126.08586085860861,9.26046947703854],[126.19386193861942,9.2760935081226],[126.19026190261906,9.125061207643341],[126.20826208262082,9.079925117844937],[126.30546305463054,8.95146086226488],[126.31986319863199,8.845564651584027],[126.26226262262622,8.743140447810745],[126.21906219062191,8.696268354558555],[126.13986139861402,8.626828216407176],[126.13986139861402,8.595580154239059],[126.17226172261724,8.56086008516337],[126.28386283862841,8.540028043717953],[126.36666366663667,8.484475933196848],[126.38106381063812,8.32649961890246],[126.46026460264602,8.203243373683748],[126.45666456664566,8.149427266616428],[126.42426424264244,7.927218824532005],[126.43506435064353,7.8334746380276385],[126.4926649266493,7.757090486061131],[126.54306543065434,7.724106420439213],[126.5718657186572,7.677234327187037],[126.59346593465938,7.547034068153195],[126.58986589865901,7.3248256260687725],[126.58266582665829,7.2484414741022505],[126.5466654666547,7.1755293290433],[126.4386643866439,7.012345004387555],[126.2946629466295,6.882144745353713],[126.21546215462155,6.890824762622643],[126.19386193861942,6.852632686639382],[126.2406624066241,6.734584451782027],[126.22266222662228,6.482863950983273],[126.19026190261906,6.309263605604826],[126.14346143461438,6.397799781747835],[126.1110611106111,6.489807964798416],[126.07866078660788,6.732848448328241],[126.0426604266043,6.843952669370452],[125.98505985059853,6.9429048662361765],[125.95985959859598,7.033177045832971],[125.90225902259021,7.116505211614637],[125.82305823058232,7.333505643337702],[125.77265772657728,7.321353619161201],[125.68985689856902,7.2623295017325376],[125.6718567185672,7.222401422295491],[125.6610566105661,7.1599052979592415],[125.63945639456398,7.104353187438136],[125.54225542255426,7.015817011295127],[125.46305463054631,6.911656804068059],[125.40185401854018,6.79534457266449],[125.38025380253805,6.6894483619836365],[125.43425434254345,6.607856199655757],[125.48825488254886,6.5731361305800675],[125.56385563855639,6.500223985521117],[125.58905589055894,6.465503916445428],[125.6718567185672,6.224199436369375],[125.66825668256683,5.979422949385764],[125.6070560705607,5.870054731797339],[125.45585455854558,5.663470320796975],[125.34785347853477,5.59923819300694],[125.2866528665287,5.632222258628843],[125.23985239852402,5.757214507301342],[125.2326523265233,5.80755860746109],[125.26505265052651,5.92560684231843],[125.26865268652688,6.033239056453084],[125.2326523265233,6.069695128982559],[125.18945189451898,6.062751115167416],[125.17505175051753,6.047127084083357],[125.07785077850781,5.906510804326814],[125.0346503465035,5.870054731797339],[124.97344973449736,5.866582724889767],[124.92664926649269,5.875262742158682],[124.63504635046354,5.9985189873773805],[124.39744397443974,6.120039229142307],[124.2138421384214,6.232879453638304],[124.07704077040773,6.404743795562965],[124.04824048240482,6.533208051143021],[124.04824048240482,6.666880317084434],[123.98703987039869,6.863048707362083],[123.97983979839802,6.929016838605904],[123.98703987039869,6.9932489663959245],[124.04464044640446,7.114769208160851],[124.11664116641168,7.1755293290433],[124.159841598416,7.218929415387919],[124.19224192241921,7.267537512093881],[124.2138421384214,7.331769639883916],[124.20664206642067,7.396001767673937],[124.18144181441818,7.435929847110984],[124.06624066240664,7.578282130321313],[123.96903969039693,7.66508230301055],[123.7638376383764,7.743202458430844],[123.71703717037173,7.784866541321676],[123.66663666636668,7.81785060694358],[123.60903609036092,7.831738634573853],[123.55143551435515,7.831738634573853],[123.49383493834938,7.807434586220879],[123.47583475834762,7.757090486061131],[123.48303483034829,7.71021839280894],[123.47583475834762,7.66508230301055],[123.38943389433894,7.408153791850438],[123.28143281432813,7.463705902371544],[123.17703177031774,7.5296740336153505],[123.15183151831519,7.574810123413755],[123.13743137431373,7.6303622339348465],[123.11943119431197,7.666818306464322],[123.09783097830979,7.699802372086239],[123.04743047430475,7.614738202850788],[122.98982989829898,7.547034068153195],[122.91782917829181,7.5296740336153505],[122.84222842228422,7.5296740336153505],[122.81702817028173,7.559186092329682],[122.79182791827918,7.722370416985427],[122.71262712627129,7.774450520598975],[122.61542615426157,7.762298496422474],[122.49662496624967,7.672026316825679],[122.47502475024748,7.639042251203776],[122.449824498245,7.560922095783468],[122.32022320223206,7.340449657152831],[122.2518225182252,7.170321318681957],[122.17622176221761,7.00366498711864],[122.14382143821439,6.94984888005132],[122.09702097020971,6.913392807521845],[122.02862028620285,6.929016838605904],[121.96381963819641,6.968944918042951],[121.90261902619028,7.074841128723804],[121.92421924219241,7.199833377396288],[121.99261992619927,7.277953532816596],[122.04662046620467,7.3630177020520335],[122.11502115021153,7.659874292649192],[122.1186211862119,7.765770503330046],[122.1330213302133,7.8109065931284505],[122.24462244622447,7.94457885906985],[122.33822338223382,8.027907024851515],[122.3850238502385,8.04526705938936],[122.59022590225902,8.093875156095322],[122.67302673026734,8.133803235532369],[122.80262802628027,8.133803235532369],[122.91062910629108,8.156371280431571],[122.9970299702997,8.220603408221592],[123.00423004230043,8.286571539465413],[122.9970299702997,8.356011677616792],[123.01863018630189,8.397675760507624],[123.05103051030511,8.4341318330371],[123.09423094230942,8.481003926289276],[123.14823148231483,8.515723995364965],[123.29223292232922,8.541764047171739],[123.34263342633426,8.57127610588607],[123.3786337863379,8.616412195684475],[123.43623436234361,8.703212368373698],[123.49743497434974,8.682380326928282],[123.56223562235624,8.647660257852593],[123.68103681036814,8.619884202592047],[123.78183781837822,8.546972057533083],[123.85023850238503,8.432395829583314],[123.86103861038612,8.376843719062208],[123.87903879038794,8.189355346053475],[123.85383853838539,8.145955259708856],[123.75303753037531,8.057419083565847],[123.79983799837999,8.048739066296932],[123.92943929439298,8.128595225171011],[123.99783997839978,8.159843287339143],[124.159841598416,8.201507370229962],[124.19944199441994,8.229283425490522],[124.22464224642249,8.270947508381354],[124.28224282242826,8.385523736331123],[124.32544325443257,8.508779981549836],[124.35784357843579,8.559124081709584],[124.40464404644047,8.59905216114663],[124.45144451444514,8.60599617496176],[124.62064620646208,8.522668009180109],[124.73224732247326,8.562596088617155],[124.76104761047611,8.689324340743426],[124.78624786247866,8.873340706844587],[124.80784807848079,8.923684807004335],[124.86904869048692,8.972292903710297],[124.94464944649445,8.956668872626238],[125.04545045450453,8.890700741382432],[125.14265142651425,8.86813269648323],[125.17505175051753,8.92194880355055],[125.21105211052111,9.027845014231403],[125.2470524705247,9.026109010777617],[125.37665376653769,8.991388941701928],[125.4990549905499,9.01395698660113],[125.53505535055353,9.1406852387274],[125.50985509855099,9.2760935081226],[125.41265412654127,9.668430288677897],[125.47025470254704,9.756966464820906],[125.52065520655208,9.758702468274691],[125.64305643056434,9.654542261047624],[125.87705877058772,9.51392598129108],[125.95625956259562,9.427125808601843],[126.00666006660066,9.32122959792099]]],[[[123.37143371433717,9.449693853501046],[123.33183331833317,9.423653801694286],[123.31743317433177,9.489621932938093],[123.32823328233286,9.578158109081102],[123.40383403834039,9.888902727308533],[123.38583385833857,9.967022882728841],[123.51543515435156,10.140623228107302],[123.59463594635946,10.302071549309261],[123.709837098371,10.473935891233921],[123.72783727837282,10.562472067376945],[123.83223832238326,10.730864402394033],[123.92943929439298,10.963488865201171],[123.92583925839261,11.041609020621465],[123.9510395103951,11.079801096604726],[123.96543965439656,11.137089210579617],[123.96543965439656,11.187433310739365],[124.03744037440373,11.274233483428603],[124.05904059040591,11.216945369453711],[124.03744037440373,11.1058411484115],[124.0410404104041,11.053761044797966],[124.05184051840519,11.029456996444978],[124.05184051840519,10.92529678921791],[124.0266402664027,10.767320474923508],[124.05184051840519,10.585040112276133],[124.00504005040051,10.399287742721185],[123.9510395103951,10.315959576939534],[123.87543875438757,10.256935459510856],[123.78903789037889,10.220479386981381],[123.6990369903699,10.1284712039308],[123.6450364503645,10.020838989796161],[123.63423634236341,9.921886792930437],[123.49383493834938,9.588574129803817],[123.37143371433717,9.449693853501046]]],[[[121.9206192061921,18.89528864554272],[121.85941859418597,18.82237650048377],[121.82341823418233,18.843208541929187],[121.85941859418597,18.912648680080565],[121.85941859418597,18.936952728433553],[121.88821888218882,18.990768835500873],[121.94221942219423,19.009864873492504],[121.9890198901989,18.956048766425184],[121.9206192061921,18.89528864554272]]],[[[121.52101521015209,19.362273574610768],[121.53181531815318,19.27200139501396],[121.47061470614705,19.273737398467745],[121.38421384213842,19.32928950898885],[121.37341373413733,19.35706556424941],[121.3770137701377,19.379633609148613],[121.39141391413915,19.398729647140243],[121.52101521015209,19.362273574610768]]],[[[121.96021960219605,20.365683570898227],[121.94221942219423,20.353531546721726],[121.91341913419137,20.358739557083084],[121.94221942219423,20.454219747041236],[121.99261992619927,20.48025979884801],[122.03222032220322,20.469843778125295],[121.96021960219605,20.365683570898227]]],[[[121.87741877418773,20.782324399806512],[121.83061830618306,20.700732237478647],[121.79101791017911,20.700732237478647],[121.79821798217984,20.745868327277037],[121.84861848618488,20.84134851723519],[121.8666186661867,20.839612513781404],[121.87741877418773,20.782324399806512]]],[[[121.16101161011613,6.074903139343903],[121.21501215012154,6.003726997738738],[121.28341283412834,6.022823035730369],[121.39141391413915,6.001990994284952],[121.41301413014133,5.963798918301691],[121.40941409414097,5.939494869948717],[121.29421294212943,5.870054731797339],[121.21861218612185,5.942966876856289],[121.08181081810818,5.892622776696527],[121.01701017010168,5.922134835410873],[120.93060930609306,5.896094783604099],[120.87660876608766,5.95338289757899],[120.89820898208984,6.00719900464631],[121.03861038610387,6.095735180789319],[121.16101161011613,6.074903139343903]]],[[[117.07857078570788,7.883818738187401],[117.02817028170284,7.807434586220879],[116.97056970569707,7.894234758910102],[116.97416974169744,8.0174910041288],[116.9921699216992,8.050475069750718],[117.07857078570788,8.069571107742348],[117.07857078570788,7.883818738187401]]],[[[119.91539915399153,10.486087915410423],[119.79299792997932,10.45483985324229],[119.76419764197641,10.55205604665423],[119.85059850598509,10.640592222797238],[119.95139951399517,10.604136150267763],[120.00900009000094,10.569416081192074],[119.98019980199803,10.538168019023956],[119.91539915399153,10.486087915410423]]],[[[120.09900099000993,12.168275262127636],[120.15300153001533,12.152651231043578],[120.19260192601928,12.16653925867385],[120.22860228602286,12.22035536574117],[120.26100261002614,12.142235210320862],[120.34020340203404,12.078003082530842],[120.31500315003149,12.01203495128702],[120.24300243002432,12.005090937471891],[120.17460174601746,12.018978965102164],[120.09900099000993,11.992938913295404],[120.00900009000094,12.008562944379463],[119.9585995859959,12.069323065261912],[119.89739897398977,12.178691282850338],[119.86499864998649,12.199523324295754],[119.86859868598685,12.244659414094158],[119.89019890198904,12.272435469354704],[119.87939879398795,12.279379483169848],[119.88659886598867,12.300211524615264],[119.89739897398977,12.314099552245537],[119.91539915399153,12.319307562606895],[119.9621996219962,12.270699465900918],[120.07740077400774,12.197787320841968],[120.09900099000993,12.168275262127636]]],[[[120.0378003780038,11.703026336513375],[119.9621996219962,11.670042270891472],[119.94419944199444,11.690874312336888],[119.93339933399335,11.73948240904285],[119.93339933399335,11.77420247811854],[119.86139861398613,11.954746837312143],[119.91539915399153,11.980786889118903],[119.95499954999553,11.959954847673487],[119.99819998199985,11.932178792412941],[120.03420034200343,11.916554761328882],[120.07020070200701,11.861002650807777],[120.06300063000629,11.82107457137073],[120.07380073800738,11.782882495387469],[120.0378003780038,11.703026336513375]]],[[[122.64782647826479,10.472199887780135],[122.6226262262623,10.458311860149863],[122.59742597425975,10.461783867057434],[122.53982539825398,10.42532779452796],[122.51822518225185,10.493031929225552],[122.53622536225362,10.607608157175335],[122.6262262622626,10.694408329864558],[122.64782647826479,10.722184385125118],[122.67302673026734,10.739544419662963],[122.7018270182702,10.741280423116748],[122.73062730627305,10.70656035404106],[122.73782737827378,10.654480250427525],[122.68022680226801,10.49823993958691],[122.64782647826479,10.472199887780135]]],[[[124.59544595445954,9.786478523535251],[124.5846458464585,9.750022451005776],[124.50544505445055,9.753494457913348],[124.47664476644769,9.74828644755199],[124.40464404644047,9.654542261047624],[124.36144361443615,9.630238212694636],[124.12384123841241,9.598990150526518],[123.93663936639365,9.623294198879506],[123.87183871838721,9.67537430249304],[123.8286382863829,9.760438471728477],[123.8178381783818,9.817726585703369],[123.86463864638648,9.878486706585832],[123.9078390783908,9.920150789476665],[124.05904059040591,10.000006948350745],[124.0950409504095,10.060767069233208],[124.17424174241745,10.135415217745944],[124.33624336243366,10.159719266098932],[124.35064350643506,10.140623228107302],[124.37224372243725,10.130207207384586],[124.40464404644047,10.126735200477015],[124.48744487444878,10.065975079594565],[124.57744577445777,10.026047000157519],[124.55584555845559,9.878486706585832],[124.58104581045814,9.82987860987987],[124.59544595445954,9.786478523535251]]],[[[120.25020250202505,5.257245512611391],[120.2250022500225,5.1964853917289275],[120.19260192601928,5.168709336468382],[120.14940149401497,5.184333367552441],[120.11700117001169,5.215581429720558],[120.09900099000993,5.168709336468382],[120.01260012600125,5.151349301930537],[119.9585995859959,5.080173160325373],[119.87579875798758,5.059341118879956],[119.82179821798218,5.0697571396026575],[119.8289982899829,5.133989267392693],[119.98379983799839,5.227733453897059],[120.0810008100081,5.264189526426534],[120.16380163801637,5.331893661124127],[120.20700207002074,5.340573678393042],[120.22860228602286,5.283285564418165],[120.25020250202505,5.257245512611391]]],[[[122.09342093420935,6.429047843915953],[121.99261992619927,6.41515981628568],[121.96021960219605,6.41515981628568],[121.8810188101881,6.517584020058962],[121.87381873818737,6.562720109857366],[121.80901809018093,6.613064210017114],[121.83061830618306,6.663408310176862],[121.91341913419137,6.675560334353364],[122.05742057420576,6.74152846559717],[122.28782287822878,6.6391042618238885],[122.32382323823242,6.602648189294413],[122.2518225182252,6.580080144395211],[122.20142201422016,6.482863950983273],[122.09342093420935,6.429047843915953]]],[[[126.06066060660606,9.765646482089835],[126.04626046260466,9.760438471728477],[125.99225992259926,9.838558627148785],[125.99945999459993,9.927094803291794],[126.07506075060752,10.059031065779422],[126.12906129061292,9.942718834375853],[126.12906129061292,9.89063873076232],[126.1218612186122,9.86459867895556],[126.17226172261724,9.800366551165524],[126.13626136261365,9.76738248554362],[126.06066060660606,9.765646482089835]]],[[[125.68985689856902,9.914942779115307],[125.6718567185672,9.887166723854747],[125.65025650256501,9.944454837829639],[125.58905589055894,9.998270944896959],[125.53505535055353,10.09027912794754],[125.49545495454953,10.1180551832081],[125.52065520655208,10.19096732826705],[125.52425524255244,10.30901556312439],[125.58185581855821,10.36283167019171],[125.6070560705607,10.380191704729555],[125.64665646656465,10.437479818704446],[125.66825668256683,10.440951825612018],[125.68625686256865,10.392343728906056],[125.64665646656465,10.24478343533437],[125.70425704257042,10.071183089955909],[125.68265682656829,9.96355087582127],[125.69345693456938,9.939246827468295],[125.68985689856902,9.914942779115307]]],[[[120.27180271802717,13.75151041197914],[120.27180271802717,13.683806277281533],[120.10260102601029,13.782758474147258],[120.09900099000993,13.817478543222947],[120.10260102601029,13.841782591575935],[120.12060120601205,13.857406622659994],[120.2106021060211,13.820950550130519],[120.27180271802717,13.75151041197914]]],[[[121.91341913419137,13.539717990617419],[121.97821978219781,13.537981987163633],[121.99621996219963,13.546662004432562],[122.11502115021153,13.463333838650897],[122.1078210782108,13.421669755760078],[122.12222122221226,13.364381641785187],[122.0538205382054,13.268901451827034],[122.04302043020431,13.23591738620513],[122.00342003420036,13.204669324036999],[121.87741877418773,13.281053476003521],[121.83061830618306,13.327925569255711],[121.81621816218166,13.425141762667636],[121.8666186661867,13.565758042424193],[121.91341913419137,13.539717990617419]]],[[[122.09342093420935,12.354027631682584],[122.01422014220145,12.105779137791387],[121.96021960219605,12.190843307026839],[121.98181981819818,12.244659414094158],[121.9350193501935,12.289795503892549],[121.92421924219241,12.331459586783382],[121.94221942219423,12.385275693850701],[121.9890198901989,12.43561979401045],[121.9998199982,12.598804118666195],[122.10422104221044,12.650884222279743],[122.14382143821439,12.652620225733529],[122.12942129421293,12.612692146296482],[122.1330213302133,12.538043997783745],[122.09342093420935,12.354027631682584]]],[[[122.65502655026552,12.30889154188418],[122.60462604626048,12.286323496984991],[122.50022500225003,12.383539690396915],[122.4390243902439,12.42867578019532],[122.42462424624244,12.45471583200208],[122.47142471424718,12.491171904531555],[122.60462604626048,12.491171904531555],[122.67302673026734,12.423467769833962],[122.68382683826837,12.38180368694313],[122.65502655026552,12.30889154188418]]],[[[123.28143281432813,12.853996626372535],[123.36783367833681,12.70122832243949],[123.27423274232746,12.805388529666558],[123.16623166231665,12.876564671271723],[123.05463054630548,12.992876902675292],[122.97182971829722,13.034540985566125],[122.95022950229503,13.058845033919098],[122.95742957429576,13.107453130625075],[123.01863018630189,13.11613314789399],[123.04383043830438,13.112661140986418],[123.2058320583206,12.906076729986069],[123.28143281432813,12.853996626372535]]],[[[123.7746377463775,12.45471583200208],[123.77823778237786,12.36617965585907],[123.74223742237422,12.399163721480974],[123.61983619836201,12.571028063405649],[123.58743587435873,12.633524187741898],[123.61983619836201,12.675188270632717],[123.709837098371,12.610956142842696],[123.7746377463775,12.45471583200208]]],[[[123.71703717037173,12.288059500438763],[123.9078390783908,12.168275262127636],[124.0410404104041,11.96689886148863],[124.05544055440555,11.8123945541018],[124.04464044640446,11.751634433219351],[123.98343983439838,11.819338567916944],[123.84663846638466,11.91308275442131],[123.75303753037531,11.933914795866727],[123.72423724237245,11.951274830404572],[123.73503735037349,12.003354934018105],[123.67383673836741,12.050227027270282],[123.66663666636668,12.069323065261912],[123.61263612636128,12.090155106707329],[123.52983529835302,12.196051317388182],[123.47223472234725,12.216883358833599],[123.41823418234185,12.19431531393441],[123.29223292232922,12.036338999640009],[123.15903159031592,11.925234778597797],[123.15543155431556,11.968634864942416],[123.20943209432096,12.105779137791387],[123.24543245432454,12.32798757987581],[123.26703267032673,12.395691714573417],[123.23823238232382,12.494643911439127],[123.23463234632345,12.583180087582136],[123.33543335433353,12.541516004691317],[123.46143461434616,12.50158792525427],[123.55863558635588,12.444299811279379],[123.57303573035733,12.406107735296118],[123.71703717037173,12.288059500438763]]],[[[124.35424354243543,13.631726173668],[124.32544325443257,13.567494045877979],[124.2930429304293,13.590062090777167],[124.24984249842498,13.58659008386961],[124.17424174241745,13.531037973348504],[124.05544055440555,13.60568612186124],[124.03744037440373,13.662974235836117],[124.12384123841241,13.789702487962401],[124.12384123841241,13.978926864424906],[124.15264152641527,14.025798957677097],[124.18504185041854,14.058783023299],[124.22464224642249,14.07787906129063],[124.30744307443075,13.947678802256789],[124.33624336243366,13.930318767718944],[124.41544415444156,13.871294650290267],[124.39744397443974,13.749774408525354],[124.40464404644047,13.67859826692019],[124.35424354243543,13.631726173668]]],[[[122.17622176221761,14.048367002576285],[122.1726217262173,14.008438923139252],[121.95661956619568,14.155999216710939],[121.94581945819459,14.182039268517698],[121.94581945819459,14.2046073134169],[121.96021960219605,14.228911361769889],[122.17622176221761,14.048367002576285]]],[[[122.03222032220322,15.004904905611568],[122.05022050220504,14.970184836535879],[122.03222032220322,14.971920839989664],[122.01782017820182,14.96497682617452],[121.97101971019714,14.893800684569356],[122.02142021420218,14.760128418627957],[121.9890198901989,14.662912225216019],[121.93141931419314,14.655968211400875],[121.90981909819101,14.66638423212359],[121.9206192061921,14.714992328829553],[121.9350193501935,14.735824370274969],[121.92421924219241,14.80005649806499],[121.88821888218882,14.839984577502037],[121.86301863018633,14.916368729468559],[121.81981819818202,14.963240822720735],[121.84141841418415,15.037888971233471],[121.97101971019714,15.0465689885024],[122.03222032220322,15.004904905611568]]],[[[124.31464314643148,10.605872153721549],[124.28944289442893,10.600664143360191],[124.33624336243366,10.70656035404106],[124.37224372243725,10.690936322957],[124.38304383043834,10.680520302234285],[124.38304383043834,10.631912205528323],[124.31464314643148,10.605872153721549]]],[[[125.27945279452797,9.9826469138129],[125.2866528665287,9.932302813653152],[125.16065160651607,10.062503072686994],[125.13185131851321,10.154511255737575],[125.17505175051753,10.151039248830003],[125.2326523265233,10.116319179754313],[125.27945279452797,9.9826469138129]]],[[[122.93582935829357,7.409889795304224],[122.94662946629467,7.385585746951236],[122.9430294302943,7.361281698598248],[122.83862838628386,7.314409605346071],[122.80622806228064,7.316145608799857],[122.79542795427955,7.392529760766365],[122.8206282062821,7.42898583329584],[122.87102871028713,7.397737771127723],[122.91422914229145,7.434193843657198],[122.93582935829357,7.409889795304224]]],[[[125.78345783457837,6.962000904227807],[125.76905769057691,6.906448793706701],[125.70785707857078,7.040121059648115],[125.68265682656829,7.073105125270018],[125.71505715057151,7.1859453497660155],[125.78345783457837,7.13039323924491],[125.78345783457837,6.962000904227807]]],[[[124.60984609846099,11.492969918605453],[124.48384483844842,11.48602590479031],[124.42984429844302,11.531161994588714],[124.36144361443615,11.6665702639839],[124.43704437044374,11.69434631924446],[124.51264512645128,11.687402305429316],[124.56664566645668,11.64053021217714],[124.62064620646208,11.550258032580345],[124.60984609846099,11.492969918605453]]],[[[124.80784807848079,9.142421242181186],[124.77904779047793,9.083397124752508],[124.66744667446676,9.132005221458485],[124.63864638646385,9.17540530780309],[124.6530465304653,9.225749407962837],[124.70704707047071,9.243109442500696],[124.73584735847362,9.243109442500696],[124.78984789847897,9.189293335433362],[124.80784807848079,9.142421242181186]]],[[[121.25101251012512,19.082777018551454],[121.24741247412476,19.015072883853847],[121.19701197011972,19.051528956383322],[121.18621186211863,19.101873056543084],[121.18981189811899,19.13832912907256],[121.21141211412117,19.18346521887095],[121.2438124381244,19.143537139433903],[121.25101251012512,19.082777018551454]]],[[[119.86139861398613,11.525953984227357],[119.88299882998831,11.472137877160037],[119.85419854198545,11.392281718285943],[119.8289982899829,11.374921683748099],[119.80019800198005,11.407905749370002],[119.72819728197283,11.43220979772299],[119.72459724597246,11.473873880613823],[119.76059760597605,11.473873880613823],[119.82539825398254,11.515537963504656],[119.86139861398613,11.525953984227357]]],[[[123.75663756637567,11.282913500697518],[123.81423814238144,11.15097723820989],[123.73503735037349,11.15097723820989],[123.70623706237063,11.248193431621829],[123.74223742237422,11.279441493789946],[123.75663756637567,11.282913500697518]]],[[[122.30942309423097,12.529363980514816],[122.28062280622805,12.498115918346699],[122.26262262622629,12.503323928708056],[122.24822248222483,12.557140035775376],[122.27702277022769,12.593596108304851],[122.28782287822878,12.59012410139728],[122.30942309423097,12.529363980514816]]],[[[125.97065970659708,9.59378214016516],[125.95265952659526,9.5677420883584],[125.9238592385924,9.62155819542572],[125.94905949059489,9.739606430283061],[125.96705967059671,9.758702468274691],[125.99225992259926,9.684054319761955],[125.97065970659708,9.59378214016516]]],[[[124.85464854648546,11.595394122378735],[124.8366483664837,11.543314018765201],[124.80784807848079,11.557202046395474],[124.7826478264783,11.581506094748462],[124.74304743047429,11.657890246714985],[124.73224732247326,11.715178360689876],[124.78984789847897,11.683930298521744],[124.82224822248224,11.626642184546853],[124.85464854648546,11.595394122378735]]],[[[117.35577355773557,8.215395397860249],[117.28737287372877,8.19109134950726],[117.27297272972731,8.253587473843496],[117.28017280172804,8.314347594725959],[117.33057330573308,8.309139584364601],[117.35217352173521,8.29004354637297],[117.35577355773557,8.215395397860249]]],[[[123.6990369903699,9.237901432139338],[123.70623706237063,9.133741224912256],[123.61623616236164,9.102493162744139],[123.54063540635406,9.130269218004699],[123.49383493834938,9.192765342340934],[123.49383493834938,9.215333387240136],[123.53343533435333,9.21359738378635],[123.62703627036274,9.26741349085367],[123.65583655836559,9.279565515030171],[123.6990369903699,9.237901432139338]]]]}},{"type":"Feature","id":"586","properties":{"name":"Pakistan","code":"PK","label":[69.16842740869198,29.883968979396336]},"geometry":{"type":"MultiPolygon","coordinates":[[[[76.76536765367655,35.66161000219378],[76.81216812168122,35.57133782259699],[76.88056880568809,35.4359295532018],[76.92736927369276,35.34739337705879],[76.9777697776978,35.24670517673928],[77.0029700297003,35.196361076579535],[77.04977049770497,35.10956090389031],[77.0317703177032,35.06268881063812],[76.99936999369993,34.99151266903296],[76.89136891368912,34.93943256541942],[76.78336783367837,34.899504485982376],[76.75816758167582,34.87867244453696],[76.74736747367473,34.84742438236884],[76.69696696966969,34.78666426148638],[76.59616596165961,34.73632016132663],[76.50976509765098,34.74152817168799],[76.45576455764558,34.75541619931826],[76.17136171361716,34.66688002317525],[76.04176041760417,34.67035203008281],[75.93735937359375,34.61306391610793],[75.86175861758619,34.560983812494385],[75.71055710557107,34.50369569851951],[75.60615606156063,34.50195969506572],[75.45135451354514,34.53667976414141],[75.26415264152644,34.60091189193143],[75.18855188551888,34.63910396791469],[75.12015120151202,34.63736796446091],[74.9509495094951,34.646047981729836],[74.78894788947889,34.677296043897954],[74.59454594545946,34.715488119881215],[74.49734497344974,34.73284815441906],[74.29934299342995,34.76583222004096],[74.17334173341735,34.72069613024257],[74.05454054540547,34.680768050805526],[73.96093960939609,34.652991995544966],[73.8817388173882,34.52973575032627],[73.84933849338495,34.48459966052788],[73.81333813338134,34.42210353619163],[73.79533795337954,34.37870344984701],[73.80973809738097,34.32488734277969],[73.92493924939251,34.288431270250214],[73.97173971739718,34.23635116663668],[73.97893978939791,34.19121507683829],[73.93933939339394,34.1443429835861],[73.90333903339035,34.107886911056625],[73.90333903339035,34.07490284543472],[73.92133921339214,34.043654783266604],[73.95013950139503,34.019350734913615],[74.11214112141121,34.00372670382956],[74.20934209342093,34.00372670382956],[74.24534245342454,33.989838676199284],[74.25254252542527,33.946438589854665],[74.21654216542166,33.88741447242599],[74.079740797408,33.838806375720026],[74.00054000540007,33.78846227556028],[73.97533975339755,33.72075814086267],[73.97893978939791,33.66867803724914],[74.00414004140043,33.63222196471966],[74.0689406894069,33.592293885282615],[74.13014130141303,33.54542179203044],[74.15174151741519,33.50722971604718],[74.1409414094141,33.455149612433644],[74.11934119341194,33.38397347082848],[74.05094050940511,33.300645305046814],[73.99333993339934,33.241621187618136],[73.98973989739898,33.220789146172734],[74.00414004140043,33.1895410840046],[74.04734047340474,33.142668990752426],[74.12654126541267,33.074964856054834],[74.22374223742239,33.0211487489875],[74.28494284942849,33.00552471790344],[74.30294302943031,32.99163669027317],[74.32454324543247,32.92740456248315],[74.3317433174332,32.861436431239326],[74.30654306543067,32.81109233107958],[74.35334353343535,32.769428248188746],[74.48294482944831,32.77116425164253],[74.58734587345873,32.75380421710469],[74.63414634146343,32.77116425164253],[74.66294662946629,32.75727622401226],[74.6449464494645,32.607979926986786],[74.65934659346595,32.51944375084378],[74.68454684546847,32.493403699037],[74.78894788947889,32.45694762650753],[74.98694986949872,32.462155636868886],[75.10575105751059,32.42049155397805],[75.23535235352355,32.37188345727209],[75.30375303753038,32.31806735020477],[75.33255332553327,32.27987527422151],[75.32535325353254,32.215643146431475],[75.25335253352534,32.14099499791874],[75.13815138151384,32.104538925389264],[75.06975069750698,32.088914894305205],[74.73854738547385,31.948298614548662],[74.63414634146343,31.889274497119985],[74.55494554945551,31.81809835551482],[74.52614526145263,31.7642822484475],[74.51174511745117,31.712202144833967],[74.58014580145803,31.524713771825233],[74.59454594545946,31.465689654396556],[74.53334533345335,31.260841246849978],[74.5189451894519,31.186193098337256],[74.54054540545405,31.132376991269922],[74.60894608946091,31.113280953278306],[74.6269462694627,31.0681448634799],[74.63414634146343,31.035160797857998],[74.50814508145083,30.96051264934526],[74.38214382143823,30.89280851464767],[74.3389433894339,30.89280851464767],[74.21654216542166,30.769552269428956],[74.0077400774008,30.519567772083988],[73.89973899738999,30.43450360284855],[73.89253892538926,30.394575523411504],[73.8817388173882,30.35291144052067],[73.92493924939251,30.281735298915507],[73.93213932139324,30.22271118148683],[73.88533885338853,30.161951060604366],[73.80973809738097,30.092510922452988],[73.65853658536585,30.03348680502431],[73.46773467734678,29.970990680688075],[73.38133381333813,29.9345346081586],[73.31653316533166,29.77308628695664],[73.2589325893259,29.609901962300896],[73.23013230132301,29.55087784487222],[73.12933129331293,29.363389471863485],[72.94932949329495,29.08910092616553],[72.90252902529025,29.028340805283065],[72.62532625326253,28.896404542795437],[72.34092340923411,28.752316256131323],[72.29052290522907,28.696764145610217],[72.2329223292233,28.566563886576375],[72.1789217892179,28.42247559991226],[72.12852128521286,28.34609144794574],[71.94851948519485,28.17769911292865],[71.88731887318875,28.04749885389481],[71.86931869318695,27.962434684659357],[71.71811718117183,27.91556259140718],[71.5417154171542,27.870426501608776],[71.289712897129,27.854802470524717],[71.18531185311855,27.83223442562553],[70.87570875708758,27.714186190768174],[70.79650796507966,27.708978180406817],[70.73890738907389,27.729810221852233],[70.69210692106921,27.76973830128928],[70.6489064890649,27.835706432533087],[70.62730627306274,27.938130636306383],[70.56970569705697,27.983266726104773],[70.48690486904869,28.02319480554182],[70.40410404104043,28.024930808995606],[70.31770317703177,27.981530722650987],[70.24570245702458,27.93465862939881],[70.19530195301954,27.894730549961764],[70.1449014490145,27.849594460163374],[70.05130051300515,27.695090152776544],[69.89649896498966,27.47288171069212],[69.72369723697238,27.313169392943948],[69.66249662496625,27.26456129623797],[69.6228962289623,27.228105223708496],[69.5688956889569,27.174289116641177],[69.53649536495365,27.122209013027643],[69.49329493294934,26.95381667801054],[69.47169471694718,26.804520380985082],[69.48249482494825,26.771536315363164],[69.50769507695077,26.742024256648833],[69.60129601296015,26.698624170304214],[69.73449734497345,26.62744802869905],[69.91089910899109,26.585783945808217],[70.05850058500585,26.578839931993087],[70.11610116101161,26.54759186982497],[70.14850148501486,26.505927786934137],[70.15570155701559,26.471207717858448],[70.14850148501486,26.347951472639735],[70.1341013410134,26.214279206698336],[70.07650076500767,26.071926923488007],[70.08010080100803,25.990334761160128],[70.10170101701019,25.910478602286034],[70.26370263702637,25.70736619819324],[70.3249032490325,25.68653415674784],[70.44730447304474,25.681326146386482],[70.5049050490505,25.684798153294054],[70.56970569705697,25.70563019473947],[70.61650616506165,25.691742167109183],[70.6489064890649,25.66743811875621],[70.65610656106563,25.625774035865376],[70.65250652506526,25.422661631772584],[70.7029070290703,25.330653448722003],[70.80010800108002,25.20566120004952],[70.87930879308794,25.06330891683919],[70.95130951309514,24.891444574914516],[71.01971019710197,24.757772308973102],[71.04851048510486,24.688332170821724],[71.00171001710018,24.653612101746035],[70.97650976509766,24.618892032670345],[70.96930969309693,24.572019939418155],[70.98010980109802,24.521675839258407],[70.9729097290973,24.486955770182718],[71.00531005310054,24.4435556838381],[71.04491044910449,24.429667656207826],[71.04491044910449,24.400155597493494],[70.98370983709839,24.360227518056448],[70.92970929709298,24.361963521510233],[70.88650886508867,24.34460348697239],[70.80370803708038,24.261275321190723],[70.76770767707677,24.245651290106665],[70.71730717307173,24.238707276291535],[70.65970659706599,24.245651290106665],[70.58050580505807,24.278635355728568],[70.55530555305555,24.330715459342116],[70.56610566105661,24.386267569863207],[70.54810548105482,24.41751563203134],[70.49050490504905,24.41230762166998],[70.28890288902889,24.356755511148876],[70.09810098100982,24.287315372997497],[70.06570065700657,24.240443279745307],[70.02250022500226,24.191835183039345],[69.93249932499324,24.17100314159393],[69.80649806498067,24.165795131232585],[69.71649716497166,24.172739145047714],[69.63369633696337,24.224819248661248],[69.55809558095581,24.273427345367224],[69.4428944289443,24.27516334882101],[69.23409234092341,24.268219335005867],[69.1188911889119,24.268219335005867],[69.05049050490507,24.28557936954371],[68.98568985689857,24.273427345367224],[68.89928899288995,24.292523383358855],[68.86328863288634,24.26648333155208],[68.82728827288273,24.264747328098295],[68.79848798487987,24.3098834178967],[68.78048780487805,24.313355424804257],[68.7588875888759,24.306411410989128],[68.7408874088741,24.292523383358855],[68.72648726487265,24.26648333155208],[68.72288722887231,23.964418730593565],[68.58608586085862,23.96615473404735],[68.4888848888489,23.967890737501136],[68.38088380883809,23.95053070296329],[68.28368283682838,23.92796265806409],[68.23328233282334,23.900186602803544],[68.1648816488165,23.856786516458925],[68.15048150481505,23.797762399030262],[68.11448114481146,23.752626309231857],[68.06768067680679,23.818594440475664],[68.03528035280354,23.84810649919001],[68.00288002880029,23.825538454290808],[67.95247952479525,23.82901046119838],[67.8588785887859,23.90192260625733],[67.81927819278192,23.827274457744593],[67.66807668076683,23.811650426660535],[67.65007650076501,23.86720253718164],[67.64647646476465,23.919282640795174],[67.56367563675639,23.881090564811913],[67.50247502475025,23.94011468224059],[67.47727477274773,24.0182348376609],[67.45567455674558,24.0390668791063],[67.4268742687427,24.065106930913075],[67.36567365673659,24.09114698271985],[67.30807308073082,24.1744751485015],[67.30447304473046,24.26301132464451],[67.29007290072903,24.36717153187159],[67.17127171271713,24.756036305519316],[67.09927099270993,24.79249237804879],[66.70326703267034,24.8601965127464],[66.68166681666818,24.929636650897777],[66.71046710467107,25.111917013545153],[66.69966699666998,25.226493241494936],[66.57006570065701,25.379261545427966],[66.53406534065343,25.485157756108833],[66.42966429664298,25.57542993570563],[66.32526325263254,25.601469987512388],[66.21726217262173,25.5893179633359],[66.16326163261633,25.554597894260212],[66.1308613086131,25.49383777337775],[66.35766357663579,25.50772580100802],[66.40806408064083,25.485157756108833],[66.46926469264693,25.445229676671786],[66.40446404464046,25.446965680125572],[66.3288632886329,25.466061718117203],[66.23526235262352,25.464325714663417],[65.88245882458824,25.419189624865012],[65.68085680856808,25.35495749707499],[65.40725407254072,25.374053535066622],[65.06165061650617,25.311557410730373],[64.77724777247772,25.3080854038228],[64.65844658446585,25.184829158604103],[64.59364593645938,25.20566120004952],[64.54324543245434,25.236909262217637],[64.15084150841508,25.334125455629575],[64.12564125641256,25.374053535066622],[64.0608406084061,25.403565593780954],[63.9888398883989,25.35148549016742],[63.934839348393496,25.34280547289849],[63.72243722437224,25.38620555924311],[63.556835568355694,25.353221493621206],[63.49563495634956,25.2976693831001],[63.4920349203492,25.210869210410863],[63.2868328683287,25.22822924494872],[63.171631716317165,25.25426929675548],[63.01683016830168,25.22475723804115],[62.6640266402664,25.264685317478197],[62.57402574025741,25.25426929675548],[62.44442444424445,25.19698118278059],[62.39042390423904,25.1518450929822],[62.31482314823148,25.134485058444355],[62.250022500225015,25.19698118278059],[62.199621996219975,25.22475723804115],[62.1528215282153,25.207397203503305],[62.0880208802088,25.15531709988977],[61.9080190801908,25.131013051536783],[61.74241742417425,25.137957065351912],[61.56601566015661,25.18656516205789],[61.587615876158765,25.202189193141947],[61.61641616416165,25.2855173589236],[61.64161641616417,25.584109952974543],[61.67041670416705,25.691742167109183],[61.663216632166325,25.75076628453786],[61.67041670416705,25.768126319075705],[61.738817388173885,25.821942426143025],[61.75321753217534,25.84277446758844],[61.7820178201782,25.995542771521485],[61.81081810818108,26.16567110999236],[61.84321843218433,26.226431230874823],[61.86841868418685,26.242055261958882],[62.0880208802088,26.318439413925404],[62.12762127621278,26.368783514085152],[62.23922239222392,26.356631489908665],[62.250022500225015,26.368783514085152],[62.26082260822608,26.42780763151383],[62.31122311223112,26.49030375585008],[62.38682386823868,26.542383859463612],[62.44082440824408,26.561479897455243],[62.635226352263544,26.594463963077146],[62.75042750427505,26.63960005287555],[62.786427864278664,26.64307205978311],[63.09243092430924,26.632656039060407],[63.15723157231574,26.650016073598252],[63.1680316803168,26.66564010468231],[63.18603186031862,26.837504446606985],[63.240032400324026,26.86528050186753],[63.25083250832509,26.879168529497804],[63.2328323283233,26.998952767808944],[63.24363243632436,27.077072923229252],[63.304833048330494,27.12394501648143],[63.30123301233013,27.15172107174199],[63.25803258032582,27.207273182263094],[63.196831968319685,27.24372925479257],[63.1680316803168,27.252409272061485],[62.9160291602916,27.217689202985795],[62.811628116281184,27.229841227162282],[62.761227612276144,27.2506732686077],[62.754027540275416,27.266297299691757],[62.761227612276144,27.301017368767447],[62.76482764827648,27.356569479288552],[62.80082800828009,27.445105655431576],[62.811628116281184,27.49718575904511],[62.7828278282783,27.800986363457397],[62.73962739627396,28.002362764096404],[62.761227612276144,28.202003161281624],[62.75762757627578,28.243667244172457],[62.75042750427505,28.252347261441386],[62.718027180271804,28.252347261441386],[62.56322563225632,28.23498722690354],[62.43362433624338,28.363451482483597],[62.35442354423546,28.41553158609713],[62.13122131221314,28.478027710433366],[62.0340203402034,28.490179734609868],[61.890018900189006,28.545731845130973],[61.75681756817568,28.667252086895886],[61.62361623616238,28.79224433556837],[61.56961569615697,28.870364490988678],[61.50841508415084,29.005772760383863],[61.33921339213393,29.26443727499776],[61.33921339213393,29.332141409695367],[61.31761317613177,29.372069489132414],[61.152011520115224,29.54219782760329],[61.03321033210332,29.663718069368215],[60.842408424084255,29.858150456192078],[61.22401224012242,29.748782238603653],[61.5228152281523,29.665454072822],[62.00162001620018,29.530045803426802],[62.37242372423725,29.425885596199734],[62.476824768247695,29.40852556166189],[63.56763567635676,29.498797741258684],[63.97083970839708,29.42935760310729],[64.10044100441004,29.39116552712403],[64.11844118441186,29.413733572023233],[64.17244172441724,29.460605665275423],[64.26604266042662,29.5074777585276],[64.39204392043922,29.543933831057075],[64.52164521645219,29.56476587250249],[64.70524705247053,29.566501875956277],[64.82764827648276,29.56476587250249],[64.91764917649178,29.552613848326004],[65.09405094050942,29.559557862141133],[65.18045180451804,29.576917896678978],[65.47205472054722,29.651566045191714],[65.66645666456665,29.701910145351476],[65.96165961659617,29.778294297317984],[66.17766177661778,29.835582411292876],[66.23166231662319,29.86509447000722],[66.28566285662856,29.920646580528327],[66.31446314463145,29.96925467723429],[66.24606246062461,30.043902825747026],[66.23886238862389,30.109870956990832],[66.28206282062823,30.193199122772498],[66.30726307263075,30.321663378352554],[66.30006300063002,30.502207737546144],[66.28566285662856,30.608103948226997],[66.3468634686347,30.80253633505086],[66.39726397263973,30.9119045526393],[66.49806498064981,30.963984656252833],[66.56646566465665,30.996968721874737],[66.59526595265953,31.01953676677394],[66.62406624066242,31.0455768185807],[66.73206732067322,31.19487311560617],[66.82926829268294,31.26431325375755],[66.92286922869229,31.305977336648382],[67.02727027270274,31.300769326287025],[67.11727117271172,31.243481212312133],[67.28647286472867,31.217441160505373],[67.45207452074521,31.234801195043218],[67.5960759607596,31.278201281387837],[67.6608766087661,31.312921350463526],[67.73647736477366,31.344169412631643],[67.7328773287733,31.378889481707333],[67.64647646476465,31.41013754387545],[67.5960759607596,31.45353763022007],[67.57807578075781,31.50735373728739],[67.62847628476285,31.538601799455506],[67.74007740077403,31.54901782017822],[68.01728017280175,31.677482075758277],[68.12888128881289,31.762546244993715],[68.16128161281614,31.80247432443076],[68.21528215282154,31.80768233479212],[68.31968319683199,31.767754255355072],[68.44208442084422,31.7538662277248],[68.52128521285215,31.793794307161832],[68.59688596885971,31.80247432443076],[68.67248672486727,31.759074238086143],[68.71208712087122,31.708730137926395],[68.78408784087841,31.646234013590146],[68.87048870488707,31.63408198941366],[68.97488974889751,31.667066055035562],[69.08289082890829,31.738242196640726],[69.18729187291873,31.838930396960237],[69.28089280892809,31.936146590372175],[69.25569255692557,32.24862721205339],[69.24129241292414,32.434379581608326],[69.29169291692918,32.52985977156648],[69.36009360093601,32.59061989244894],[69.40689406894069,32.68262807549952],[69.40329403294035,32.76422023782739],[69.45369453694539,32.83366037597878],[69.50049500495007,33.01941274553373],[69.5688956889569,33.06454883533212],[69.70209702097023,33.09406089404645],[69.92169921699218,33.11315693203808],[70.0909009090091,33.19822110127353],[70.260102601026,33.28849328087033],[70.28530285302853,33.36834943974442],[70.22050220502206,33.455149612433644],[70.1341013410134,33.620069940543175],[70.05490054900551,33.719022137408885],[69.86769867698678,33.8978304931487],[69.88929889298893,34.00719871073713],[69.99369993699938,34.05233480053552],[70.2529025290253,33.975950648569],[70.3249032490325,33.96032661748494],[70.41490414904149,33.94991059676224],[70.65250652506526,33.95164660021602],[70.8469084690847,33.981158658930354],[71.05211052110522,34.04886279362795],[71.09171091710917,34.120038935233126],[71.08811088110883,34.20336710101478],[71.09171091710917,34.272807239166156],[71.09531095310953,34.370023432578094],[71.02331023310234,34.43078355346056],[70.98010980109802,34.48633566398166],[70.96570965709657,34.52973575032627],[71.01611016110161,34.554039798679256],[71.06651066510665,34.599175888477646],[71.11331113311135,34.680768050805526],[71.2249122491225,34.77972024767125],[71.29331293312933,34.86825642381426],[71.35811358113583,34.90992050670508],[71.45531455314554,34.96720862067997],[71.51651516515167,35.050536786461635],[71.54531545315453,35.10088088662138],[71.6029160291603,35.15122498678113],[71.62091620916209,35.18247304894926],[71.60651606516066,35.211985107663594],[71.57771577715778,35.24844118019307],[71.54531545315453,35.288369259630116],[71.54531545315453,35.32829733906716],[71.57051570515705,35.36996142195798],[71.59931599315993,35.40815349794124],[71.58851588515887,35.460233601554776],[71.57051570515705,35.547033774244014],[71.52011520115201,35.59737787440376],[71.48411484114843,35.7154261092611],[71.42651426514266,35.83347434411846],[71.39771397713977,35.88034643737063],[71.34371343713437,35.93937055479931],[71.22131221312213,36.000130675681774],[71.18531185311855,36.04179475857261],[71.23211232112322,36.121650917446686],[71.31131311313115,36.17199501760645],[71.46251462514627,36.29351525937136],[71.54531545315453,36.37684342515301],[71.62091620916209,36.43586754258169],[71.71811718117183,36.427187525312775],[71.77211772117721,36.43239553567412],[71.82251822518225,36.48621164274144],[71.919719197192,36.534819739447414],[72.0961209612096,36.633771936313124],[72.15732157321574,36.70147607101073],[72.25092250922509,36.734460136632634],[72.32652326523265,36.74314015390155],[72.4309243092431,36.76570819880075],[72.53172531725318,36.80216427133023],[72.6217262172622,36.82994032659079],[72.76572765727659,36.83514833695213],[72.99252992529927,36.8507723680362],[73.11853118531187,36.86813240257405],[73.41013410134101,36.88202043020432],[73.73053730537308,36.88722844056568],[73.77013770137702,36.88896444401945],[73.90693906939072,36.852508371489975],[74.00054000540007,36.82299631277564],[74.04014040140402,36.826468319683215],[74.1949419494195,36.89764446128838],[74.43254432544327,36.9844446339776],[74.54054540545405,37.022636709960864],[74.60174601746019,37.03652473759114],[74.69174691746917,37.03652473759114],[74.76734767347673,37.01222068923816],[74.8429484294843,36.97923662361626],[74.88974889748897,36.953196571809485],[74.94734947349474,36.968820602893544],[75.05535055350555,36.987916640885175],[75.14535145351454,36.9740286132549],[75.3469534695347,36.91326849237244],[75.37575375753758,36.88375643365811],[75.42255422554226,36.737932143540206],[75.45855458554587,36.725780119363705],[75.57375573755738,36.75876418498562],[75.66735667356676,36.74140415044778],[75.77175771757717,36.69453205719559],[75.84015840158403,36.6493959673972],[75.88335883358835,36.60078787069122],[75.93375933759339,36.52093171181714],[75.95175951759518,36.45843558748089],[75.97335973359733,36.38205143551437],[75.969759697597,36.16852301069888],[75.93375933759339,36.13380294162319],[75.9049590495905,36.08866685182478],[75.91215912159123,36.048738772387736],[75.94455944559448,36.01749071021962],[76.00936009360095,35.9966586687742],[76.07056070560708,35.98277064114393],[76.1029610296103,35.949786575522026],[76.14616146161461,35.8282663337571],[76.17856178561789,35.810906299219255],[76.25056250562506,35.810906299219255],[76.38736387363872,35.83694635102603],[76.50256502565026,35.87861043391686],[76.5529655296553,35.88729045118578],[76.56376563765639,35.772714223235994],[76.63216632166325,35.72931413689139],[76.7257672576726,35.67897003673163],[76.76536765367655,35.66161000219378]]]]}},{"type":"Feature","id":"512","properties":{"name":"Oman","code":"OM","label":[56.06218658595836,20.585991529152682]},"geometry":{"type":"MultiPolygon","coordinates":[[[[58.721987219872204,20.21812327732654],[58.6607866078661,20.204235249696268],[58.639186391863916,20.211179263511397],[58.64278642786428,20.337907515637667],[58.7867878678787,20.49588382993207],[58.88398883988842,20.67990019603323],[58.95238952389525,20.516715871377485],[58.83358833588338,20.424707688326905],[58.772387723877245,20.266731374032503],[58.721987219872204,20.21812327732654]]],[[[53.084330843308436,16.648900176345535],[53.02673026730267,16.78083643883315],[52.965529655296564,16.912772701320776],[52.90432904329043,17.044708963808404],[52.84312843128433,17.174909222842246],[52.79992799927999,17.268653409346612],[52.72792727927279,17.29990147151473],[52.68472684726848,17.397117664926668],[52.64152641526417,17.497805865246164],[52.598325983259855,17.598494065565674],[52.55152551525515,17.697446262431384],[52.50832508325084,17.798134462750895],[52.465124651246526,17.897086659616605],[52.421924219242214,17.997774859936115],[52.37512375123751,18.09672705680184],[52.3319233192332,18.197415257121335],[52.288722887228886,18.29636745398706],[52.24192241922421,18.397055654306556],[52.19872198721987,18.49600785117228],[52.15552155521556,18.596696051491776],[52.10872108721088,18.6956482483575],[52.06552065520657,18.796336448676996],[52.02232022320223,18.897024648996506],[51.97911979119792,18.99597684586223],[52.11952119521197,19.042848939114407],[52.29232292322925,19.1001370530893],[52.46152461524616,19.15742516706419],[52.63432634326344,19.21471328103908],[52.807128071280715,19.27200139501396],[52.97992979929799,19.32928950898885],[53.14913149131493,19.386577622963742],[53.32193321933221,19.443865736938633],[53.494734947349485,19.501153850913525],[53.66753667536676,19.558441964888416],[53.84033840338404,19.615730078863308],[54.00954009540095,19.6730181928382],[54.182341823418255,19.730306306813077],[54.35514355143553,19.789330424241754],[54.52794527945281,19.846618538216646],[54.700747007470085,19.903906652191537],[54.869948699487,19.96119476616643],[54.977949779497806,19.995914835242118],[55.02115021150212,20.12958710118353],[55.05715057150573,20.240691322225743],[55.093150931509314,20.35005953981417],[55.13275132751329,20.46116376085638],[55.168751687516874,20.57226798189859],[55.204752047520486,20.683372202940788],[55.24075240752407,20.792740420529213],[55.27675276752768,20.903844641571425],[55.312753127531295,21.014948862613636],[55.35235352353524,21.126053083655847],[55.388353883538855,21.235421301244273],[55.42435424354244,21.346525522286484],[55.46035460354605,21.457629743328695],[55.496354963549635,21.568733964370907],[55.53595535955361,21.679838185413118],[55.571955719557195,21.789206403001543],[55.60795607956081,21.900310624043755],[55.640356403564056,22.000998824363265],[55.57915579155792,22.099951021228975],[55.49275492754927,22.230151280262817],[55.40275402754028,22.367295553111802],[55.319953199531994,22.497495812145644],[55.25875258752589,22.591239998649996],[55.186751867518694,22.704080223145994],[55.193951939519394,22.849904513263894],[55.193951939519394,22.922816658322844],[55.20115201152012,23.033920879365056],[55.269552695526954,23.19016119020567],[55.35235352353524,23.388065583937106],[55.413554135541375,23.518265842970948],[55.46755467554675,23.63284207092073],[55.50715507155073,23.72485025397131],[55.53235532355325,23.818594440475664],[55.51795517955179,23.88629857517327],[55.49275492754927,23.908866620072473],[55.46755467554675,23.941850685694376],[55.546755467554675,23.992194785854124],[55.697956979569796,24.023442848022242],[55.780757807578084,24.016498834207113],[55.892358923589256,24.040802882560087],[55.98595985959861,24.06337092745929],[55.99315993159934,24.09288298617362],[55.96795967959682,24.143227086333383],[55.92835928359284,24.214403227938547],[55.798757987579876,24.223083245207462],[55.75915759157593,24.242179283199093],[55.805958059580604,24.349811497333732],[55.80235802358024,24.38279556295565],[55.78795787957881,24.422723642392683],[55.76995769957699,24.49042777709029],[55.77715777157772,24.577227949779513],[55.80235802358024,24.63625206720819],[55.805958059580604,24.683124160460366],[55.791557915579176,24.78207635732609],[55.79515795157951,24.868876530015314],[55.823958239582396,24.910540612906146],[55.87075870758707,24.95220469579698],[55.91755917559178,24.97130073378861],[55.96435964359645,24.969564730334824],[56.000360003600036,24.953940699250765],[56.01836018360186,24.907068605998575],[56.007560075600765,24.875820543830457],[55.97875978759788,24.872348536922885],[55.97155971559715,24.858460509292613],[56.007560075600765,24.79770038841015],[56.06516065160653,24.738676270981472],[56.10476104761048,24.749092291704187],[56.15516155161552,24.795964384956363],[56.20556205562056,24.834156460939624],[56.26676266762669,24.867140526561528],[56.31356313563137,24.931372654351563],[56.35316353163532,24.97303673724238],[56.38916389163893,24.979980751057525],[56.48996489964901,24.71610822608227],[56.64116641166413,24.469595735644873],[56.77436774367746,24.334187466249674],[56.91116911169112,24.150171100148512],[57.123571235712376,23.980042761677637],[57.22077220772209,23.922754647702746],[57.60957609576096,23.802970409391605],[57.825578255782574,23.759570323047],[58.12078120781209,23.716170236702382],[58.32598325983261,23.6241620536518],[58.39438394383944,23.618954043290444],[58.49878498784989,23.644994095097218],[58.57798577985781,23.643258091643432],[58.772387723877245,23.516529839517162],[58.82998829988301,23.39674560120602],[58.9127891278913,23.334249476869786],[58.9847898478985,23.235297280004062],[59.03159031590317,23.131137072776994],[59.19359193591936,22.97142475502882],[59.31239312393126,22.792616399289003],[59.43119431194313,22.66068013680139],[59.535595355953575,22.57908797447351],[59.693996939969395,22.546103908851606],[59.82359823598236,22.50964783632213],[59.837998379983816,22.421111660179122],[59.82359823598236,22.304799428775553],[59.79839798397984,22.219735259540116],[59.67959679596797,22.0530789279768],[59.65079650796508,21.950654724203503],[59.517595175951755,21.782262389186414],[59.369993699937,21.499293826219528],[59.30519305193053,21.435061698429493],[59.06759067590676,21.289237408311593],[58.89478894788948,21.112165056025574],[58.689586895868956,20.8066284481595],[58.5347853478535,20.504563847200984],[58.47358473584737,20.40734765378906],[58.34758347583477,20.386515612343644],[58.26478264782648,20.39519562961256],[58.210782107821075,20.424707688326905],[58.23238232382326,20.50629985065477],[58.24678246782469,20.600044037159137],[58.17118171181713,20.589628016436436],[58.102781027810295,20.570531978444805],[57.94797947979481,20.343115525999025],[57.86157861578616,20.2441633291333],[57.843578435784366,20.11743507700703],[57.800378003780054,19.954250752351285],[57.742777427774286,19.804954455325813],[57.7139771397714,19.678226203199543],[57.7139771397714,19.60705006159438],[57.76077760777608,19.431713712762146],[57.76437764377644,19.25290535702233],[57.78957789577896,19.14527314288769],[57.81117811178112,19.016808887307633],[57.73917739177392,18.9768808078706],[57.67437674376745,18.95778476987897],[57.42957429574295,18.943896742248683],[57.17757177571775,18.902232659357864],[56.9579695796958,18.827584510845128],[56.8247682476825,18.75293636233239],[56.65556655566556,18.58801603422286],[56.551165511655114,18.166167194953218],[56.3819638196382,17.987358839213414],[56.27036270362706,17.95090276668394],[55.99675996759967,17.935278735599866],[55.615156151561536,17.886670638893904],[55.47835478354784,17.843270552549285],[55.255152551525526,17.586342041389173],[55.237152371523734,17.504749879061308],[55.28035280352805,17.44572576163263],[55.294752947529474,17.38149363384261],[55.27675276752768,17.320733512960146],[55.17235172351724,17.1575491883044],[55.06435064350643,17.039500953447046],[54.77274772747728,16.96485280493431],[54.66474664746647,17.00825289127893],[54.567545675456756,17.03082093617813],[54.37674376743769,17.034292943085703],[54.06714067140672,17.004780884371357],[53.955539555395575,16.917980711682134],[53.77553775537757,16.855484587345885],[53.60993609936099,16.760004397387732],[53.29673296732969,16.723548324858257],[53.084330843308436,16.648900176345535]]],[[[56.29916299162991,25.650078084218364],[56.27756277562776,25.627510039319162],[56.24876248762487,25.625774035865376],[56.183961839618405,25.644870073857007],[56.14436144361446,25.690006163655397],[56.15156151561516,25.745558274176503],[56.15516155161552,25.8479824779498],[56.17316173161731,25.945198671361723],[56.16596165961661,26.04762287513502],[56.11556115561157,26.068454916580436],[56.07956079560796,26.063246906219078],[56.16596165961661,26.207335192883193],[56.19836198361983,26.229903237782395],[56.22716227162272,26.21948721705968],[56.30636306363064,26.235111248143753],[56.34596345963462,26.313231403564046],[56.37836378363784,26.356631489908665],[56.41436414364145,26.351423479547307],[56.42876428764288,26.327119431194333],[56.417964179641814,26.207335192883193],[56.417964179641814,26.108382996017482],[56.37476374763747,25.80458239160518],[56.3279632796328,25.752502287991646],[56.30636306363064,25.709102201647028],[56.29916299162991,25.650078084218364]]],[[[56.28116281162812,25.23517325876385],[56.24156241562417,25.20913320695709],[56.209162091620925,25.21260521386465],[56.21636216362165,25.26642132093197],[56.234362343623445,25.30461339691523],[56.27756277562776,25.301141390007672],[56.28836288362885,25.27857334510847],[56.28116281162812,25.23517325876385]]]]}},{"type":"Feature","id":"408","properties":{"name":"North Korea","code":"KP","label":[127.15895164393821,40.14012708479101]},"geometry":{"type":"MultiPolygon","coordinates":[[[[128.37548375483755,38.6232318943502],[128.33948339483396,38.60760786326614],[128.27828278282783,38.5242796974845],[128.22428224282243,38.41664748334986],[128.17028170281702,38.35935936937497],[128.10548105481058,38.328111307206825],[128.04068040680409,38.30901526921522],[127.90387903879042,38.30033525194628],[127.78507785077852,38.30727926576142],[127.74547745477457,38.31943128993791],[127.579875798758,38.312487276122766],[127.53307533075332,38.30554326230765],[127.29547295472958,38.312487276122766],[127.16947169471695,38.30380725885385],[127.09027090270905,38.28471122086222],[127.0110701107011,38.241311134517616],[126.93906939069393,38.17534300327381],[126.8778687786878,38.10590286512243],[126.75546755467553,37.97917461299615],[126.66546665466655,37.9166784886599],[126.66546665466655,37.82814231251689],[126.66546665466655,37.80036625725634],[126.63306633066333,37.78127021926471],[126.62226622266223,37.78995023653363],[126.5718657186572,37.79689425034877],[126.37026370263703,37.87848641267664],[126.20466204662046,37.82814231251689],[126.16146161461614,37.76391018472687],[126.11826118261183,37.74307814328145],[126.04986049860497,37.86980639540772],[125.94185941859422,37.87327840231529],[125.76905769057691,37.98611862681129],[125.69345693456938,37.96355058191209],[125.67545675456756,37.91841449211368],[125.58185581855821,37.814254284886616],[125.44865448654485,37.730926119104964],[125.40545405454054,37.71877409492846],[125.35865358653587,37.72398210528982],[125.3658536585366,37.74828615364281],[125.31185311853119,37.84376634360095],[125.1030510305103,37.88195841958421],[125.02745027450277,37.921886499021255],[124.98784987849882,37.93230251974397],[125.19305193051929,38.038198730424824],[125.2470524705247,38.057294768416455],[125.20745207452075,38.08159881676943],[125.16425164251643,38.093750840945916],[124.99504995049949,38.07812680986186],[124.90864908649087,38.112846878937546],[124.77904779047793,38.10069485476106],[124.69264692646925,38.128470910021605],[124.87624876248765,38.2326311172487],[124.88344883448838,38.295127241584936],[124.87984879848801,38.34199933483711],[124.97344973449736,38.48087961113987],[125.06705067050672,38.55726376310639],[125.30825308253083,38.66489597724103],[125.41625416254163,38.68052000832509],[125.49185491854922,38.675311997963746],[125.5530555305553,38.68572801868646],[125.48825488254886,38.727392101577294],[125.42345423454236,38.746488139568925],[125.29745297452973,38.74301613266135],[125.1678516785168,38.80551225699759],[125.1570515705157,38.871480388241395],[125.4090540905409,39.288121217149694],[125.41265412654127,39.326313293132955],[125.37305373053732,39.42700149345245],[125.36225362253623,39.525953690318175],[125.17865178651789,39.58324180429307],[125.09945099450994,39.59018581810821],[124.86904869048692,39.70129003915042],[124.77544775447757,39.758578153125285],[124.73944739447393,39.741218118587454],[124.73224732247326,39.652681942444445],[124.69984699846998,39.631849900999015],[124.63864638646385,39.614489866461184],[124.60624606246063,39.71691407023448],[124.55584555845559,39.78982621529343],[124.40464404644047,39.86621036725995],[124.3470434704347,39.906138446696986],[124.37584375843761,39.996410626293766],[124.36144361443615,40.00335464010891],[124.3866438664387,40.104042840428434],[124.48024480244806,40.18216299584873],[124.71064710647107,40.31930726869771],[124.7718477184772,40.38353939648772],[124.89064890648905,40.45992354845424],[124.94104941049409,40.45818754500047],[124.99864998649986,40.465131558815614],[125.01305013050131,40.4981156244375],[125.02745027450277,40.52415567624428],[125.07425074250745,40.54672372114348],[125.18585185851862,40.590123807488084],[125.31545315453155,40.6439399145554],[125.41625416254163,40.65956394563946],[125.54225542255426,40.74289211142113],[125.5926559265593,40.77934818395062],[125.64665646656465,40.77934818395062],[125.65745657456574,40.79670821848845],[125.68985689856902,40.83837230137928],[125.72945729457297,40.866148356639826],[125.78345783457837,40.8713563670012],[125.87345873458736,40.8921884084466],[125.9886598865989,40.90434043262309],[126.06786067860679,40.973780570774466],[126.09306093060934,41.024124670934214],[126.14346143461438,41.07794077800153],[126.2550625506255,41.136964895430225],[126.32706327063272,41.225501071573234],[126.41346413464134,41.32098126153139],[126.45306453064529,41.352229323699504],[126.48906489064893,41.35743733406085],[126.51426514265142,41.39389340659034],[126.53946539465397,41.49631761036363],[126.57906579065792,41.59353380377556],[126.6006660066601,41.64040589702773],[126.69786697866982,41.69248600064128],[126.72306723067231,41.716790048994255],[126.7446674466745,41.72547006626317],[126.78786787867881,41.718526052448055],[126.84546845468458,41.74803811116237],[126.90306903069029,41.78102217678429],[126.95346953469533,41.7688701526078],[127.00747007470073,41.74283010080103],[127.06147061470614,41.68727799027991],[127.08667086670869,41.643877903935305],[127.129871298713,41.607421831405844],[127.13707137071373,41.555341727792296],[127.18027180271804,41.53103767943932],[127.27027270272703,41.52062165871661],[127.42147421474215,41.48416558618712],[127.51867518675186,41.482429582733346],[127.57267572675727,41.4546535274728],[127.6878768787688,41.44076549984251],[127.91827918279182,41.461597541287944],[128.01188011880117,41.44944551711143],[128.05148051480518,41.41646145148954],[128.11268112681125,41.38868539622899],[128.1486814868149,41.38694939277519],[128.19908199081993,41.43382148602737],[128.2566825668257,41.50673363108632],[128.2926829268293,41.56228574160744],[128.28908289082892,41.607421831405844],[128.2566825668257,41.65602992811179],[128.1810818108181,41.699430014456425],[128.13068130681307,41.7688701526078],[128.0838808388084,41.840046294212954],[128.05508055080554,41.864350342565956],[128.03348033480336,41.899070411641645],[128.029880298803,41.951150515255165],[128.04428044280445,41.987606587784654],[128.159481594816,42.01191063613763],[128.30708307083074,42.025798663767915],[128.4258842588426,42.01017463268386],[128.62748627486275,42.02059065340654],[128.749887498875,42.041422694851974],[128.839888398884,42.0379506879444],[128.92268922689226,42.0379506879444],[128.96228962289626,42.06919875011252],[129.07749077490774,42.14211089517147],[129.1350913509135,42.168150946978244],[129.19629196291964,42.21849504713799],[129.20709207092074,42.27057515075151],[129.21789217892177,42.312239233642345],[129.2538925389254,42.35737532344075],[129.31509315093155,42.41292743396187],[129.36549365493659,42.438967485768615],[129.4230942309423,42.43549547886104],[129.48429484294843,42.4094554270543],[129.52389523895238,42.385151378701295],[129.56709567095675,42.39209539251644],[129.60309603096033,42.43549547886104],[129.62829628296282,42.444175496129986],[129.69669696696968,42.44764750303756],[129.71829718297187,42.475423558298104],[129.74709747097472,42.603887813878146],[129.7722977229772,42.70631201765144],[129.77949779497794,42.77575215580282],[129.84069840698407,42.893800390660175],[129.86229862298626,42.964976532265354],[129.89829898298984,42.99796059788724],[129.94149941499415,42.99622459443347],[129.97749977499774,42.97539255298804],[130.0207002070021,42.96324052881155],[130.08190081900818,42.97365654953427],[130.1251012510125,42.95629651499641],[130.15030150301504,42.91810443901315],[130.24030240302403,42.8920643872064],[130.24750247502476,42.87296834921477],[130.24750247502476,42.7445040936347],[130.29430294302944,42.68547997620604],[130.35910359103593,42.63166386913872],[130.44910449104492,42.58131976897894],[130.49950499504996,42.57090374825626],[130.52830528305282,42.53618367918057],[130.55350553505536,42.475423558298104],[130.61830618306186,42.41639944086941],[130.65070650706508,42.37299935452481],[130.6579065790658,42.3278632647264],[130.68670686706866,42.30182321291966],[130.63630636306362,42.27404715765908],[130.56790567905682,42.29140719219694],[130.45630456304565,42.30182321291966],[130.31590315903162,42.21328703677665],[130.23670236702367,42.1837749780623],[130.1791017910179,42.096974805373065],[130.06750067500678,42.044894701759546],[130.00630006300065,41.991078594692226],[129.9270992709927,41.897334408187845],[129.87669876698766,41.805326225137264],[129.75789757897581,41.71158203863291],[129.6858968589686,41.59526980722933],[129.68229682296823,41.49458160690983],[129.75789757897581,41.39215740313654],[129.76509765097654,41.30362122699353],[129.71109711097114,41.12307686779994],[129.74349743497436,40.93211648788363],[129.70749707497077,40.85746833937091],[129.34029340293404,40.7255320768833],[129.24669246692469,40.66129994909326],[129.10989109891102,40.49117161062236],[128.94428944289444,40.428675486286124],[128.84348843488436,40.359235348134746],[128.70308703087034,40.31757126524391],[128.60948609486098,40.19778702693279],[128.51228512285127,40.13008289223518],[128.39348393483937,40.08841880934435],[128.30348303483038,40.03633870573083],[128.10548105481058,40.032866698823256],[127.9650796507965,39.996410626293766],[127.86787867878678,39.89572242597427],[127.5690756907569,39.78114619802449],[127.52587525875259,39.69608202878905],[127.54747547475478,39.562409762847636],[127.54747547475478,39.46172156252814],[127.52227522275223,39.3766573932927],[127.45747457474573,39.40096144164568],[127.42147421474215,39.37318538638513],[127.3818738187382,39.29680123441861],[127.39627396273966,39.2082650582756],[127.49707497074974,39.178752999561254],[127.579875798758,39.144032930485565],[127.6986769867699,39.124936892493935],[127.78507785077852,39.0832728096031],[127.97227972279723,38.89752044004817],[128.12348123481235,38.8159282777203],[128.1630816308163,38.78641621900596],[128.24948249482497,38.744752136115125],[128.32868328683287,38.68052000832509],[128.37548375483755,38.6232318943502]]],[[[124.9050490504905,39.53636971104089],[124.84744847448474,39.506857652326545],[124.84744847448474,39.558937755940065],[124.89064890648905,39.6023378422847],[124.93384933849342,39.60754585264604],[124.9050490504905,39.53636971104089]]]]}},{"type":"Feature","id":"524","properties":{"name":"Nepal","code":"NP","label":[83.9473031015346,28.257867479687118]},"geometry":{"type":"MultiPolygon","coordinates":[[[[88.10908109081089,27.870426501608776],[88.1486814868149,27.84265044634823],[88.15588155881562,27.79925036000361],[88.1486814868149,27.748906259843864],[88.10548105481058,27.64301004916301],[88.06948069480694,27.566625897196488],[88.02268022680227,27.4086495829021],[87.98307983079832,27.134361037204144],[87.99387993879941,27.085752940498168],[88.11268112681125,26.92777662620378],[88.15588155881562,26.80799238789264],[88.1630816308163,26.724664222110988],[88.11268112681125,26.585783945808217],[88.05508055080554,26.429543634967615],[88.02628026280263,26.394823565891926],[87.99387993879941,26.38267154171544],[87.84987849878502,26.43648764878276],[87.74907749077494,26.429543634967615],[87.6338763387634,26.398295572799498],[87.51147511475114,26.405239586614627],[87.41427414274142,26.42259962115247],[87.28827288272885,26.360103496816237],[87.16587165871658,26.394823565891926],[87.09027090270905,26.433015641875187],[87.03627036270365,26.542383859463612],[87.01467014670146,26.556271887093885],[86.76266762667626,26.441695659144102],[86.70146701467013,26.434751645328973],[86.54306543065434,26.495511766211422],[86.41346413464134,26.556271887093885],[86.36666366663667,26.57363192163173],[86.2406624066241,26.597935969984718],[86.12906129061292,26.61182399761499],[86.00666006660066,26.650016073598252],[85.85545855458554,26.599671973438504],[85.79425794257946,26.604879983799847],[85.7366573665737,26.63960005287555],[85.70785707857078,26.7125121979345],[85.70065700657005,26.78195233608588],[85.64665646656465,26.828824429338056],[85.56745567455675,26.83924045006077],[85.45585455854558,26.79757636716994],[85.29385293852937,26.740288253195047],[85.23985239852402,26.750704273917762],[85.19305193051929,26.76632830500182],[85.17505175051753,26.78195233608588],[85.14985149851498,26.8461844638759],[85.12465124651249,26.86180849495996],[85.0886508865089,26.863544498413745],[85.02025020250204,26.879168529497804],[84.93744937449378,26.926040622749994],[84.68544685446858,27.040616850699777],[84.6530465304653,27.090960950859525],[84.6530465304653,27.203801175355522],[84.64224642246421,27.2506732686077],[84.60984609846099,27.299281365313675],[84.48024480244806,27.347889462019637],[84.22824228242285,27.42774562089373],[84.09144091440913,27.49197774868375],[84.02304023040233,27.46246568996942],[83.8970389703897,27.43468963470886],[83.8286382863829,27.37740152073397],[83.74583745837458,27.3964975587256],[83.55143551435515,27.455521676154277],[83.4470344703447,27.465937696876978],[83.38223382233821,27.445105655431576],[83.36783367833681,27.410385586355886],[83.28863288632886,27.37045750691884],[83.21303213032132,27.401705569086957],[83.06543065430657,27.445105655431576],[82.93222932229321,27.467673700330764],[82.73422734227341,27.51975380394431],[82.71262712627129,27.59613795591082],[82.67662676626765,27.674258111331127],[82.62982629826297,27.686410135507614],[82.449824498245,27.67252210787734],[82.28782287822878,27.755850273659007],[82.11142111421117,27.865218491247433],[82.03582035820358,27.899938560323122],[81.9890198901989,27.913826587953395],[81.94581945819459,27.899938560323122],[81.89541895418955,27.873898508516348],[81.85221852218524,27.86695449470122],[81.75861758617589,27.913826587953395],[81.63621636216362,27.9797947191972],[81.4850148501485,28.06138688152508],[81.31221312213125,28.175963109474864],[81.24021240212403,28.240195237264885],[81.20781207812081,28.28880333397086],[81.1682116821168,28.335675427223038],[81.01701017010168,28.410323575735774],[80.89460894608948,28.46934769316445],[80.75060750607508,28.540523834769616],[80.72540725407254,28.55441186239989],[80.67140671406713,28.59607594529072],[80.58860588605887,28.64989205235804],[80.51660516605165,28.6655160834421],[80.49500495004952,28.636004024727768],[80.48060480604806,28.604755962559636],[80.41940419404193,28.61169997637478],[80.32580325803258,28.667252086895886],[80.2250022500225,28.72280419741699],[80.14940149401497,28.77662030448431],[80.07020070200701,28.83043641155163],[80.05220052200525,28.870364490988678],[80.08460084600847,28.993620736207376],[80.13140131401315,29.101252950342015],[80.1710017100171,29.123820995241218],[80.23220232202323,29.194997136846382],[80.25740257402578,29.31825338206508],[80.25380253802541,29.424149592745948],[80.31860318603185,29.571709886317635],[80.40140401404017,29.729686200612022],[80.54900549005492,29.89981453908291],[80.61380613806136,29.955366649604017],[80.68580685806859,29.993558725587278],[80.81900819008189,30.11855097425976],[80.8478084780848,30.139383015705178],[80.90900909009093,30.17236708132708],[80.96660966609664,30.17931109514221],[81.00981009810101,30.163687064058152],[81.05661056610569,30.09945493626813],[81.1106111061111,30.036958811931882],[81.17541175411753,30.040430818839454],[81.25461254612549,30.092510922452988],[81.4166141661417,30.337287409436613],[81.64341643416435,30.38763150959636],[81.8558185581856,30.3615914577896],[82.04302043020431,30.326871388713897],[82.10062100621008,30.24527922638603],[82.13662136621366,30.15847905369681],[82.15822158221584,30.11507896735219],[82.21942219422198,30.064734867192442],[82.48582485824858,29.94147862197373],[82.64062640626406,29.830374400931532],[82.85302853028531,29.682814107359846],[83.01503015030153,29.61858197956981],[83.15543155431556,29.613373969208453],[83.23463234632345,29.55434985177979],[83.35343353433535,29.439773623830007],[83.4578345783458,29.306101357888593],[83.58383583835837,29.182845112669895],[83.67023670236705,29.188053123031253],[83.78903789037889,29.227981202468285],[83.93663936639365,29.280061306081834],[84.02304023040233,29.25402125427506],[84.10224102241023,29.21930118519937],[84.12744127441277,29.15680506086312],[84.17424174241745,29.037020822551995],[84.22824228242285,28.91202857387951],[84.31104311043111,28.86862848753489],[84.4118441184412,28.804396359744857],[84.4658446584466,28.752316256131323],[84.64944649446494,28.660308073080742],[84.67824678246785,28.62211599709748],[84.71424714247144,28.59607594529072],[84.76104761047611,28.578715910752877],[84.7970479704797,28.559619872761246],[84.85464854648546,28.55441186239989],[85.07065070650708,28.609963972920994],[85.12465124651249,28.60301995910585],[85.16065160651607,28.59260393838315],[85.16065160651607,28.571771896937733],[85.12105121051212,28.48497172424851],[85.0886508865089,28.372131499752513],[85.12105121051212,28.316579389231407],[85.21105211052111,28.29227534087842],[85.4090540905409,28.27665130979436],[85.67905679056793,28.27665130979436],[85.75825758257582,28.221099199273254],[85.84105841058414,28.136035030037817],[85.92025920259204,27.990210739919917],[85.95265952659526,27.927714615583668],[85.99585995859957,27.910354581045823],[86.06426064260643,27.93465862939881],[86.07506075060752,27.995418750281274],[86.07866078660788,28.083954926424283],[86.13626136261365,28.1152029885924],[86.1758617586176,28.090898940239413],[86.21906219062191,28.021458802088034],[86.32706327063272,27.9589626777518],[86.40986409864098,27.929450619037453],[86.48546485464857,27.93986663976017],[86.51786517865179,27.964170688113143],[86.55386553865537,28.08569092987807],[86.6150661506615,28.103050964415914],[86.6906669066691,28.094370947146984],[86.71946719467195,28.07006689879401],[86.75186751867517,28.021458802088034],[86.84186841868421,27.998890757188832],[86.93546935469357,27.967642695020714],[87.02187021870219,27.929450619037453],[87.14067140671409,27.83917843944066],[87.29187291872921,27.821818404902814],[87.46467464674646,27.8235544083566],[87.5546755467555,27.821818404902814],[87.62307623076231,27.81487439108767],[87.68427684276844,27.821818404902814],[87.86067860678605,27.88605053269285],[87.93267932679328,27.891258543054192],[88.02268022680227,27.882578525785277],[88.10908109081089,27.870426501608776]]]]}},{"type":"Feature","id":"496","properties":{"name":"Mongolia","code":"MN","label":[103.12407720658537,46.95618142338117]},"geometry":{"type":"MultiPolygon","coordinates":[[[[87.81387813878138,49.16250886227613],[87.81747817478174,49.16250886227613],[87.93627936279364,49.16424486572993],[87.98667986679868,49.18681291062913],[88.029880298803,49.21979697625102],[88.11628116281162,49.25625304878051],[88.13428134281344,49.29791713167134],[88.13428134281344,49.381245297453006],[88.1918819188192,49.452421439058156],[88.33948339483396,49.47325348050359],[88.39348393483937,49.483669501226274],[88.45108451084513,49.47325348050359],[88.54468544685449,49.4819334977725],[88.63468634686348,49.485405504680074],[88.68148681486815,49.46457346323464],[88.74628746287465,49.44547742524301],[88.83268832688327,49.448949432150584],[88.86148861488618,49.4819334977725],[88.86508865088649,49.52706958757091],[88.90108901089013,49.539221611747394],[88.94428944289444,49.507973549579276],[88.96948969489694,49.483669501226274],[89.00909009090094,49.47325348050359],[89.10989109891102,49.50102953576413],[89.17829178291782,49.53227759793225],[89.20349203492037,49.596509725722285],[89.24309243092432,49.6277577878904],[89.30069300693009,49.610397753352544],[89.39429394293944,49.612133756806344],[89.47349473494734,49.66074185351229],[89.57789577895778,49.69893392949555],[89.65349653496537,49.71802996748718],[89.66789667896683,49.7510140331091],[89.63549635496355,49.82392617816805],[89.64269642696428,49.903782337042145],[89.74349743497436,49.94891842684055],[89.87669876698766,49.95412643720189],[89.97749977499774,49.98363849591624],[90.00630006300065,50.068702665151676],[90.05310053100533,50.09300671350465],[90.10350103501037,50.103422734227365],[90.22590225902258,50.117310761857624],[90.31230312303126,50.15203083093331],[90.36630366303666,50.1676548620174],[90.51750517505178,50.21279095181578],[90.65430654306545,50.22320697253849],[90.71550715507158,50.25966304506798],[90.76230762307625,50.30653513832016],[90.83790837908379,50.32389517285799],[90.91710917109174,50.36382325229505],[91.02151021510218,50.41590335590857],[91.06111061110613,50.42284736972371],[91.23391233912338,50.45235942843806],[91.30231302313024,50.46277544916077],[91.34191341913419,50.46971946297589],[91.41391413914141,50.46798345952212],[91.44631446314463,50.521799566589436],[91.52191521915222,50.56172764602647],[91.59751597515975,50.575615673656756],[91.63351633516334,50.61554375309379],[91.70551705517056,50.66588785325354],[91.80271802718028,50.69366390851411],[91.95751957519576,50.69713591542168],[92.10512105121052,50.69192790506031],[92.19152191521914,50.700607922329255],[92.26712267122673,50.77525607084198],[92.27792277922782,50.811712143371466],[92.29592295922959,50.8499042193547],[92.35352353523535,50.863792246984985],[92.42552425524258,50.80303212610252],[92.48672486724865,50.76484005011926],[92.58032580325806,50.72491197068223],[92.62712627126274,50.68845589815274],[92.68112681126814,50.683247887791396],[92.73872738727385,50.71102394305194],[92.77832778327786,50.77872807774955],[92.85752857528576,50.78914409847226],[92.94032940329402,50.77872807774955],[92.9619296192962,50.74574401212763],[92.96912969129693,50.71275994650574],[93.00873008730088,50.65373582907705],[93.10233102331023,50.6033917289173],[93.22113221132213,50.606863735824874],[93.27153271532717,50.61554375309379],[93.3867338673387,50.608599739278674],[93.50193501935019,50.59818371855596],[93.62433624336245,50.58603169437947],[93.66033660336603,50.58429569092567],[93.7971379713797,50.57735167711053],[93.99153991539919,50.56867165984161],[94.07434074340745,50.572143666749184],[94.25074250742506,50.556519635665126],[94.2867428674287,50.51138354586672],[94.31914319143192,50.40548733518588],[94.34794347943483,50.303063131412586],[94.3551435514355,50.22147096908472],[94.40194401944018,50.17980688619389],[94.45954459544595,50.1659188585636],[94.49554495544959,50.13293479294171],[94.56394563945639,50.08779870314331],[94.61434614346143,50.02356657535327],[94.67554675546756,50.028774585714615],[94.71874718747188,50.0426626133449],[94.81234812348123,50.047870623706245],[94.93114931149313,50.044398616798674],[95.01395013950139,50.00794254426921],[95.0427504275043,49.96107045101704],[95.1111511115111,49.93503039921026],[95.16515165151651,49.94371041647918],[95.33075330753309,49.94371041647918],[95.38475384753849,49.941974413025406],[95.44235442354426,49.91593436121863],[95.52155521555216,49.91072635085729],[95.56835568355683,49.94371041647918],[95.70875708757086,49.96627846137838],[95.78795787957881,50.013150554630556],[95.85275852758531,50.013150554630556],[95.89955899558998,49.990582509731354],[95.93555935559357,49.959334447563236],[95.98955989559897,49.97322247519352],[96.01836018360183,49.9992625270003],[96.0651606516065,49.9992625270003],[96.11196111961118,49.98190249246244],[96.23076230762308,49.95412643720189],[96.31356313563134,49.90031033013457],[96.3819638196382,49.896838323227],[96.46476464764646,49.91072635085729],[96.50436504365047,49.919406368126204],[96.54396543965441,49.89336631631943],[96.59796597965982,49.87774228523537],[96.64116641166413,49.89857432668077],[96.7131671316713,49.91072635085729],[96.98676986769868,49.882950295596714],[97.04797047970482,49.829134188529395],[97.09837098370986,49.80483014017642],[97.1379713797138,49.761430053831816],[97.20997209972103,49.7301819916637],[97.36117361173615,49.740598012386386],[97.41877418774186,49.7735820780083],[97.54117541175412,49.84302221615968],[97.5879758797588,49.91072635085729],[97.6527765277653,49.93329439575646],[97.7211772117721,49.94544641993298],[97.7859778597786,49.94371041647918],[97.85437854378546,49.94718242338675],[97.93717937179372,49.9975265235465],[98.00558005580058,50.014886558084356],[98.1027810278103,50.07738268242059],[98.12078120781212,50.10689474113494],[98.17118171181716,50.17980688619389],[98.19998199982001,50.228414982899835],[98.25038250382505,50.303063131412586],[98.27558275582754,50.42284736972371],[98.29358293582936,50.48707949751375],[98.2791827918279,50.53395159076592],[98.2215822158222,50.556519635665126],[98.1459814598146,50.56867165984161],[98.07758077580775,50.6033917289173],[98.03078030780307,50.645055811808135],[98.00198001980021,50.702343925783026],[97.96237962379627,50.76831205702683],[97.96237962379627,50.81692015373281],[97.95157951579517,50.85511222971607],[97.91917919179195,50.88636029188419],[97.85437854378546,50.94364840585908],[97.82557825578255,50.98531248874991],[97.83637836378364,51.05128061999372],[97.91197911979123,51.1658568479435],[97.91917919179195,51.21793695155702],[97.92637926379263,51.25092101717894],[97.92277922779226,51.280433075893285],[97.94797947979481,51.34813721059086],[97.98757987579876,51.37764926930521],[98.0379803798038,51.45056141436416],[98.1027810278103,51.48354547998608],[98.18558185581855,51.48528148343985],[98.2215822158222,51.50611352488528],[98.2359823598236,51.57902566994423],[98.27558275582754,51.63457778046532],[98.30438304383046,51.674505859902354],[98.35118351183513,51.71790594624699],[98.63918639186392,51.80123411202865],[98.76158761587618,51.90539431925572],[98.80118801188013,51.95747442286924],[98.8479884798848,52.07031464736525],[98.89478894788948,52.11718674061743],[98.95958959589598,52.10156270953337],[99.03519035190351,52.03559457828956],[99.09279092790928,52.03559457828956],[99.1755917559176,51.99913850576007],[99.40599405994061,51.92275435379355],[99.53199531995318,51.90018630889435],[99.61119611196114,51.89324229507923],[99.71919719197194,51.8724102536338],[99.78759787597875,51.8272741638354],[99.9207992079921,51.75609802223025],[100.03600036000358,51.73700198423862],[100.23040230402307,51.73005797042347],[100.46800468004682,51.7265859635159],[100.53640536405368,51.712697935885615],[100.70920709207093,51.66235383572587],[100.90360903609036,51.605065721750975],[101.08361083610839,51.552985618137456],[101.22401224012242,51.513057538700394],[101.30321303213032,51.47486546271713],[101.38241382413827,51.45229741781796],[101.46521465214653,51.47139345580959],[101.56961569615697,51.46792144890202],[101.82161821618217,51.421049355649814],[101.98001980019802,51.38285727966655],[102.11322113221132,51.353345220952235],[102.15642156421563,51.313417141515174],[102.160021600216,51.261337037901654],[102.14202142021423,51.21620094810325],[102.15282152821527,51.10683273051481],[102.19602196021964,51.05128061999372],[102.21042210422104,50.9748964680272],[102.2248222482225,50.90198432296825],[102.2140221402214,50.829072177909296],[102.23562235622359,50.790880101926035],[102.27522275222753,50.76831205702683],[102.31482314823148,50.717967956867085],[102.30402304023039,50.66588785325354],[102.28602286022863,50.63463979108542],[102.28962289622899,50.58429569092567],[102.33642336423367,50.54436761148864],[102.40842408424083,50.53568759421972],[102.46962469624697,50.52527157349701],[102.54522545225456,50.46103944570697],[102.68202682026822,50.38639129719425],[102.76482764827648,50.36729525920262],[102.85842858428583,50.33257519012693],[103.03843038430387,50.301327127958785],[103.16083160831607,50.2909111072361],[103.2328323283233,50.264871055429325],[103.30483304833047,50.20063892763929],[103.420034200342,50.18675090000903],[103.49563495634959,50.16418285510983],[103.63243632436325,50.138142803303055],[103.72243722437224,50.15376683438711],[103.8016380163802,50.176334879286316],[103.8556385563856,50.171126868924944],[103.96003960039599,50.157238841294685],[104.07884078840789,50.15376683438711],[104.17964179641797,50.16939086547117],[104.25884258842592,50.21452695526958],[104.35244352443527,50.27528707615204],[104.46764467644675,50.30653513832016],[104.59724597245975,50.31695115904287],[104.68364683646837,50.34125520739585],[104.97524975249752,50.38291929028668],[105.09405094050942,50.38986330410182],[105.18765187651877,50.429791383538856],[105.26685266852667,50.46103944570697],[105.3820538205382,50.47319146988346],[105.54045540455405,50.44194340771534],[105.69165691656917,50.4141673524548],[105.87525875258751,50.40548733518588],[105.99765997659978,50.36729525920262],[106.0840608406084,50.33257519012693],[106.21726217262176,50.30479913486636],[106.36846368463688,50.31695115904287],[106.5736657366574,50.32910318321936],[106.71046710467107,50.3117431486815],[106.85446854468546,50.247511020891466],[106.94086940869408,50.19716692073172],[107.04167041670416,50.086062699689506],[107.14247142471424,50.03224659262219],[107.23247232472323,49.98884650627758],[107.34767347673477,49.98711050282378],[107.63207632076319,49.98363849591624],[107.78687786877867,49.959334447563236],[107.91647916479167,49.94718242338675],[107.94887948879489,49.92461437848755],[107.93447934479343,49.848230226521025],[107.9380793807938,49.740598012386386],[107.9380793807938,49.69025391222664],[107.96687966879671,49.65379783969718],[108.01008010080102,49.64685382588203],[108.03528035280351,49.594773722268485],[108.09648096480964,49.561789656646596],[108.21168211682118,49.52533358411711],[108.40608406084061,49.396869328537065],[108.52128521285215,49.341317218015945],[108.6148861488615,49.322221180024314],[108.7336873368734,49.3361092076546],[108.9208892088921,49.3361092076546],[109.2376923769238,49.3343732042008],[109.45369453694536,49.29618112821754],[109.52929529295295,49.270141076410795],[109.74889748897488,49.23889301424265],[109.9936999369994,49.20590894862076],[110.19890198901987,49.17118887954507],[110.32130321303214,49.216324969343475],[110.42930429304295,49.21979697625102],[110.53010530105303,49.18681291062913],[110.6309063090631,49.13820481392315],[110.710107101071,49.143412824284525],[110.8289082890829,49.1659808691837],[111.20331203312037,49.304861145486484],[111.33651336513367,49.35520524564623],[111.43011430114302,49.343053221469745],[111.51291512915128,49.360413256007575],[111.57411574115741,49.376037287091634],[111.73611736117363,49.39860533199084],[111.83331833318334,49.40381334235218],[111.93411934119342,49.415965366528695],[112.07812078120782,49.42464538379761],[112.37692376923769,49.51491756339439],[112.49572495724959,49.53227759793225],[112.69732697326975,49.507973549579276],[112.80532805328056,49.523597580663335],[112.91332913329137,49.56873367046171],[113.05733057330576,49.615605763713916],[113.09333093330935,49.69198991568044],[113.16533165331657,49.79788612636128],[113.320133201332,49.8742702783278],[113.44613446134463,49.941974413025406],[113.57573575735756,50.00620654081541],[113.73413734137341,50.06175865133653],[113.88173881738817,50.101686730773565],[114.06894068940693,50.20411093454686],[114.22014220142205,50.25792704161418],[114.29574295742958,50.27355107269824],[114.38574385743857,50.25619103816041],[114.55494554945551,50.24230301053012],[114.67374673746741,50.245775017437694],[114.74214742147421,50.23362299326121],[114.87894878948788,50.18327889310146],[115.00495004950051,50.138142803303055],[115.09855098550986,50.06002264788276],[115.27495274952753,49.94891842684055],[115.36495364953652,49.91246235431106],[115.42975429754301,49.896838323227],[115.5881558815588,49.886422302504286],[115.7177571775718,49.88121429214294],[115.7969579695797,49.90551834049592],[115.92655926559269,49.95239043374809],[116.13536135361352,50.011414551176784],[116.21816218162184,50.009678547722984],[116.35136351363514,49.97843048555487],[116.5529655296553,49.921142371579975],[116.63216632166325,49.87774228523537],[116.68256682566829,49.82392617816805],[116.58896588965888,49.685045901865294],[116.40176401764018,49.40554934580598],[116.24336243362433,49.17118887954507],[116.16056160561607,49.03751661360366],[116.09936099360993,48.93682841328416],[116.03456034560344,48.83961221987221],[116.0237602376024,48.78232410589732],[115.95535955359554,48.688579919392964],[115.82215822158224,48.57747569835075],[115.79335793357933,48.455955456585826],[115.7969579695797,48.346587238997415],[115.7861578615786,48.24763504213169],[115.63855638556385,48.18687492124923],[115.52335523355237,48.131322810728136],[115.55935559355595,47.945570441173174],[115.61695616956172,47.874394299568024],[115.71055710557107,47.799746151055274],[115.81135811358115,47.73898603017281],[115.89775897758977,47.68690592655929],[115.99495994959949,47.711209974912265],[116.07416074160744,47.78933013033256],[116.23256232562329,47.858770268483966],[116.31896318963192,47.86050627193774],[116.37656376563768,47.84488224085368],[116.51336513365135,47.839674230492335],[116.65016650166501,47.86397827884531],[116.76176761767618,47.86918628920665],[116.90216902169021,47.853562258122594],[116.95256952569525,47.83620222358476],[117.07137071370715,47.80669016487042],[117.19737197371973,47.74072203362661],[117.28737287372877,47.66607388511386],[117.35217352173521,47.6521858574836],[117.38457384573849,47.676489905836576],[117.45657456574565,47.74072203362661],[117.55377553775537,47.804954161416646],[117.67617676176764,47.90911436864371],[117.76977769777699,47.98723452406401],[117.84177841778421,47.999386548240494],[117.97857978579788,47.999386548240494],[118.04338043380437,48.018482586232125],[118.14778147781476,48.02889860695484],[118.24138241382417,47.999386548240494],[118.49698496984973,47.983762517156435],[118.5689856898569,47.9438344377194],[118.69138691386917,47.822314195954476],[118.75978759787597,47.75808206816444],[118.87858878588787,47.72509800254255],[118.9541895418954,47.70252995764335],[119.0189901899019,47.68516992310549],[119.08019080190803,47.65392186093737],[119.09819098190985,47.61572978495411],[119.12339123391234,47.55844167097922],[119.16299162991629,47.52545760535733],[119.23499234992352,47.492473539735414],[119.29259292592928,47.473377501743784],[119.30699306993068,47.42997741539918],[119.3249932499325,47.41088137740755],[119.37539375393754,47.3813693186932],[119.52659526595266,47.256377070020704],[119.59859598595989,47.221657000945015],[119.710197101971,47.150480859339865],[119.75699756997574,47.0897207384574],[119.76059760597605,47.02722461412117],[119.78939789397896,46.97861651741519],[119.86139861398613,46.90744037581001],[119.89739897398977,46.857096275650264],[119.88299882998831,46.79112814440646],[119.89739897398977,46.732104026977794],[119.86859868598685,46.67134390609533],[119.74619746197465,46.627943819750726],[119.7065970659707,46.605375774851524],[119.62019620196202,46.603639771397724],[119.47259472594726,46.626207816296926],[119.33219332193323,46.61405579212044],[119.16299162991629,46.63835984047341],[119.02979029790299,46.69217594754073],[118.95778957789577,46.735576033885366],[118.84258842588429,46.75988008223834],[118.78858788587888,46.74772805806185],[118.72378723787239,46.69217594754073],[118.64818648186485,46.700855964809676],[118.579785797858,46.69217594754073],[118.40338403384033,46.70259196826345],[118.30978309783097,46.716479995893735],[118.15858158581585,46.678287919910474],[118.07218072180723,46.66613589573399],[117.91017910179102,46.61926380248178],[117.8129781297813,46.53767164015392],[117.74097740977413,46.51857560216229],[117.67257672576727,46.52204760906986],[117.62217622176223,46.551559667784204],[117.54657546575464,46.588015740313665],[117.43857438574389,46.58627973685989],[117.40617406174061,46.570655705775835],[117.39177391773921,46.53767164015392],[117.35577355773557,46.43698343983442],[117.35577355773557,46.39184735003602],[117.33417334173345,46.36233529132167],[117.26937269372695,46.351919270598984],[117.15417154171541,46.355391277506556],[116.9777697776978,46.36233529132167],[116.8589685896859,46.388375343128445],[116.78696786967873,46.37622331895196],[116.68976689766896,46.32240721188464],[116.61776617766179,46.31372719461572],[116.56376563765639,46.28942314626272],[116.51696516965171,46.209566987388655],[116.44496444964449,46.15922288722888],[116.35856358563586,46.096726762892644],[116.26496264962651,45.96305449695123],[116.21456214562147,45.88667034498471],[116.22896228962293,45.845006262093875],[116.23976239762396,45.79639816538793],[116.19656196561965,45.739110051413036],[116.11016110161103,45.68702994779949],[116.0381603816038,45.6766139270768],[115.93375933759341,45.626269826917024],[115.78975789757897,45.534261643866444],[115.68175681756821,45.45787749189995],[115.53775537755376,45.43878145390832],[115.44055440554405,45.41968541591669],[115.21735217352176,45.39538136756369],[115.16335163351636,45.39017335720234],[114.91854918549188,45.378021333025856],[114.73854738547385,45.41968541591669],[114.6449464494645,45.412741402101545],[114.55854558545587,45.39017335720234],[114.51894518945193,45.36413330539557],[114.5009450094501,45.31552520868959],[114.48654486544865,45.27212512234499],[114.41814418144185,45.20268498419361],[114.28134281342813,45.11067680114303],[114.16614166141665,45.049916680260566],[114.07974079740796,44.97179652484027],[114.02934029340292,44.942284466125926],[113.93213932139321,44.91277240741158],[113.8781387813878,44.89541237287375],[113.75213752137523,44.82597223472237],[113.65133651336515,44.76347611038611],[113.58653586535866,44.74611607584828],[113.50733507335076,44.761740106932336],[113.45693456934572,44.76694811729368],[113.30213302133023,44.79125216564668],[113.19773197731979,44.794724172554254],[113.05013050130503,44.81034820363831],[112.70812708127085,44.88326034869726],[112.59652596525967,44.91798041777295],[112.49932499324996,45.011724604277305],[112.41292412924128,45.05859669752948],[112.29052290522907,45.06380470789085],[112.1141211412114,45.06380470789085],[112.03132031320314,45.08116474242868],[111.89811898118984,45.06380470789085],[111.75051750517508,44.97006052138647],[111.68211682116822,44.89888437978132],[111.62091620916209,44.82770823817614],[111.54891548915492,44.67320393078933],[111.51651516515165,44.56904372356226],[111.48771487714879,44.51175560958737],[111.4121141211412,44.41974742653679],[111.40131401314017,44.36766732292324],[111.43011430114302,44.322531233124835],[111.48771487714879,44.27218713296509],[111.52011520115201,44.19233097409102],[111.60291602916033,44.107266804855556],[111.68211682116822,44.04129867361175],[111.8369183691837,43.93540246293091],[111.88011880118802,43.87811434895602],[111.93051930519306,43.815618224619755],[111.94131941319415,43.75312210028352],[111.93411934119342,43.71145801739269],[111.87651876518765,43.68020995522457],[111.77211772117721,43.66458592414051],[111.7181171811718,43.621185837795906],[111.64251642516427,43.563897723821015],[111.54891548915492,43.49619358912341],[111.50211502115025,43.492721582215836],[111.4517145171452,43.475361547678006],[111.18531185311855,43.39203338189634],[111.08811088110883,43.36946533699714],[111.00891008910088,43.34168928173659],[110.91170911709116,43.256625112501155],[110.839708397084,43.19412898816489],[110.74970749707501,43.110800822383254],[110.710107101071,43.074344749853765],[110.62730627306274,42.9910165840721],[110.51930519305193,42.89553639411395],[110.46170461704617,42.84345629050043],[110.42930429304295,42.81394423178608],[110.40050400504003,42.77401615234905],[110.28890288902892,42.74276809018093],[110.19530195301957,42.70978402455901],[110.05850058500585,42.66117592785304],[109.86049860498605,42.605623817331946],[109.69849698496984,42.5535437137184],[109.59409594095939,42.51014362737379],[109.44289442894433,42.45632752030647],[109.33849338493388,42.438967485768615],[109.13329133291336,42.440703489222415],[108.87408874088743,42.42681546159213],[108.68688686886873,42.41639944086941],[108.54648546485464,42.42855146504593],[108.33408334083344,42.43723148231484],[108.17208172081723,42.44764750303756],[108.06408064080642,42.42681546159213],[107.8048780487805,42.405983420146725],[107.74727747277473,42.40077540978535],[107.29367293672937,42.348695306171834],[107.0920709207092,42.32091925091129],[106.9048690486905,42.30876722673477],[106.7716677166772,42.28793518528937],[106.69246692466925,42.2636311369364],[106.58086580865807,42.22717506440691],[106.519665196652,42.21155103332285],[106.31806318063184,42.1403748917177],[105.86805868058684,41.99455060159977],[105.5656556565566,41.87476636328864],[105.51885518855187,41.85393432184324],[105.3136531365314,41.770606156061575],[105.19845198451986,41.73762209043966],[105.1156511565116,41.662973941926936],[105.0508505085051,41.61610184867476],[104.98244982449825,41.59526980722933],[104.86004860048604,41.643877903935305],[104.77364773647736,41.64040589702773],[104.49644496444967,41.659501935019364],[104.49644496444967,41.87650236674244],[104.3056430564306,41.8469903080281],[103.99603996039963,41.79664620786835],[103.71163711637115,41.751510118069945],[103.44883448834491,41.85567032529701],[103.24723247232475,41.937262487624906],[103.07443074430745,42.006702625776285],[102.80802808028079,42.05183871557466],[102.57402574025741,42.09176679501172],[102.15642156421563,42.15773492625553],[101.9728197281973,42.21502304023042],[101.87921879218794,42.293143195650714],[101.71361713617137,42.46500753757539],[101.65961659616596,42.49972760665108],[101.58041580415806,42.52403165500408],[101.49401494014938,42.53791968263434],[101.31401314013141,42.53791968263434],[101.09081090810906,42.551807710264626],[100.77400774007742,42.58826378279409],[100.51840518405186,42.61603983805466],[100.08640086400862,42.67159194857575],[99.98199981999824,42.676799958937096],[99.75879758797589,42.62992786568492],[99.46719467194674,42.567431741348685],[98.94518945189452,42.61603983805466],[98.7147871478715,42.638607882953835],[98.24678246782469,42.68374397275224],[97.7175771757718,42.73582407636579],[97.20637206372066,42.78964018343311],[96.8319683196832,42.76012812471876],[96.62676626766267,42.7445040936347],[96.38556385563857,42.72020004528173],[96.35316353163535,42.746240097088474],[96.34236342363425,42.84866430086177],[96.29916299162994,42.928520459735864],[96.16956169561695,43.0153206324251],[96.07956079560796,43.09691279475297],[95.91395913959138,43.20628101234138],[95.85995859958598,43.275721150492785],[95.84195841958422,43.383353364627425],[95.68715687156873,43.66458592414051],[95.58995589955902,43.853810300603016],[95.56835568355683,43.89200237658628],[95.52515525155252,43.95449850092254],[95.47115471154711,43.98574656309066],[95.35595355953558,44.00657860453606],[95.32715327153272,44.03956267015798],[95.32715327153272,44.105530801401784],[95.34515345153454,44.195802980998565],[95.36675366753667,44.2617711122424],[95.3487534875349,44.27739514332646],[95.04995049950503,44.2600351087886],[94.86634866348663,44.30343519513323],[94.71154711547115,44.35030728838541],[94.49554495544959,44.47182753015031],[94.3659436594366,44.51869962340251],[94.20034200342002,44.64542787552878],[93.95913959139591,44.6749399342431],[93.86913869138692,44.723548030949075],[93.75393753937539,44.831180245083715],[93.65673656736567,44.90062038323509],[93.51633516335164,44.944020469579726],[93.2931329313293,44.98394854901676],[92.91512915129152,45.02040462154622],[92.7891278912789,45.03602865263031],[92.58032580325806,45.011724604277305],[92.42552425524258,45.00825259736973],[92.17352173521738,45.03602865263031],[92.02952029520299,45.069012718252196],[91.85311853118532,45.069012718252196],[91.73791737917378,45.069012718252196],[91.5831158311583,45.07595673206734],[91.51111511115113,45.09852477696654],[91.44271442714427,45.124564828773316],[91.31311313113133,45.11762081495817],[91.22311223112234,45.14539687021872],[91.13671136711366,45.194004966924695],[91.05031050310504,45.2165730118239],[90.95310953109532,45.2165730118239],[90.91350913509137,45.194004966924695],[90.87750877508773,45.195740970378466],[90.85230852308524,45.26344510507607],[90.76230762307625,45.37107731921071],[90.7479074790748,45.41968541591669],[90.6939069390694,45.47523752643778],[90.66150661506617,45.52558162659753],[90.67230672306727,45.59502176474891],[90.70830708307085,45.73043003414412],[90.79470794707947,45.85368627936282],[90.85230852308524,45.884934341530936],[90.88830888308883,45.9213904140604],[90.96030960309605,45.98562254185043],[91.00351003510036,46.03596664201018],[90.99630996309963,46.10540678016156],[90.9459094590946,46.17658292176674],[90.90990909909101,46.27032710827109],[90.91710917109174,46.32414321533841],[90.97110971109714,46.388375343128445],[91.03231032310322,46.528991622885],[91.02871028710285,46.56544769541446],[91.00351003510036,46.59495975412881],[90.99630996309963,46.660927885372615],[90.98550985509854,46.749464061515624],[90.90990909909101,46.88313632745704],[90.87030870308706,46.95431246906222],[90.79830798307984,46.985560531230334],[90.71550715507158,47.004656569221964],[90.64350643506435,47.10013675918012],[90.55350553505536,47.2147129871299],[90.4959049590496,47.28588912873505],[90.47790477904778,47.329289215079655],[90.46710467104674,47.40740937049998],[90.42390423904237,47.5046255639119],[90.38070380703806,47.55670566752545],[90.34830348303484,47.59663374696248],[90.33030330303302,47.65565786439117],[90.31230312303126,47.676489905836576],[90.18990189901899,47.70252995764335],[90.10350103501037,47.745930043987954],[90.06750067500678,47.803218157962846],[90.05310053100533,47.85009025121502],[90.02790027900278,47.877866306475596],[89.95949959499598,47.88654632374451],[89.90909909099094,47.84488224085368],[89.82989829898298,47.82405019940825],[89.77949779497794,47.82752220631582],[89.72549725497254,47.85182625466882],[89.69309693096932,47.87960230992937],[89.63909639096391,47.90911436864371],[89.55989559895602,48.004594558601866],[89.48069480694807,48.02889860695484],[89.32949329493294,48.02542660004727],[89.19629196291964,47.980290510248864],[89.11709117091169,47.98723452406401],[89.04869048690489,48.002858555148066],[88.96948969489694,48.04973064840024],[88.9190891908919,48.0896587278373],[88.839888398884,48.10181075201379],[88.68148681486815,48.17125089016517],[88.5770857708577,48.219858986871145],[88.56628566285661,48.31707518028307],[88.51588515885157,48.384779314980676],[88.4150841508415,48.40387535297231],[88.31068310683105,48.471579487669885],[88.15948159481593,48.509771563653146],[88.06228062280621,48.53754761891372],[87.97947979479795,48.55490765345155],[87.96867968679686,48.580947705258325],[87.97227972279723,48.60351575015753],[88.01188011880117,48.63997182268699],[88.05148051480518,48.67469189176268],[88.0586805868059,48.707675957384595],[88.02628026280263,48.73545201264514],[87.94347943479437,48.764964071359486],[87.8318783187832,48.79100412316626],[87.81027810278101,48.83614021296464],[87.74187741877421,48.88127630276304],[87.75627756277567,48.91773237529253],[87.8066780667807,48.945508430553076],[87.86067860678605,48.96634047199848],[87.87147871478714,48.999324537620396],[87.83547835478356,49.03230860324231],[87.81747817478174,49.08091669994826],[87.82467824678247,49.11563676902395],[87.81387813878138,49.16250886227613]]]]}},{"type":"Feature","id":"462","properties":{"name":"Maldives","code":"MV","label":[73.45729027936072,3.731572963771214]},"geometry":{"type":"MultiPolygon","coordinates":[[[[73.41733417334174,3.2313294820448277],[73.39573395733959,3.229593478591056],[73.38133381333813,3.2469535131289007],[73.3849338493385,3.2712575614818746],[73.40293402934032,3.2886175960197193],[73.42813428134284,3.290353599473505],[73.44253442534426,3.2747295683894464],[73.43533435334353,3.2504255200364582],[73.41733417334174,3.2313294820448277]]],[[[73.5109351093511,4.165299340180908],[73.49653496534967,4.154883319458207],[73.47853478534788,4.158355326365779],[73.47133471334715,4.170507350542266],[73.48213482134821,4.187867385080111],[73.4929349293493,4.210435429979313],[73.5037350373504,4.234739478332301],[73.51813518135182,4.246891502508788],[73.52893528935292,4.243419495601216],[73.52893528935292,4.2295314679709435],[73.52173521735219,4.210435429979313],[73.51813518135182,4.186131381626325],[73.5109351093511,4.165299340180908]]]]}},{"type":"Feature","id":"458","properties":{"name":"Malaysia","code":"MY","label":[109.69976522420686,3.8111227950508746]},"geometry":{"type":"MultiPolygon","coordinates":[[[[100.1188011880119,6.44119986809244],[100.13680136801366,6.48807196134463],[100.16200162001621,6.64084026527766],[100.17640176401767,6.672088327445792],[100.21600216002162,6.685976355076065],[100.2628026280263,6.682504348168493],[100.34560345603455,6.550568085680865],[100.56520565205653,6.467239919899214],[100.63000630006303,6.448143881907583],[100.71640716407165,6.481127947529487],[100.7560075600756,6.46029590608407],[100.79200792007919,6.425575837008381],[100.81720817208173,6.331831650504014],[100.8748087480875,6.245031477814791],[100.99000990009898,6.257183501991278],[101.02961029610299,6.245031477814791],[101.05481054810548,6.243295474361005],[101.07641076410766,6.166911322394483],[101.08721087210876,6.033239056453084],[101.07641076410766,5.956854904486562],[100.99360993609935,5.845750683444351],[100.98280982809831,5.7711025349316145],[101.02601026010262,5.724230441679424],[101.08001080010803,5.675622344973462],[101.11241112411125,5.637430268990201],[101.14841148411483,5.642638279351559],[101.19161191611914,5.668678331158318],[101.23121231212315,5.7329104589483535],[101.25641256412564,5.790198572923245],[101.4040140401404,5.850958693805708],[101.55521555215552,5.908246807780586],[101.5768157681577,5.901302793965456],[101.60201602016019,5.876998745612468],[101.64881648816487,5.795406583284603],[101.67761677616778,5.778046548746758],[101.7208172081721,5.7711025349316145],[101.78921789217895,5.77978255220053],[101.87201872018721,5.824918641998934],[101.91881918819189,5.911718814688157],[101.93681936819371,5.979422949385764],[102.05562055620555,6.097471184243105],[102.07002070020701,6.184271356932328],[102.10242102421023,6.2415594709072195],[102.27522275222753,6.2033673949239585],[102.34002340023403,6.172119332755841],[102.53442534425346,5.863110717982195],[102.79002790027903,5.6443742828053445],[102.89802898028984,5.564518123931251],[102.9808298082981,5.524590044494204],[103.09603096030963,5.408277813090649],[103.19683196831971,5.2624535229727485],[103.41643416434164,4.851020704425807],[103.45243452434528,4.668740341778431],[103.47043470434704,4.392715792626689],[103.420034200342,3.9760749637184034],[103.36243362433623,3.7694905527180396],[103.37323373233733,3.6705383558523152],[103.45243452434528,3.521242058826857],[103.4308343083431,3.378889775616514],[103.44523445234455,3.2608415407591735],[103.43803438034382,2.9327368879938973],[103.4848348483485,2.8372566980357448],[103.5388353883539,2.7747605736994956],[103.81243812438123,2.580328186875633],[103.83403834038342,2.5091520452704685],[103.96723967239672,2.260903551379272],[104.21924219242192,1.7227424807060743],[104.28764287642878,1.4814380006300212],[104.28044280442805,1.4154698693862002],[104.25164251642519,1.3894298175794404],[104.1760417604176,1.3651257692264522],[104.11484114841147,1.4119978624786427],[104.09324093240934,1.446717931554332],[104.10044100441007,1.4883820144451647],[104.07524075240752,1.5300460973359833],[104.01764017640176,1.5786541940419596],[103.98163981639817,1.62379028384035],[103.99243992439926,1.5508781387813997],[103.99243992439926,1.4553979488232471],[103.91683916839168,1.446717931554332],[103.8160381603816,1.4762299902686635],[103.69363693636939,1.4501899384619037],[103.549635496355,1.3321417036045489],[103.48123481234813,1.328669696696977],[103.42723427234273,1.4293578970164873],[103.39843398433987,1.49706203171408],[103.3552335523355,1.545670128420042],[102.89802898028984,1.7921826188574528],[102.7288272882729,1.8564147466474736],[102.54882548825492,2.042167116202421],[102.1456214562146,2.248751527202785],[101.89001890018903,2.450127927841791],[101.78201782017823,2.5733841730604894],[101.51921519215193,2.6844883941027007],[101.40761407614076,2.8129526496827566],[101.35001350013499,2.8389927014895306],[101.29601296012959,2.885864794741707],[101.35361353613536,3.010857043414191],[101.32841328413286,3.1427933059018187],[101.29961299612995,3.25389752694403],[101.11601116011161,3.472633962120881],[101.02601026010262,3.625402266053925],[100.84960849608495,3.776434566533183],[100.78120781207815,3.864970742676192],[100.71640716407165,3.965658942995688],[100.7560075600756,4.002115015525163],[100.79560795607955,4.02294705697058],[100.75960759607597,4.097595205483316],[100.66240662406625,4.226059461063372],[100.61560615606157,4.373619754635058],[100.61560615606157,4.651380307240586],[100.47520475204755,5.043717087795898],[100.35280352803528,5.587086168830453],[100.37440374403747,5.778046548746758],[100.34200342003419,5.984630959747108],[100.2628026280263,6.182535353478542],[100.15840158401585,6.324887636688885],[100.1188011880119,6.44119986809244]]],[[[117.57537575375756,4.170507350542266],[117.53577535775361,4.172243353996052],[117.44937449374493,4.193075395441468],[117.27657276572768,4.298971606122322],[117.10017100171001,4.337163682105583],[116.84456844568444,4.340635689013155],[116.69696696966969,4.354523716643428],[116.63936639366392,4.338899685559369],[116.58896588965888,4.338899685559369],[116.5529655296553,4.359731727004785],[116.51336513365135,4.370147747727486],[116.41616416164163,4.307651623391251],[116.36936369363696,4.326747661382882],[116.31896318963192,4.354523716643428],[116.2361623616236,4.363203733912357],[116.13536135361352,4.354523716643428],[116.02016020160204,4.290291588853407],[115.89775897758977,4.34931570628207],[115.86175861758619,4.347579702828298],[115.83655836558364,4.333691675198011],[115.7825578255783,4.253835516323932],[115.67815678156785,4.193075395441468],[115.62775627756281,4.081971174399257],[115.59535595355953,3.9760749637184034],[115.57015570155704,3.9396188911889283],[115.55935559355595,3.7330344801885644],[115.5449554495545,3.63408228332284],[115.57015570155704,3.5021460208352266],[115.56655566555668,3.446593910314121],[115.519755197552,3.3615297410786695],[115.51255512555127,3.342433703087039],[115.49095490954909,3.2087614371456397],[115.49815498154982,3.1723053646161645],[115.49455494554945,3.128905278271546],[115.4549545495455,3.035161091767179],[115.38295382953828,3.0091210399604194],[115.31095310953111,2.9934970088763464],[115.24615246152462,3.026481074498264],[115.18855188551885,2.974400970884716],[115.11655116551168,2.8945448120106363],[115.08775087750877,2.8407287049433165],[115.08775087750877,2.7903846047835543],[115.0949509495095,2.757400539161651],[115.08055080550804,2.7226804700859617],[115.07695076950773,2.6862243975564866],[115.08055080550804,2.6341442939429527],[115.13095130951308,2.6115762490437504],[115.18135181351812,2.56644015924536],[115.17775177751781,2.5230400729007414],[115.15255152551526,2.49352801418641],[115.08775087750877,2.4466559209342194],[114.96894968949692,2.351175730976067],[114.83574835748357,2.2695835686482013],[114.78534785347853,2.250487530656571],[114.76734767347676,2.21229545467331],[114.76014760147604,2.161951354513562],[114.78894788947889,2.0508471334713505],[114.81414814148144,2.019599071303233],[114.8321483214832,1.9796709918661861],[114.81414814148144,1.9345349020677816],[114.79974799747998,1.8946068226307347],[114.74934749347494,1.8685667708239748],[114.70254702547027,1.8512067362861302],[114.68454684546845,1.8182226706642268],[114.65934659346595,1.6862864081765991],[114.63054630546304,1.6168462700252206],[114.5657456574566,1.5144220662519245],[114.54414544145442,1.4675499729997483],[114.5117451174512,1.4519259419156896],[114.38574385743857,1.5005340386216517],[114.2741427414274,1.4710219799073059],[114.12654126541264,1.4519259419156896],[114.00054000540007,1.4553979488232471],[113.90333903339035,1.4345659073778307],[113.83493834938349,1.380749800310511],[113.75933759337596,1.3113096621591325],[113.68013680136801,1.2609655619993845],[113.62253622536224,1.2366615136463963],[113.51453514535149,1.3078376552515607],[113.45693456934572,1.3026296448902173],[113.359733597336,1.3269336932431912],[113.12573125731257,1.408525855571071],[113.0681306813068,1.4310939004702732],[113.00693006930072,1.4345659073778307],[112.9889298892989,1.457133952277033],[112.9997299973,1.49706203171408],[112.9889298892989,1.547406131873828],[112.94212942129423,1.5665021698654584],[112.47772477724777,1.559558156050329],[112.34092340923411,1.5144220662519245],[112.25092250922512,1.4797019971762353],[112.18612186121862,1.4397739177391884],[112.1681216812168,1.3373497139659065],[112.12852128521286,1.2436055274615399],[112.07812078120782,1.1429173271420296],[111.92331923319233,1.113405268427698],[111.8081180811808,1.0109810646544162],[111.76851768517685,0.998829040477915],[111.69291692916931,1.0144530715619737],[111.60651606516069,1.0231330888309031],[111.54531545315456,0.9936210301165715],[111.48411484114843,0.9953570335703432],[111.28611286112863,1.0439651302763195],[111.10251102511029,1.0509091440914489],[110.99450994509948,1.026605095738475],[110.93690936909371,1.0179250784695455],[110.61650616506165,0.8773087987130026],[110.50490504905048,0.8616847676289439],[110.46170461704617,0.8825168090743603],[110.40050400504003,0.9398049230492376],[110.31410314103141,0.9953570335703432],[110.11610116101161,1.18978942039422],[110.04050040500408,1.2349255101926104],[109.99009990099904,1.2817976034448009],[109.94329943299437,1.3373497139659065],[109.87849878498787,1.3981098348483556],[109.81729817298174,1.4397739177391884],[109.73449734497348,1.523102083520854],[109.65529655296552,1.6151102665714347],[109.63729637296376,1.776558587773394],[109.57249572495726,1.8060706464877256],[109.54729547295472,1.8477347293785584],[109.54009540095404,1.8963428260845205],[109.63009630096303,2.0282790885721482],[109.69489694896947,1.8893988122693912],[109.72009720097202,1.8581507501012595],[109.86409864098641,1.7644065635968929],[109.98289982899831,1.7175344703447166],[110.11250112501125,1.6984384323530861],[110.2457024570246,1.6949664254455143],[110.29970299702995,1.7019104392606579],[110.350103501035,1.7192704737985025],[110.40050400504003,1.700174435806872],[110.67410674106742,1.547406131873828],[110.78210782107823,1.521366080067068],[110.8937089370894,1.5317821007897692],[110.94050940509408,1.5178940731594963],[111.09891098910992,1.4015818417559274],[111.1457114571146,1.3876938141256545],[111.2249122491225,1.396373831394584],[111.12411124111242,1.4484539350081178],[111.05931059310592,1.4866460109913788],[111.03051030510306,1.5578221525965432],[111.04491044910452,1.6342063045630653],[111.10971109711096,1.6845504047228133],[111.15291152911533,1.738366511790133],[111.17091170911709,1.9015508364458782],[111.19971199712,1.9848790022275296],[111.25011250112505,2.0647351611016234],[111.26811268112681,2.1393833096143595],[111.21051210512104,2.198407427043037],[111.19611196111964,2.297359623908747],[111.20691206912068,2.3789517862366267],[111.24291242912432,2.4362399002115183],[111.29691296912972,2.3980478242282572],[111.35091350913513,2.365063758606354],[111.40491404914053,2.3685357655139256],[111.44451444514448,2.3806877896904126],[111.4517145171452,2.424087876035017],[111.44091440914411,2.4987360245477532],[111.44451444514448,2.6341442939429527],[111.51291512915128,2.743512511531378],[111.62451624516245,2.8181606600441143],[111.7289172891729,2.8546167325735894],[112.11772117721176,2.9153768534560527],[112.7369273692737,3.0698811608428684],[112.92052920529204,3.1306412817253317],[112.9889298892989,3.1618893438934492],[113.0429304293043,3.205289430238068],[113.14013140131402,3.344169706540825],[113.320133201332,3.56117013826389],[113.44613446134463,3.739978494003708],[113.71253712537128,4.002115015525163],[113.92493924939248,4.243419495601216],[113.95373953739539,4.288555585399621],[113.98613986139861,4.420491847887249],[113.98973989739898,4.4829879722234836],[113.98253982539825,4.545484096559733],[114.01134011340116,4.574996155274064],[114.05454054540547,4.592356189811909],[114.06534065340657,4.592356189811909],[114.09414094140942,4.564580134551363],[114.16974169741701,4.526388058568102],[114.22374223742236,4.477779961862126],[114.259742597426,4.413547834072105],[114.28854288542885,4.354523716643428],[114.28854288542885,4.30417961648368],[114.32454324543244,4.262515533592847],[114.41814418144185,4.2555715197777175],[114.4469444694447,4.203491416164169],[114.5117451174512,4.1132192365673745],[114.57294572945733,4.048987108777354],[114.60894608946091,4.0246830604243655],[114.65574655746559,4.036835084600867],[114.72414724147245,4.09585920202953],[114.77454774547749,4.16877134708848],[114.81054810548108,4.265987540500419],[114.78174781747816,4.281611571584477],[114.8321483214832,4.354523716643428],[114.83934839348393,4.392715792626689],[114.8177481774818,4.429171865156164],[114.78894788947889,4.463891934231853],[114.7781477814778,4.552428110374862],[114.76014760147604,4.667004338324645],[114.74574745747458,4.717348438484393],[114.78534785347853,4.755540514467654],[114.86454864548648,4.802412607719845],[114.94374943749438,4.856228714787164],[115.02655026550269,4.899628801131769],[115.030150301503,4.821508645711475],[115.02655026550269,4.691308386677633],[115.05175051750518,4.581940169089208],[115.10575105751059,4.390979789172903],[115.17055170551708,4.364939737366143],[115.24615246152462,4.347579702828298],[115.28935289352893,4.352787713189642],[115.31815318153184,4.364939737366143],[115.32535325353257,4.380563768450202],[115.27855278552789,4.456947920416724],[115.2677526775268,4.634020272702742],[115.22815228152285,4.750332504106311],[115.16695166951672,4.866644735509865],[115.14175141751417,4.899628801131769],[115.37575375753761,4.932612866753686],[115.42615426154265,4.9690689392831615],[115.519755197552,5.048925098157241],[115.55575555755559,5.094061187955646],[115.58095580955813,5.194749388275142],[115.4657546575466,5.253773505703819],[115.42255422554229,5.330157657670341],[115.41895418954192,5.4134858234519925],[115.55575555755559,5.5662541273850366],[115.60255602556026,5.602710199914512],[115.62415624156245,5.548894092847192],[115.68535685356852,5.535006065216919],[115.73935739357393,5.533270061763133],[115.7969579695797,5.536742068670705],[115.87615876158765,5.613126220637227],[115.91935919359196,5.724230441679424],[116.05976059760599,5.882206755973826],[116.11016110161103,6.003726997738738],[116.13896138961388,6.128719246411222],[116.49536495364953,6.521056026966534],[116.53856538565384,6.583552151302783],[116.75096750967509,6.977624935311866],[116.77616776167764,6.989776959488353],[116.83376833768341,6.951584883505106],[116.84816848168481,6.826592634832608],[116.84096840968408,6.772776527765288],[116.80856808568086,6.691184365437422],[116.78696786967873,6.606120196201971],[116.81216812168122,6.607856199655757],[116.9129691296913,6.659936303269291],[117.01737017370175,6.797080576118276],[117.07857078570788,6.9168648144294025],[117.12897128971292,6.968944918042951],[117.229772297723,6.939432859328605],[117.25137251372513,6.918600817883188],[117.2441724417244,6.833536648647751],[117.2549725497255,6.783192548488003],[117.29457294572944,6.677296337807135],[117.38097380973812,6.613064210017114],[117.49977499774997,6.571400127126282],[117.61137611376114,6.512376009697604],[117.64737647376472,6.474183933714357],[117.66897668976691,6.427311840462167],[117.69417694176946,6.349191685041859],[117.69417694176946,6.272807533075351],[117.6149761497615,6.196423381108829],[117.65097650976509,6.073167135890117],[117.64377643776442,6.001990994284952],[117.61857618576187,5.941230873402503],[117.49977499774997,5.883942759427612],[117.81657816578166,5.941230873402503],[117.89577895778962,5.972478935570621],[118.00378003780037,6.054071097898486],[118.06138061380614,5.982894956293322],[118.11538115381154,5.863110717982195],[118.07218072180723,5.831862655814078],[117.93537935379356,5.786726566015673],[117.92817928179284,5.769366531477829],[117.97497974979751,5.7068704071415794],[118.03258032580328,5.712078417502937],[118.14418144181445,5.75374250039377],[118.24858248582484,5.819710631637577],[118.29898298982988,5.819710631637577],[118.35298352983529,5.805822604007304],[118.45738457384573,5.764158521116471],[118.5149851498515,5.729438452040782],[118.56178561785617,5.684302362242391],[118.59418594185945,5.592294179191811],[118.7129871298713,5.559310113569893],[118.95778957789577,5.429109854536065],[119.00099000990014,5.416957830359564],[119.05139051390518,5.415221826905778],[119.17739177391775,5.430845857989837],[119.22419224192242,5.4134858234519925],[119.25659256592564,5.366613730199816],[119.26739267392674,5.307589612771139],[119.26379263792637,5.245093488434904],[119.24939249392497,5.198221395182713],[119.22059220592206,5.160029319199452],[119.13059130591307,5.101005201770775],[118.91098910989109,5.022885046350481],[118.67338673386735,4.963860928921804],[118.55098550985508,4.967332935829376],[118.3817838178382,5.017677035989124],[118.32058320583207,5.012469025627766],[118.25938259382593,4.988164977274792],[118.1837818378184,4.828452659526604],[118.32418324183243,4.668740341778431],[118.56178561785617,4.502084010215114],[118.59418594185945,4.460419927324281],[118.58698586985872,4.410075827164533],[118.54738547385477,4.378827764996416],[118.49698496984973,4.363203733912357],[118.36378363783638,4.335427678651797],[118.22698226982271,4.316331640660167],[118.1189811898119,4.286819581945835],[118.00738007380073,4.25036350941636],[117.89577895778962,4.262515533592847],[117.74097740977413,4.337163682105583],[117.69777697776976,4.342371692466941],[117.65097650976509,4.30417961648368],[117.60417604176041,4.200019409256612],[117.57537575375756,4.170507350542266]]],[[[104.22284222842228,2.731360487354891],[104.17244172441724,2.720944466632176],[104.14724147241475,2.7278884804473194],[104.12924129241293,2.7678165598843663],[104.16884168841688,2.8563527360273753],[104.18324183241833,2.871976767111434],[104.22284222842228,2.7747605736994956],[104.22284222842228,2.731360487354891]]],[[[100.28800288002878,5.295437588594652],[100.2628026280263,5.267661533334092],[100.19080190801907,5.283285564418165],[100.20520205202052,5.44646988907391],[100.24480244802447,5.467301930519312],[100.30960309603097,5.437789871804981],[100.33840338403382,5.410013816544435],[100.28800288002878,5.295437588594652]]],[[[99.84879848798488,6.465503916445428],[99.91719917199174,6.3578717023107885],[99.88479884798846,6.310999609058598],[99.8667986679867,6.297111581428325],[99.82359823598239,6.312735612512384],[99.78399783997838,6.271071529621565],[99.74439744397444,6.264127515806422],[99.70479704797049,6.337039660865372],[99.65799657996581,6.366551719579704],[99.64719647196472,6.418631823193252],[99.71199711997122,6.427311840462167],[99.7479974799748,6.409951805924322],[99.81999819998202,6.444671875000012],[99.84879848798488,6.465503916445428]]],[[[117.14337143371432,7.168585315228171],[117.08217082170825,7.114769208160851],[117.06057060570606,7.179001335950872],[117.06417064170643,7.260593498278752],[117.14697146971469,7.3369776502452595],[117.26577265772659,7.350865677875547],[117.28017280172804,7.290105556993083],[117.26577265772659,7.220665418841705],[117.2405724057241,7.18420934631223],[117.14337143371432,7.168585315228171]]],[[[101.31761317613177,2.988288998515003],[101.26721267212673,2.9709289639771583],[101.26721267212673,2.996969015783918],[101.27441274412746,3.0334250883133933],[101.31041310413104,3.0681451573890826],[101.32841328413286,3.047313115943666],[101.31761317613177,2.988288998515003]]],[[[111.39051390513907,2.415407858766102],[111.3581135811358,2.401519831135829],[111.31131311313112,2.437975903665304],[111.30051300513009,2.741776508077592],[111.3329133291333,2.7678165598843663],[111.35451354513549,2.7643445529767945],[111.37971379713798,2.708792442455689],[111.37611376113762,2.576856179968061],[111.37971379713798,2.4588079451107205],[111.39051390513907,2.415407858766102]]],[[[117.88497884978852,4.186131381626325],[117.7445774457745,4.167035343634694],[117.64737647376472,4.16877134708848],[117.66537665376654,4.203491416164169],[117.66177661776618,4.25036350941636],[117.70857708577086,4.262515533592847],[117.76257762577626,4.252099512870146],[117.88497884978852,4.186131381626325]]]]}},{"type":"Feature","id":"422","properties":{"name":"Lebanon","code":"LB","label":[35.87799817639761,33.921224329824256]},"geometry":{"type":"MultiPolygon","coordinates":[[[[35.9769597695977,34.62868794719199],[36.149761497614975,34.62868794719199],[36.26496264962651,34.63215995409956],[36.29736297362973,34.67903204735174],[36.383763837638384,34.65820000590632],[36.434164341643424,34.61306391610793],[36.38736387363875,34.56619182285574],[36.326163261632615,34.51411171924221],[36.32976329763298,34.500223691611936],[36.376563765637655,34.49501568125058],[36.45576455764558,34.46550362253625],[36.50616506165062,34.43251955691433],[36.585365853658544,34.22072713555262],[36.534965349653504,34.1339269628634],[36.45576455764558,34.05754281089688],[36.42336423364233,34.05059879708173],[36.3549635496355,34.010670717644686],[36.29736297362973,33.95859061403115],[36.27936279362794,33.92560654840925],[36.2829628296283,33.89435848624113],[36.36216362163623,33.854430406804084],[36.36576365763659,33.838806375720026],[36.34776347763477,33.82665435154354],[36.2829628296283,33.835334368812454],[36.200162001620015,33.838806375720026],[36.149761497614975,33.838806375720026],[36.092160921609235,33.83186236190488],[36.02016020160201,33.78325426519892],[35.98775987759879,33.7520062030308],[35.96975969759697,33.73291016503917],[35.940959409594115,33.66694203379535],[35.973359733597334,33.62354194745075],[36.02736027360274,33.59750189564397],[36.03456034560347,33.585349871467486],[36.023760237602374,33.56278182656828],[35.966159661596635,33.53500577130772],[35.92655926559266,33.500285702232034],[35.915759157591594,33.465565633156345],[35.86895868958689,33.43258156753444],[35.840158401584034,33.4152215329966],[35.78615786157863,33.37008544319819],[35.73575735757359,33.331893367214946],[35.62775627756278,33.274605253240054],[35.60255602556026,33.239885184164365],[35.580955809558105,33.27113324633248],[35.53415534155343,33.250301204887066],[35.49455494554945,33.120100945853224],[35.41175411754119,33.074964856054834],[35.30735307353075,33.08017286641618],[35.22455224552246,33.09232489059268],[35.10935109351095,33.08364487332375],[35.15615156151563,33.16002902529027],[35.202952029520304,33.25898122215598],[35.24975249752498,33.392653488097395],[35.33615336153363,33.503757709139606],[35.51255512555127,33.88047045861086],[35.61335613356135,34.0315027590901],[35.64935649356494,34.24850319081318],[35.80415804158042,34.43772756727569],[35.922959229592294,34.49327967779679],[35.9769597695977,34.54709578486411],[35.9769597695977,34.62868794719199]]]]}},{"type":"Feature","id":"418","properties":{"name":"Laos","code":"LA","label":[103.77524083846093,18.487224043477294]},"geometry":{"type":"MultiPolygon","coordinates":[[[[102.12762127621278,22.37944757728829],[102.18162181621818,22.283967387330136],[102.30042300423003,22.178071176649283],[102.44442444424448,22.027038876170025],[102.48762487624879,21.957598738018646],[102.58122581225814,21.903782630951326],[102.610026100261,21.851702527337793],[102.63162631626318,21.7718463684637],[102.64242642426427,21.711086247581235],[102.66042660426604,21.676366178505546],[102.69642696426968,21.662478150875273],[102.73962739627399,21.678102181959332],[102.77202772027721,21.70935024412745],[102.79722797227976,21.797886420270473],[102.81522815228152,21.806566437539388],[102.84402844028443,21.735390295934224],[102.87642876428765,21.72150226830395],[102.9160291602916,21.71282225103502],[102.94842948429488,21.681574188866904],[102.95922959229591,21.626022078345798],[102.94842948429488,21.570469967824693],[102.90882908829087,21.50623784003467],[102.88722887228874,21.44026970879085],[102.87282872828729,21.33784550501757],[102.85122851228516,21.266669363412404],[102.88362883628838,21.20243723562237],[103.10323103231036,20.891692617394938],[103.21123211232111,20.84134851723519],[103.46323463234631,20.780588396352726],[103.55323553235536,20.737188310008122],[103.63603636036362,20.697260230571075],[103.71523715237151,20.716356268562706],[103.7908379083791,20.810100455067072],[103.88083880838809,20.862180558680606],[104.0536405364054,20.942036717554686],[104.10044100441007,20.945508724462258],[104.19404194041942,20.91426066229414],[104.34884348843491,20.820516475789773],[104.46044460444608,20.73371630310055],[104.52884528845289,20.688580213302146],[104.58284582845829,20.646916130411313],[104.57564575645756,20.600044037159137],[104.53244532445325,20.554907947360732],[104.47844478444784,20.528867895553972],[104.40644406444068,20.485467809209354],[104.36684366843667,20.44206772286475],[104.39204392043922,20.424707688326905],[104.49644496444967,20.41429166760419],[104.61884618846187,20.374363588167142],[104.65484654846551,20.329227498368752],[104.66204662046624,20.289299418931705],[104.67644676446764,20.22506729114167],[104.69804698046983,20.205971253150054],[104.81324813248136,20.216387273872755],[104.84924849248495,20.202499246242482],[104.8888488884889,20.169515180620564],[104.92844928449284,20.08271500793134],[104.92844928449284,20.01848288014132],[104.84564845648458,19.947306738536156],[104.81684816848167,19.903906652191537],[104.80244802448027,19.836202517493945],[104.7448474484745,19.754610355166065],[104.58644586445865,19.61920208577088],[104.5468454684547,19.61052206850195],[104.25884258842592,19.685170217014687],[104.12564125641256,19.681698210107115],[104.06444064440643,19.678226203199543],[104.03204032040321,19.67475419629197],[104.01404014040139,19.646978141031425],[104.05004050040503,19.563649975249774],[104.06444064440643,19.482057812921894],[104.02844028440285,19.42129769203943],[103.93123931239313,19.365745581518325],[103.89523895238955,19.339705529711566],[103.89163891638918,19.304985460635876],[103.91683916839168,19.2685293881064],[104.00684006840072,19.23033731212314],[104.1076410764108,19.19561724304745],[104.44604446044463,18.98382482168573],[104.5180451804518,18.93348072152598],[104.6116461164612,18.86056857646703],[104.71604716047159,18.80328046249214],[104.99324993249934,18.728632313979404],[105.1156511565116,18.678288213819656],[105.14805148051482,18.650512158559096],[105.14445144451446,18.617528092937192],[105.11205112051124,18.572392003138802],[105.08685086850869,18.49600785117228],[105.08685086850869,18.450871761373875],[105.1156511565116,18.405735671575485],[105.16245162451628,18.338031536877878],[105.2740527405274,18.235607333104596],[105.33525335253353,18.19047124330619],[105.40005400054002,18.18005522258349],[105.45765457654579,18.154015170776717],[105.51885518855187,18.07763101881021],[105.58725587255873,17.983886832305842],[105.59805598055982,17.91791870106202],[105.62685626856268,17.83459053528037],[105.69165691656917,17.73737434186843],[105.7780577805778,17.643630155364065],[105.90405904059043,17.529053927414296],[105.97245972459723,17.447461765086416],[106.0048600486005,17.414477699464513],[106.27126271262716,17.21657330573308],[106.33246332463324,17.143661160674128],[106.42606426064259,17.00304488091757],[106.4656646566466,16.982212839472155],[106.50166501665018,16.95443678421161],[106.52686526865267,16.8763166287913],[106.5340653406534,16.820764518270195],[106.54486544865449,16.650636179799307],[106.59526595265953,16.60029207963956],[106.63846638466384,16.537795955303324],[106.65646656466566,16.49265986550492],[106.69606696066961,16.459675799883016],[106.73926739267392,16.452731786067872],[106.79326793267933,16.490923862051133],[106.83286832868328,16.525643931126822],[106.8508685086851,16.51522791040412],[106.89406894068941,16.397179675546766],[106.93006930069299,16.353779589202162],[107.00207002070022,16.31211550631133],[107.07047070470708,16.279131440689426],[107.21807218072183,16.136779157479083],[107.29727297272973,16.08469905386555],[107.35127351273513,16.067339019327704],[107.39807398073981,16.04303497097473],[107.4088740887409,15.997898881176326],[107.39087390873908,15.95102678792415],[107.36207362073623,15.921514729209804],[107.18927189271892,15.838186563428152],[107.1676716767168,15.801730490898677],[107.18927189271892,15.747914383831358],[107.23247232472323,15.678474245679965],[107.27927279272797,15.619450128251302],[107.34047340473404,15.560426010822624],[107.45927459274594,15.466681824318258],[107.56367563675639,15.392033675805521],[107.62127621276215,15.310441513477656],[107.65367653676537,15.25488940295655],[107.63207632076319,15.190657275166515],[107.58887588875888,15.117745130107565],[107.55647556475566,15.056985009225102],[107.49527495274953,15.022264940149412],[107.48087480874807,14.980600857258594],[107.50607506075062,14.916368729468559],[107.52407524075244,14.871232639670168],[107.51327513275135,14.817416532602834],[107.52047520475207,14.704576308106851],[107.46647466474667,14.664648228669805],[107.41607416074163,14.562224024896508],[107.38007380073805,14.55528001108138],[107.29367293672937,14.591736083610854],[107.26127261272615,14.572640045619224],[107.20727207272074,14.497991897106488],[107.11007110071102,14.416399734778608],[107.06327063270635,14.416399734778608],[107.03087030870307,14.425079752047537],[106.99126991269912,14.390359682971848],[106.93726937269372,14.327863558635599],[106.91206912069123,14.329599562089385],[106.81846818468188,14.313975531005326],[106.78246782467824,14.334807572450742],[106.73926739267392,14.386887676064276],[106.66366663666639,14.440703783131596],[106.5988659886599,14.478895859114857],[106.56286562865631,14.504935910921617],[106.53046530465303,14.550072000720021],[106.50166501665018,14.577848055980581],[106.44766447664477,14.515351931644332],[106.35406354063542,14.454591810761869],[106.2676626766268,14.46674383493837],[106.22446224462243,14.475423852207285],[106.19206192061921,14.388623679518062],[106.16686166861672,14.372999648434003],[106.00846008460087,14.357375617349945],[105.97965979659796,14.343487589719658],[106.0048600486005,14.263631430845578],[106.09846098460986,14.126487157996593],[106.12366123661235,14.048367002576285],[106.06606066060664,13.921638750450015],[105.90405904059043,13.925110757357587],[105.8320583205832,13.97719086097112],[105.7636576365764,14.048367002576285],[105.73845738457385,14.08482307510576],[105.53325533255332,14.155999216710939],[105.3928539285393,14.107391120004962],[105.34965349653498,14.109127123458748],[105.28485284852849,14.161207227072282],[105.24525245252454,14.201135306509329],[105.20565205652059,14.260159423938006],[105.1840518405184,14.319183541366684],[105.1840518405184,14.34695959662723],[105.24525245252454,14.367791638072646],[105.34245342453426,14.416399734778608],[105.42165421654215,14.471951845299714],[105.47565475654756,14.530975962728391],[105.49725497254974,14.590000080157068],[105.5008550085501,14.661176221762233],[105.52245522455223,14.843456584409608],[105.54765547655478,14.931992760552617],[105.53325533255332,15.041360978141043],[105.49005490054901,15.128161150830266],[105.49005490054901,15.256625406410322],[105.50445504455047,15.319121530746571],[105.5116551165512,15.360785613637404],[105.57285572855727,15.412865717250938],[105.61605616056164,15.487513865763674],[105.63765637656377,15.586466062629384],[105.64125641256413,15.655906200780777],[105.62325623256231,15.699306287125381],[105.56205562055624,15.740970370016214],[105.46125461254616,15.780898449453261],[105.40005400054002,15.829506546159223],[105.37485374853748,15.890266667041686],[105.37485374853748,15.94234677065522],[105.40725407254075,15.987482860453625],[105.33165331653316,16.037826960613373],[105.14805148051482,16.09337907113448],[105.04725047250474,16.16108320583207],[105.02565025650256,16.237467357798593],[104.95004950049503,16.339891561571875],[104.82044820448203,16.466619813698145],[104.75204752047523,16.64716417289175],[104.7448474484745,16.88499664606023],[104.75924759247596,17.077693029430307],[104.81684816848167,17.29990147151473],[104.74124741247414,17.46134979271669],[104.65484654846551,17.54641396195214],[104.53964539645398,17.608910086288375],[104.4280442804428,17.69918226588517],[104.32364323643236,17.81549449728874],[104.19764197641979,17.989094842667186],[104.05004050040503,18.216511295112966],[103.94923949239495,18.318935498886248],[103.89883898838991,18.294631450533274],[103.7908379083791,18.317199495432476],[103.62883628836289,18.383167626676283],[103.48843488434886,18.417887695751972],[103.3660336603366,18.42309570611333],[103.2868328683287,18.409207678483057],[103.25083250832512,18.37275160595358],[103.24723247232475,18.339767540331664],[103.27963279632797,18.305047471255975],[103.26163261632615,18.279007419449215],[103.20043200432008,18.259911381457584],[103.15003150031504,18.221719305474323],[103.09243092430927,18.138391139692658],[103.05283052830532,18.029022922104232],[102.99162991629919,17.985622835759628],[102.89802898028984,17.9769428184907],[102.80802808028079,17.94569475632258],[102.7180271802718,17.89187864925526],[102.67482674826749,17.851950569818214],[102.67842678426786,17.824174514557654],[102.66042660426604,17.817230500742525],[102.61722617226172,17.832854531826584],[102.5956259562596,17.86931060435606],[102.59922599225996,17.92659871833095],[102.55242552425523,17.96479079431421],[102.45882458824588,17.983886832305842],[102.35082350823507,18.046382956642077],[102.23202232022322,18.148807160415373],[102.1492214922149,18.20435927093648],[102.10242102421023,18.211303284751608],[102.03402034020343,18.16963920186079],[101.94761947619475,18.081103025717766],[101.87561875618758,18.046382956642077],[101.81801818018181,18.065478994633708],[101.7748177481775,18.03423093246559],[101.74241742417428,17.95263877013771],[101.68841688416887,17.890142645801475],[101.56241562415624,17.820702507650097],[101.55521555215552,17.812022490381167],[101.41481414814149,17.7182783038768],[101.29961299612995,17.624534117372434],[101.16641166411665,17.49954186869995],[101.10521105211052,17.478709827254534],[101.04401044010439,17.509957889422665],[100.95760957609576,17.541205951590783],[100.90720907209072,17.584606037935387],[101.00081000810007,17.79639845929711],[101.11241112411125,18.03423093246559],[101.14481144811447,18.14186314660023],[101.14841148411483,18.221719305474323],[101.1376113761138,18.28768743671813],[101.09441094410943,18.355391571415723],[101.05121051210511,18.40747167502927],[101.04761047610475,18.44219174410496],[101.06201062010621,18.478647816634435],[101.10521105211052,18.53419992715554],[101.16641166411665,18.617528092937192],[101.22041220412206,18.79286444176944],[101.28521285212855,18.9768808078706],[101.28161281612819,19.089721032366583],[101.22761227612278,19.21124127413151],[101.19881198811987,19.327553505535064],[101.22041220412206,19.487265823283252],[101.21321213212133,19.5480259441657],[101.15561155611556,19.579274006333833],[100.96480964809649,19.61052206850195],[100.90720907209072,19.605314058140593],[100.85680856808568,19.584482016695176],[100.80640806408064,19.541081930350572],[100.74520745207451,19.515041878543798],[100.62640626406267,19.49941784745974],[100.5148051480515,19.55323395452706],[100.42120421204214,19.64524213757764],[100.3960039600396,19.75634635861985],[100.46800468004682,19.88828262110748],[100.5148051480515,19.995914835242118],[100.54360543605435,20.0879230182927],[100.54000540005399,20.13305910809109],[100.51840518405186,20.178195197889494],[100.49320493204931,20.18340320825085],[100.43200432004323,20.240691322225743],[100.37440374403747,20.339643519091453],[100.3168031680317,20.386515612343644],[100.26640266402666,20.377835595074714],[100.21960219602198,20.339643519091453],[100.1728017280173,20.27193938439386],[100.14040140401403,20.245899332587086],[100.11520115201154,20.258051356763588],[100.12240122401226,20.31707547419225],[100.12960129601299,20.372627584713356],[100.1836018360184,20.589628016436436],[100.24840248402484,20.73024429619298],[100.32760327603279,20.796212427436785],[100.40680406804069,20.823988482697345],[100.49320493204931,20.81357246197463],[100.56520565205653,20.82572448615113],[100.6228062280623,20.858708551773034],[100.61920619206194,20.87954059321845],[100.55080550805508,20.884748603579794],[100.52200522005222,20.92120467610927],[100.53640536405368,20.992380817714448],[100.56520565205653,21.03751690751284],[100.61200612006121,21.06008495241204],[100.65880658806589,21.12952509056342],[100.7020070200702,21.25104533232833],[100.7560075600756,21.311805453210795],[100.8208082080821,21.31354145666458],[100.9288092880929,21.365621560278115],[101.08001080010803,21.46804576405141],[101.1376113761138,21.56699796091712],[101.19521195211951,21.52186187111873],[101.17361173611738,21.407285643168947],[101.2060120601206,21.38298159481596],[101.22041220412206,21.343053515378912],[101.21321213212133,21.27882138758889],[101.22401224012242,21.223269277067786],[101.24921249212491,21.19722922526101],[101.28161281612819,21.18334119763074],[101.44361443614434,21.23021329088293],[101.54081540815412,21.233685297790487],[101.58401584015843,21.204173239076155],[101.62001620016201,21.185077201084525],[101.66681666816669,21.169453170000466],[101.70641706417064,21.150357132008835],[101.72801728017282,21.155565142370193],[101.78201782017823,21.204173239076155],[101.80001800017999,21.212853256345085],[101.80361803618035,21.235421301244273],[101.7640176401764,21.27882138758889],[101.72441724417246,21.315277460118367],[101.72441724417246,21.39513361899246],[101.74241742417428,21.534013895295217],[101.74601746017458,21.60519003690038],[101.74241742417428,21.778790382278842],[101.73521735217355,21.82566247553102],[101.69921699216991,21.88295058950591],[101.60201602016019,21.988846800186764],[101.5768157681577,22.054814931430585],[101.55881558815588,22.12078306267439],[101.56241562415624,22.162447145565224],[101.53721537215375,22.2093192388174],[101.5228152281523,22.254455328615805],[101.56961569615697,22.277023373515007],[101.62001620016201,22.327367473674755],[101.6452164521645,22.405487629095063],[101.67041670416705,22.46277574306994],[101.70641706417064,22.48707979142293],[101.73881738817391,22.495759808691858],[101.76041760417604,22.4905517983305],[101.84321843218436,22.388127594557204],[101.94401944019444,22.440207698170752],[102.02322023220233,22.438471694716966],[102.0916209162092,22.412431642910192],[102.12762127621278,22.37944757728829]]]]}},{"type":"Feature","id":"417","properties":{"name":"Kyrgyzstan","code":"KG","label":[74.5091717668586,41.474414858902804]},"geometry":{"type":"MultiPolygon","coordinates":[[[[70.95850958509587,40.23945110982362],[70.99090990909909,40.25507514090768],[71.09531095310953,40.27069917199174],[71.30411304113042,40.286323203075796],[71.37611376113762,40.27590718235308],[71.4589145891459,40.24118711327739],[71.52011520115201,40.2082030476555],[71.58131581315814,40.209939051109274],[71.62811628116282,40.21688306492442],[71.64971649716497,40.2082030476555],[71.6677166771668,40.178690988941156],[71.69291692916931,40.15265093713438],[71.77211772117721,40.18737100621007],[71.84411844118443,40.23424309946225],[71.90171901719017,40.24118711327739],[71.95571955719558,40.25854714781525],[71.97011970119704,40.28979520998337],[72.01332013320135,40.340139310143115],[72.13212132121322,40.43909150700884],[72.19332193321935,40.4547155380929],[72.2329223292233,40.4547155380929],[72.2329223292233,40.43909150700884],[72.25452254522546,40.42346747592478],[72.3589235892359,40.40089943102558],[72.38772387723878,40.42693948283235],[72.40572405724058,40.463395555361814],[72.36972369723699,40.51894766588293],[72.36972369723699,40.54325171423591],[72.38412384123842,40.56581975913511],[72.40212402124021,40.5779717833116],[72.56772567725679,40.52415567624428],[72.60372603726037,40.52589167969808],[72.67932679326793,40.555403738412394],[72.7477274772748,40.609219845479714],[72.77292772927731,40.65088392837055],[73.11133111331114,40.78629219776573],[73.13653136531366,40.810596246118735],[73.1329313293133,40.827956280656565],[72.9889298892989,40.86094034627848],[72.92772927729277,40.84184430828685],[72.86652866528667,40.84184430828685],[72.83052830528305,40.862676349732254],[72.65772657726578,40.8696203635474],[72.6217262172622,40.883508391177685],[72.50652506525066,40.98246058804341],[72.42732427324273,41.01891666057287],[72.36252362523626,41.043220708925844],[72.29412294122943,41.0397487020183],[72.21132211322114,41.01370865021153],[72.18612186121862,41.025860674388014],[72.1789217892179,41.067524757278846],[72.18252182521826,41.117868857438594],[72.16452164521647,41.173420967959686],[72.11412114121143,41.18730899558997],[72.0529205292053,41.16474095069077],[71.95931959319594,41.18730899558997],[71.88011880118802,41.19425300940512],[71.85851858518586,41.31056524080867],[71.82611826118261,41.36090934096842],[71.7937179371794,41.41298944458197],[71.75771757717578,41.428613475666026],[71.70011700117001,41.4546535274728],[71.69651696516965,41.51541364835526],[71.68571685716859,41.532773682893094],[71.66411664116643,41.54145370016201],[71.63891638916391,41.534509686346894],[71.6029160291603,41.50326162417875],[71.62091620916209,41.43555748948117],[71.60651606516066,41.36785335478356],[71.5849158491585,41.33313328570787],[71.54531545315453,41.3088292373549],[71.49851498514985,41.3070932339011],[71.41931419314193,41.34181330297679],[71.40851408514087,41.135228891976425],[71.39411394113941,41.12307686779994],[71.30051300513006,41.152588926514284],[71.2249122491225,41.1404369023378],[71.10971109711099,41.152588926514284],[71.0269102691027,41.18730899558997],[70.96210962109623,41.19598901285889],[70.86130861308615,41.225501071573234],[70.78210782107823,41.261957144102695],[70.73530735307355,41.40083742040548],[70.68850688506885,41.44944551711143],[70.64530645306453,41.45986153783414],[70.47250472504726,41.41298944458197],[70.40770407704079,41.44944551711143],[70.28890288902889,41.49631761036363],[70.20250202502027,41.51367764490146],[70.17730177301775,41.53971769670824],[70.18090180901811,41.570965758876355],[70.45450454504547,41.72547006626317],[70.56250562505625,41.83136627694404],[70.6309063090631,41.87476636328864],[70.72810728107282,41.90601442545676],[70.80370803708038,41.92337445999462],[70.84330843308433,42.01885464995277],[70.85770857708579,42.03100667412926],[70.91170911709119,42.0379506879444],[71.03051030510306,42.077878767381435],[71.22851228512286,42.16294293661687],[71.23211232112322,42.185510981516074],[71.21411214112143,42.206343022961505],[71.13131131311314,42.24974310930611],[71.03771037710379,42.2844631783818],[70.98010980109802,42.26710314384397],[70.94770947709478,42.24800710585234],[70.89370893708937,42.293143195650714],[70.89370893708937,42.34001528890292],[70.95130951309514,42.419871447776984],[71.00171001710018,42.459799527214045],[71.02331023310234,42.53618367918057],[71.09531095310953,42.586527779340315],[71.16731167311673,42.66811994166818],[71.25731257312574,42.73408807291199],[71.4229142291423,42.782696169617964],[71.51291512915131,42.767072138533905],[71.59931599315993,42.77922416271039],[71.73611736117363,42.819152242147425],[71.76131761317615,42.820888245601225],[71.81531815318155,42.822624249054996],[72.1609216092161,42.76012812471876],[72.27612276122761,42.75839212126499],[72.54252542525427,42.678535962390896],[72.6649266492665,42.66117592785304],[72.75132751327513,42.638607882953835],[72.7909279092791,42.603887813878146],[72.85572855728557,42.56048772753354],[73.19053190531906,42.527503661911624],[73.28413284132841,42.50493561701245],[73.31653316533166,42.46674354102919],[73.41013410134101,42.419871447776984],[73.4929349293493,42.4094554270543],[73.42093420934211,42.59347179315546],[73.44973449734499,42.70284001074387],[73.55773557735577,43.003168608248586],[73.61173611736118,43.04830469804699],[73.71973719737198,43.08823277748405],[73.88533885338853,43.13336886728243],[73.95013950139503,43.19586499161869],[74.08694086940869,43.18892097780355],[74.14454144541446,43.19412898816489],[74.18774187741877,43.20454500888761],[74.20934209342093,43.24100108141707],[74.36414364143641,43.18024096053463],[74.62334623346234,43.056984715315934],[74.81774817748177,42.97886455989561],[75.04815048150482,42.90421641138289],[75.36495364953652,42.83651227668528],[75.63495634956351,42.81394423178608],[75.68175681756819,42.83130426632394],[75.789757897579,42.93372847009721],[75.84015840158403,42.93720047700478],[75.93375933759339,42.928520459735864],[76.21816218162184,42.92331244937452],[76.50976509765098,42.91810443901315],[76.64656646566465,42.928520459735864],[76.94536945369452,42.97192054608047],[76.9885698856989,42.97365654953427],[77.0569705697057,42.9701845426267],[77.23697236972373,42.912896428651806],[77.37017370173703,42.90421641138289],[77.46017460174602,42.90421641138289],[77.51057510575106,42.90074440447532],[77.62217622176223,42.90248040792909],[77.80217802178021,42.89553639411395],[78.02178021780219,42.857344318130686],[78.29178291782921,42.86428833194583],[78.37458374583747,42.87123234576097],[78.52578525785259,42.86428833194583],[78.64098640986413,42.82956826287014],[78.79218792187925,42.79137618688688],[78.8857888578886,42.77575215580282],[78.94698946989473,42.767072138533905],[79.05859058590585,42.76360013162633],[79.12699126991271,42.77575215580282],[79.16659166591666,42.75839212126499],[79.2025920259203,42.66638393821441],[79.29619296192965,42.605623817331946],[79.36819368193682,42.546599699903254],[79.42939429394295,42.48410357556702],[79.49059490594908,42.458063523760245],[79.59859598595989,42.45632752030647],[79.80379803798041,42.438967485768615],[79.92259922599226,42.41292743396187],[80.07020070200701,42.30355921637343],[80.21060210602104,42.190718991877446],[80.22860228602286,42.12995887099498],[80.24660246602468,42.060518732843605],[80.23580235802359,42.043158698305746],[80.21780217802177,42.03274267758303],[79.9081990819908,42.0153826430452],[79.839798397984,41.99628660505357],[79.76779767797677,41.899070411641645],[79.50499504995054,41.82095025622132],[79.35379353793542,41.78102217678429],[79.29259292592928,41.78275818023806],[79.14859148591489,41.718526052448055],[78.7417874178742,41.56054973815364],[78.54378543785441,41.45986153783414],[78.44298442984433,41.41819745494331],[78.36378363783638,41.371325361691135],[78.34938349383492,41.32445326843896],[78.34578345783461,41.281053182094325],[78.12258122581227,41.07620477454776],[77.95697956979569,41.05016472274099],[77.81657816578166,41.05537273310236],[77.71937719377195,41.024124670934214],[77.58257582575828,40.992876608766096],[77.2837728377284,41.01370865021153],[77.18297182971833,41.010236643303955],[76.98496984969853,41.0397487020183],[76.90936909369094,41.024124670934214],[76.82296822968232,40.98246058804341],[76.70776707767078,40.81754025993388],[76.6609666096661,40.77934818395062],[76.63936639366392,40.74289211142113],[76.62136621366216,40.663035952547034],[76.57816578165784,40.5779717833116],[76.52056520565208,40.51200365206779],[76.48096480964813,40.449507527731555],[76.39816398163981,40.39048341030286],[76.31896318963192,40.3522913343196],[76.25776257762578,40.430411489739924],[76.20736207362074,40.40784344484072],[76.1569615696157,40.376595382672605],[76.06336063360635,40.38701140339529],[76.00576005760058,40.37138737231123],[75.87255872558725,40.303683237613654],[75.67815678156782,40.305419241067426],[75.65655656556567,40.3297232894204],[75.61695616956172,40.51721166242913],[75.58455584555847,40.60574783857214],[75.55575555755559,40.62484387656377],[75.51975519755197,40.628315883471345],[75.24255242552425,40.48075558989967],[75.11295112951132,40.4547155380929],[75.00495004950051,40.449507527731555],[74.86454864548645,40.49290761407616],[74.8357483574836,40.482491593353444],[74.81054810548108,40.45818754500047],[74.79974799747998,40.428675486286124],[74.8429484294843,40.34534732050446],[74.83214832148323,40.32798728596663],[74.76734767347673,40.3297232894204],[74.68094680946811,40.31062725142877],[74.61254612546125,40.27243517544551],[74.41094410944109,40.13702690605032],[74.24174241742418,40.09189081625192],[74.08694086940869,40.07453078171409],[74.02214022140222,40.05890675063003],[73.99333993339934,40.04328271954597],[73.93933939339394,39.979050591755936],[73.88533885338853,39.87836239143644],[73.85653856538568,39.82801829127669],[73.83493834938349,39.80024223601612],[73.83853838538386,39.76205016003286],[73.8817388173882,39.71517806678068],[73.91413914139142,39.60580984919227],[73.90693906939072,39.578033793931695],[73.87453874538747,39.53289770413332],[73.82413824138243,39.489497617788686],[73.71613716137162,39.46172156252814],[73.63333633336333,39.44956953835165],[73.57573575735759,39.45824955562057],[73.47133471334715,39.45998555907437],[73.38853388533886,39.44262552453651],[73.33453334533345,39.413113465822164],[73.23373233732337,39.3749213898389],[73.10773107731077,39.362769365662416],[72.94932949329495,39.35756135530107],[72.8737287372874,39.361033362208644],[72.63972639726398,39.38533741056162],[72.56412564125642,39.3766573932927],[72.48852488524886,39.35756135530107],[72.3589235892359,39.33672931385564],[72.2869228692287,39.27423318951941],[72.25092250922509,39.215209072090744],[72.22932229322294,39.2082650582756],[72.14652146521465,39.26034516188915],[72.08532085320854,39.310689262048896],[72.04212042120423,39.35235334493973],[71.99171991719919,39.35061734148593],[71.80451804518046,39.27596919297321],[71.77931779317794,39.27770519642698],[71.72531725317253,39.307217255141325],[71.73611736117363,39.378393396746475],[71.73251732517326,39.42352948654488],[71.67131671316713,39.44783353489785],[71.54531545315453,39.453041545259225],[71.50211502115022,39.479081597066],[71.50571505715058,39.51727367304926],[71.51651516515167,39.55372974557872],[71.50211502115022,39.58150580083927],[71.46971469714697,39.60407384573847],[71.4049140491405,39.597129831923326],[71.32931329313294,39.56935377666278],[71.27171271712717,39.53463370758709],[71.20331203312034,39.51900967650303],[71.11691116911169,39.51380166614169],[71.06651066510665,39.49296962469626],[71.00531005310054,39.41137746236839],[70.80010800108002,39.39401742783053],[70.73170731707319,39.413113465822164],[70.67770677706778,39.472137583250856],[70.60930609306095,39.564145766301436],[70.56970569705697,39.57629779047792],[70.50130501305014,39.58671381120064],[70.39330393303933,39.58150580083927],[70.24570245702458,39.543313724856006],[70.20970209702097,39.57456178702412],[70.17010170101702,39.58497780774684],[70.13770137701377,39.55720175248629],[70.10170101701019,39.560673759393865],[69.95769957699576,39.55372974557872],[69.77049770497706,39.55720175248629],[69.66609666096662,39.57456178702412],[69.59769597695978,39.57456178702412],[69.46449464494646,39.53289770413332],[69.39249392493926,39.53289770413332],[69.29889298892991,39.524217686864375],[69.28089280892809,39.666569970074704],[69.23049230492305,39.760314156579085],[69.2448924489245,39.82628228782289],[69.27729277292775,39.91829047087347],[69.3060930609306,39.96863457103322],[69.36369363693638,39.94780252958782],[69.43209432094321,39.90961045360456],[69.47529475294755,39.92002647432727],[69.48609486094861,39.95127453649539],[69.47169471694718,39.99120261593242],[69.46809468094682,40.02071467464677],[69.49329493294934,40.0606427540838],[69.52929529295295,40.09709882661329],[69.7668976689767,40.157858947495754],[69.96849968499686,40.20299503729413],[70.0729007290073,40.17348297857981],[70.27450274502746,40.104042840428434],[70.3789037890379,40.06932277135272],[70.4509045090451,40.048490729907314],[70.51570515705157,39.94953853304159],[70.55530555305555,39.95474654340296],[70.59850598505986,39.97384258139459],[70.62370623706238,39.998146629747566],[70.64530645306453,40.083210798983],[70.73890738907389,40.13181889568898],[70.94770947709478,40.18737100621007],[70.96210962109623,40.22035507183199],[70.95850958509587,40.23945110982362]],[[71.2069120691207,39.8922504190667],[71.21411214112143,39.906138446696986],[71.17811178111782,39.979050591755936],[71.22851228512286,40.048490729907314],[71.13131131311314,40.05890675063003],[71.0809108091081,40.07973879207543],[71.02331023310234,40.14917893022681],[71.00531005310054,40.15265093713438],[70.97650976509766,40.13355489914275],[70.96210962109623,40.08841880934435],[70.9729097290973,40.0380747091846],[71.01611016110161,40.00509064356271],[71.04131041310413,39.994674622839995],[71.04491044910449,39.99293861938622],[71.04491044910449,39.975578584848364],[71.01251012510127,39.89572242597427],[71.06291062910631,39.88530640525158],[71.15651156511566,39.88357040179778],[71.2069120691207,39.8922504190667]],[[71.77931779317794,39.94953853304159],[71.79011790117903,39.994674622839995],[71.76491764917651,39.99293861938622],[71.73611736117363,39.98078659520971],[71.68211682116822,39.96863457103322],[71.6677166771668,39.94606652613402],[71.70731707317074,39.91829047087347],[71.75411754117542,39.90787445015076],[71.77931779317794,39.94953853304159]],[[70.7029070290703,39.82454628436912],[70.69930699306994,39.84537832581452],[70.66330663306633,39.85579434653724],[70.56610566105661,39.86621036725995],[70.49770497704978,39.88183439834401],[70.48330483304835,39.88357040179778],[70.49050490504905,39.86273836035238],[70.51930519305193,39.82801829127669],[70.55890558905591,39.7915622187472],[70.61290612906129,39.78635420838586],[70.7029070290703,39.82454628436912]]]]}},{"type":"Feature","id":"414","properties":{"name":"Kuwait","code":"KW","label":[47.58821132790608,29.333254304380652]},"geometry":{"type":"MultiPolygon","coordinates":[[[[48.274682746827466,29.62378998993117],[48.217082170821726,29.601221945031966],[48.181081810818114,29.611637965754667],[48.141481414814166,29.665454072822],[48.08028080280803,29.7991263387634],[48.116281162811646,29.84947043892315],[48.11268112681128,29.870302480368565],[48.11988119881201,29.885926511452624],[48.1378813788138,29.89634253217534],[48.15948159481596,29.95883865651159],[48.18468184681848,29.97967069795699],[48.22788227882279,29.936270611612386],[48.34668346683469,29.783502307679342],[48.34668346683469,29.71927017988932],[48.33948339483396,29.694966131536333],[48.274682746827466,29.62378998993117]]],[[[48.44388443884441,28.5422598382234],[48.267482674826766,28.540523834769616],[48.047880478804785,28.537051827862044],[47.871478714787145,28.535315824408258],[47.669876698766984,28.533579820954472],[47.58347583475836,28.62732400745884],[47.554675546755476,28.731484214685906],[47.52227522275223,28.837380425366774],[47.43227432274324,28.990148729299804],[47.13707137071373,29.02660480182928],[46.98226982269824,29.04570083982091],[46.723067230672314,29.075212898535256],[46.532265322653245,29.096044939980672],[46.69426694266943,29.259229264636417],[46.76986769867699,29.347765440779426],[46.90666906669068,29.536989817241945],[46.975069750697514,29.67239808663713],[47.043470434704346,29.82343038711639],[47.101071010710115,29.939742618519958],[47.11547115471154,29.96057465996536],[47.14787147871479,30.000502739402407],[47.22347223472235,30.04216682229324],[47.33147331473316,30.0803588982765],[47.51507515075153,30.09598292936056],[47.644676446764464,30.097718932814345],[47.67347673476735,30.09598292936056],[47.75267752677527,30.07688689136893],[47.97947979479795,29.983142704864562],[47.972279722797225,29.946686632335087],[48.00468004680047,29.835582411292876],[48.07668076680767,29.71579817298175],[48.1378813788138,29.61858197956981],[48.14508145081453,29.571709886317635],[48.091080910809126,29.578653900132764],[48.047880478804785,29.597749938124394],[47.96867968679689,29.616845976116025],[47.81747817478177,29.486645717082183],[47.72387723877239,29.417205578930805],[47.72387723877239,29.392901530577817],[47.846278462784625,29.36512547531727],[47.93627936279364,29.366861478771057],[47.997479974799745,29.385957516762687],[48.05148051480515,29.354709454594555],[48.08748087480876,29.274853295720476],[48.10188101881019,29.21062116793044],[48.18468184681848,28.979732708577103],[48.25308253082531,28.901612553156795],[48.33948339483396,28.762732276854038],[48.37188371883721,28.691556135248874],[48.389883898839,28.63079601436641],[48.44388443884441,28.5422598382234]]]]}},{"type":"Feature","id":"398","properties":{"name":"Kazakhstan","code":"KZ","label":[67.24559732985485,48.36174286528355]},"geometry":{"type":"MultiPolygon","coordinates":[[[[50.18270182701829,44.85548429343669],[50.150301503015044,44.82597223472237],[50.09630096300964,44.831180245083715],[49.99549995499956,44.93707645576458],[50.02430024300244,45.04470866989922],[50.06030060300603,45.067276714798425],[50.11070110701107,45.08116474242868],[50.117901179011795,45.05859669752948],[50.0459004590046,45.00998860082353],[50.03870038700387,44.94922847994107],[50.09990099901,44.88152434524346],[50.18270182701829,44.85548429343669]]],[[[50.31230312303123,44.97179652484027],[50.276302763027644,44.957908497209985],[50.25470254702549,45.02214062500002],[50.294302943029436,45.07595673206734],[50.34830348303484,45.08290074588248],[50.33030330303305,44.997836576647046],[50.31230312303123,44.97179652484027]]],[[[52.681126811268115,45.411005398647745],[52.66312663126632,45.40058937792506],[52.598325983259855,45.428365433185604],[52.555125551255514,45.47350152298401],[52.60912609126092,45.52731763005133],[52.65952659526596,45.518637612782385],[52.69192691926921,45.46134949880749],[52.681126811268115,45.411005398647745]]],[[[70.94770947709478,42.24800710585234],[70.86130861308615,42.20807902641528],[70.76410764107641,42.19419099878502],[70.71370713707137,42.168150946978244],[70.66330663306633,42.10739082609578],[70.61290612906129,42.05531072248223],[70.58410584105843,42.0362146844906],[70.54090540905409,42.039686691398174],[70.49050490504905,42.079614770835235],[70.41490414904149,42.077878767381435],[70.32850328503287,42.02753466722169],[70.22410224102242,41.94594250489382],[70.09450094500946,41.82095025622132],[69.96129961299613,41.753246121523745],[69.78849788497885,41.697694011002625],[69.66249662496625,41.67165395919585],[69.56529565295654,41.628253872851246],[69.39969399693999,41.54145370016201],[69.36729367293674,41.49110960000226],[69.24849248492487,41.45986153783414],[69.15489154891549,41.425141468758454],[69.0648906489065,41.36611735132979],[69.04329043290434,41.263693147556495],[68.98568985689857,41.20466903012783],[68.85248852488525,41.12307686779994],[68.73728737287374,41.04148470547207],[68.66168661686618,40.96162854659798],[68.58248582485825,40.87656437736254],[68.5608856088561,40.829692284110365],[68.55728557285573,40.76546015632033],[68.59328593285935,40.71164404925301],[68.60048600486004,40.65956394563946],[68.57168571685719,40.62310787311],[68.49608496084963,40.609219845479714],[68.41328413284134,40.61963586620243],[68.2908829088291,40.65609193873189],[68.16128161281614,40.722060069975726],[68.1108811088111,40.75330813214384],[68.0460804608046,40.808860242664935],[68.0568805688057,40.86094034627848],[68.08928089280894,40.95989254314421],[68.11448114481146,41.029332681295585],[68.06048060480606,41.0605807434637],[68.02088020880208,41.097036815993164],[67.99207992079923,41.13002088161508],[67.93447934479346,41.19598901285889],[67.86607866078663,41.18036498177483],[67.8048780487805,41.16474095069077],[67.73647736477366,41.18730899558997],[67.52767527675277,41.17689297486726],[67.37287372873729,41.169948961052114],[67.22527225272253,41.163004947237],[67.03807038070383,41.152588926514284],[66.81486814868148,41.14217290579157],[66.75006750067502,41.15779693687563],[66.71046710467107,41.17862897832106],[66.66726667266673,41.27063716137164],[66.64566645666457,41.34875731679193],[66.60246602466026,41.49458160690983],[66.57366573665738,41.607421831405844],[66.53766537665376,41.74109409734723],[66.5160651606516,41.88865439091893],[66.49806498064981,41.99455060159977],[66.3288632886329,41.99802260850734],[66.19206192061921,42.00149461541491],[66.00846008460084,42.004966622322485],[66.0120601206012,42.08829478810415],[66.0120601206012,42.19419099878502],[66.01566015660157,42.313975237096145],[66.04806048060482,42.47195155139053],[66.06246062460625,42.605623817331946],[66.0768607686077,42.767072138533905],[66.08766087660877,42.87296834921477],[66.10206102061022,42.9910165840721],[66.0048600486005,42.95456051154264],[65.90045900459006,42.91463243210558],[65.80325803258035,42.876440356122316],[65.73485734857348,42.97192054608047],[65.67005670056702,43.06392872913105],[65.56925569255694,43.20454500888761],[65.49725497254974,43.310441219568474],[65.36765367653678,43.37120134045091],[65.27045270452706,43.418073433703114],[65.16965169651698,43.494457585669636],[65.08325083250833,43.5743137445437],[65.0040500405004,43.64896189305645],[64.90684906849069,43.71493002430026],[64.81324813248133,43.694097982854856],[64.70524705247053,43.652433899964024],[64.60444604446045,43.61424182398076],[64.49644496444967,43.57084173763613],[64.44244442444426,43.55174569964453],[64.31644316443166,43.55868971345964],[64.20844208442085,43.565633727274786],[64.01404014040142,43.57778575145127],[63.84843848438484,43.58820177217399],[63.67923679236793,43.598617792896704],[63.44523445234452,43.61250582052696],[63.20763207632078,43.62812985161102],[63.04923049230493,43.60903381361939],[62.84762847628477,43.58472976526642],[62.635226352263544,43.55868971345964],[62.4588245882459,43.53612166856044],[62.23922239222392,43.510081616753695],[62.073620736207374,43.489249575308264],[61.990819908199086,43.492721582215836],[61.88641886418864,43.57778575145127],[61.72441724417246,43.71319402084649],[61.62361623616238,43.796522186628124],[61.52641526415266,43.87637834550222],[61.386013860138604,43.99442658035957],[61.270812708127096,44.08296275650258],[61.15921159211592,44.16802692573802],[61.09801098010982,44.24788308461211],[61.06561065610657,44.34857128493161],[61.0080100801008,44.39370737473001],[60.87840878408784,44.45446749561248],[60.741607416074174,44.52043562685628],[60.60120601206012,44.58640375810009],[60.46440464404645,44.6523718893439],[60.32760327603276,44.71834002058773],[60.18720187201873,44.78430815183154],[60.05040050400504,44.850276283075345],[59.913599135991376,44.91624441431915],[59.77319773197732,44.98047654210919],[59.636396363963655,45.046444673352994],[59.49959499594996,45.1124128045968],[59.359193591935934,45.178380935840636],[59.22239222392224,45.24434906708444],[59.08199081990821,45.31031719832825],[58.94518945189452,45.376285329572056],[58.80838808388086,45.44225346081586],[58.6679866798668,45.5082215920597],[58.556385563855656,45.555093685311874],[58.44838448384485,45.54294166113539],[58.289982899829,45.50995759551347],[58.12438124381245,45.47350152298401],[57.96237962379624,45.44051745736209],[57.667176671766725,45.378021333025856],[57.47637476374766,45.338093253588795],[57.32877328773287,45.303373184513106],[57.17037170371705,45.266917111983645],[56.96516965169653,45.22004501873147],[56.79236792367925,45.18185294274821],[56.587165871658726,45.134980849496],[56.410764107641086,45.09331676660517],[56.259562595625965,45.05859669752948],[56.10116101161012,45.02387662845379],[55.975159751597516,44.994364569739474],[55.975159751597516,44.76521211383991],[55.975159751597516,44.53605965794034],[55.975159751597516,44.306907202040776],[55.975159751597516,44.07601874268744],[55.975159751597516,43.84686628678787],[55.975159751597516,43.617713830888334],[55.975159751597516,43.38856137498877],[55.975159751597516,43.1594089190892],[55.975159751597516,42.928520459735864],[55.975159751597516,42.6993680038363],[55.975159751597516,42.47021554793676],[55.975159751597516,42.241063092037194],[55.97875978759788,42.01017463268386],[55.97875978759788,41.78102217678429],[55.97875978759788,41.551869720884724],[55.97875978759788,41.32271726498516],[55.93555935559357,41.32445326843896],[55.83835838358385,41.31056524080867],[55.679956799568004,41.279317178640554],[55.546755467554675,41.261957144102695],[55.48555485554857,41.27237316482541],[55.43515435154353,41.29667721317841],[55.388353883538855,41.34702131333816],[55.319953199531994,41.407781434220595],[55.2479524795248,41.45812553438037],[55.161551615516174,41.56054973815364],[55.10035100351004,41.63866989357396],[54.952749527495286,41.810534235498636],[54.93114931149313,41.864350342565956],[54.902349023490245,41.91990245308705],[54.85554855548557,41.96503854288545],[54.67914679146793,42.077878767381435],[54.473944739447404,42.18030297115473],[54.27234272342724,42.279255168020455],[54.214742147421475,42.30355921637343],[54.12114121141212,42.33480727854155],[54.005940059400615,42.33654328199535],[53.92673926739269,42.3295992681802],[53.685536855368554,42.296615202558286],[53.50193501935021,42.258423126575025],[53.24993249932501,42.206343022961505],[53.05553055530555,42.14731890553281],[53.01233012330124,42.12995887099498],[52.87192871928721,42.060518732843605],[52.69552695526957,41.94420650144002],[52.49392493924941,41.78102217678429],[52.46872468724689,41.88518238401136],[52.4579245792458,42.04836670866712],[52.46152461524616,42.10044681228064],[52.51552515525157,42.23759108512962],[52.573125731257335,42.331335271633975],[52.61992619926201,42.42855146504593],[52.6379263792638,42.5552797171722],[52.598325983259855,42.76012812471876],[52.55152551525515,42.805264214517166],[52.49392493924941,42.820888245601225],[52.43272432724328,42.8243602525088],[52.32472324723247,42.81568023523988],[52.27432274322743,42.80005620415582],[52.18432184321844,42.8694963423072],[52.07632076320763,42.87991236302989],[52.01872018720189,42.86081632503826],[51.961119611196125,42.85040030431557],[51.89991899918999,42.8694963423072],[51.84591845918459,42.911160425198005],[51.809918099181004,42.95456051154264],[51.784717847178484,43.004904611702386],[51.701917019170196,43.10385680856811],[51.61551615516157,43.15767291563543],[51.51471514715149,43.16982493981192],[51.349113491134915,43.16808893635812],[51.29511295112951,43.17329694671949],[51.29151291512915,43.23058506069438],[51.31311313113133,43.35557730936685],[51.31311313113133,43.421545440610686],[51.30231302313024,43.48230556149312],[51.273512735127355,43.5326496616529],[51.23751237512377,43.5760497479975],[51.140311403114026,43.64896189305645],[51.064710647106466,43.74965009337595],[50.938709387093866,43.95797050783008],[50.830708307083086,44.19233097409102],[50.78390783907841,44.22878704662048],[50.686706867068665,44.26524311914997],[50.47070470704708,44.29475517786429],[50.33030330303305,44.326003240032406],[50.276302763027644,44.35551529874675],[50.251102511025124,44.4058593989065],[50.25470254702549,44.46141150942762],[50.26550265502655,44.52737964067143],[50.2979029790298,44.58119574773875],[50.40950409504097,44.62459583408335],[50.65070650706508,44.633275851352295],[50.85950859508597,44.62806784099092],[51.05031050310504,44.530851647579],[51.11151111511117,44.508283602679796],[51.17631176311764,44.50133958886465],[51.30951309513097,44.53258765103277],[51.3779137791378,44.541267668301714],[51.54351543515435,44.530851647579],[51.49311493114931,44.577723740831175],[51.4319143191432,44.60202778918415],[51.36711367113671,44.60029178573038],[51.30951309513097,44.61938782372201],[51.21951219512195,44.70966000331879],[51.057510575105766,44.812084207092084],[51.021510215102154,44.85374828998292],[51.01071010710109,44.921452424680524],[51.039510395103946,44.98047654210919],[51.15471154711548,45.03950065953785],[51.248312483124835,45.121092821865744],[51.29511295112951,45.230461039454156],[51.33471334713349,45.27906913616013],[51.41751417514175,45.357189291580426],[51.53991539915401,45.34330126395017],[51.734317343173444,45.39885337447126],[52.04752047520475,45.38843735374854],[52.42552425524255,45.4040613848326],[52.529925299252994,45.39885337447126],[52.77112771127713,45.34330126395017],[52.91152911529116,45.318997215597165],[53.07713077130771,45.30684519142068],[53.19953199531997,45.33114923977365],[53.084330843308436,45.407533391740174],[52.8359283592836,45.49606956788318],[52.77472774727747,45.572453719849705],[52.88632886328864,45.77903813085007],[53.041130411304124,45.9682625073126],[53.134731347313476,46.192206952850796],[53.109531095310956,46.41441539493522],[53.06273062730628,46.47517551581768],[53.07713077130771,46.54808766087663],[53.13113131131311,46.608847781759096],[53.17073170731709,46.66960790264153],[53.13833138331384,46.74252004770048],[53.06993069930701,46.85536027219649],[53.033930339303396,46.89355234817975],[52.915129151291524,46.95431246906222],[52.67752677526775,46.95778447596979],[52.48312483124832,46.99076854159168],[52.421924219242214,46.96299248633113],[52.3859238592386,46.9213284034403],[52.339123391233926,46.895288351633525],[52.187921879218806,46.83973624111243],[52.137521375213765,46.82932022038972],[52.087120871208725,46.83973624111243],[52.011520115201165,46.90223236544867],[51.94671946719467,46.895288351633525],[51.74511745117451,46.933480427616786],[51.651516515165156,47.01854459685222],[51.61551615516157,47.03069662102874],[51.29151291512915,47.096664752272545],[51.17631176311764,47.110552779902804],[50.920709207092074,47.041112641751425],[50.73350733507337,46.950840462154645],[50.679506795067965,46.93868843797816],[50.58230582305825,46.88313632745704],[50.528305283052845,46.87272030673432],[50.47070470704708,46.88313632745704],[50.420304203042036,46.879664320549466],[50.30510305103053,46.79460015131403],[50.09990099901,46.695647954448305],[49.99909999099992,46.63488783356584],[49.88749887498875,46.59495975412881],[49.76149761497615,46.570655705775835],[49.631896318963186,46.56718369886826],[49.58509585095851,46.54461565396906],[49.43749437494375,46.53767164015392],[49.347493474934765,46.51857560216229],[49.3438934389344,46.48559153654037],[49.36189361893619,46.41094338802765],[49.28629286292863,46.43698343983442],[49.20709207092071,46.38490333622087],[49.23229232292323,46.336295239514925],[49.18549185491855,46.34844726369141],[48.95868958689587,46.442191450195764],[48.7750877508775,46.50815958143957],[48.609486094860955,46.56718369886826],[48.584285842858435,46.57759971959095],[48.54108541085412,46.605375774851524],[48.508685086850875,46.65051186464993],[48.50148501485015,46.699119961355876],[48.51948519485197,46.733840030431566],[48.559085590855915,46.75640807533077],[48.60588605886059,46.76508809259968],[48.64548645486457,46.75814407878457],[48.69228692286924,46.73731203733914],[48.7750877508775,46.70953598207859],[48.88308883088831,46.70606397517102],[48.951489514895144,46.72516001316265],[48.95868958689587,46.77376810986863],[48.83268832688327,46.95431246906222],[48.7138871388714,47.10013675918012],[48.60228602286023,47.261585080382076],[48.55188551885519,47.32060919781074],[48.41148411484116,47.45601746720595],[48.274682746827466,47.58968973314734],[48.166681666816686,47.70947397145849],[48.10908109081092,47.745930043987954],[47.93627936279364,47.76155407507201],[47.60147601476015,47.78933013033256],[47.48267482674828,47.803218157962846],[47.38907389073893,47.768498088887156],[47.29187291872918,47.74072203362661],[47.201872018720195,47.79280213724013],[47.129871298713,47.876130303021796],[47.09387093870939,47.947306444626975],[47.11187111871121,48.020218589685925],[47.11907119071191,48.127850803820564],[47.0650706507065,48.23201101104763],[47.0038700387004,48.28409111466115],[46.85266852668528,48.32401919409821],[46.66186661866618,48.41255537024122],[46.607866078660805,48.57400369144318],[46.70146701467016,48.80489215079652],[46.85266852668528,48.96981247890605],[46.96066960669609,49.03751661360366],[47.01467014670146,49.09827673448612],[47.03267032670328,49.15035683809964],[47.018270182701826,49.20070093825939],[46.95346953469536,49.252781041872936],[46.85266852668528,49.303125142032684],[46.80226802268024,49.36735726982272],[46.823868238682394,49.502765539217904],[46.88866888668886,49.69719792604178],[46.993069930699306,49.8534382368824],[47.129871298713,49.938502406117834],[47.24867248672487,50.00099853045407],[47.29547295472955,50.05828664442896],[47.29907299072991,50.139878806756826],[47.29547295472955,50.21799896217715],[47.327873278732795,50.27355107269824],[47.37467374673747,50.318687162496644],[47.428674286742876,50.35861524193368],[47.504275042750436,50.40201532827831],[47.59787597875979,50.4141673524548],[47.7058770587706,50.37771127992531],[47.84987849878499,50.282231089967155],[48.06228062280624,50.09300671350465],[48.181081810818114,49.96975046828595],[48.224282242822426,49.93155839230269],[48.3358833588336,49.85864624724374],[48.433084330843315,49.829134188529395],[48.59868598685986,49.8742702783278],[48.760687606876076,49.92808638539512],[48.811088110881116,49.96280645447081],[48.843488434884364,50.013150554630556],[48.818288182881844,50.09995072731979],[48.785887858878596,50.157238841294685],[48.74988749887498,50.228414982899835],[48.69948699486994,50.353407231572334],[48.66708667086672,50.54957562184998],[48.62388623886238,50.61207174618622],[48.65628656286563,50.61901576000136],[48.735487354873555,50.606863735824874],[48.80748807488075,50.60165572546353],[48.91548915489156,50.645055811808135],[49.05949059490595,50.726647974136],[49.322293222932245,50.8516402228085],[49.379893798937985,50.934968388590164],[49.423094230942326,51.026976571640745],[49.498694986949886,51.084264685615636],[49.6678966789668,51.10162472015347],[49.82269822698228,51.13113677886781],[49.93069930699309,51.19710491011162],[50.10350103501037,51.25439302408651],[50.24750247502476,51.2891130931622],[50.30870308703089,51.32209715878412],[50.35550355503557,51.368969252036294],[50.51750517505175,51.50611352488528],[50.64350643506435,51.589441690666916],[50.755107551075525,51.674505859902354],[50.79470794707947,51.73005797042347],[50.881108811088126,51.71964194970076],[51.01791017910179,51.6814498737175],[51.16191161911621,51.64672980464181],[51.26991269912699,51.59464970102829],[51.29151291512915,51.54083359396097],[51.30231302313024,51.497433507616336],[51.34551345513455,51.47486546271713],[51.39591395913959,51.47139345580959],[51.475114751147515,51.48180947653228],[51.608316083160844,51.48354547998608],[51.77391773917739,51.55472162159123],[52.0079200792008,51.67276985644858],[52.220322203222054,51.70922592897807],[52.3319233192332,51.6814498737175],[52.421924219242214,51.59464970102829],[52.497524975249775,51.51132153524662],[52.56952569525697,51.48180947653228],[52.61632616326165,51.480073473078505],[52.63432634326344,51.480073473078505],[52.72792727927279,51.497433507616336],[52.73512735127352,51.497433507616336],[52.82152821528217,51.493961500708764],[52.90432904329043,51.46618544544822],[53.03753037530376,51.46444944199445],[53.22833228332283,51.48528148343985],[53.24633246332465,51.493961500708764],[53.33633336333364,51.48180947653228],[53.44793447934481,51.445353404002816],[53.53433534335343,51.40021731420441],[53.68913689136892,51.25265702063271],[53.77553775537757,51.21446494464948],[53.955539555395575,51.16064883758213],[54.0419404194042,51.115512747783754],[54.139141391413915,51.040864599271],[54.189541895418955,50.9957285094726],[54.297542975429764,50.91413634714473],[54.419944199442,50.78046408120332],[54.44514445144452,50.67456787052248],[54.47034470344704,50.58429569092567],[54.517145171451716,50.54089560458107],[54.55674556745569,50.53568759421972],[54.59634596345964,50.55131162530378],[54.63594635946362,50.591239704740815],[54.650346503465045,50.66067984289219],[54.63954639546395,50.78046408120332],[54.60714607146073,50.879416278069044],[54.56394563945639,50.91066434023716],[54.5459454594546,50.94538440931285],[54.574745747457484,50.990520499111256],[54.64314643146432,51.011352540556686],[54.725947259472605,50.9974645129264],[54.86634866348663,50.94191240240528],[55.01395013950139,50.86900025734633],[55.193951939519394,50.74400800867386],[55.35955359553597,50.66588785325354],[55.54315543155431,50.60165572546353],[55.68715687156873,50.5825596874719],[55.798757987579876,50.60165572546353],[55.92835928359284,50.65373582907705],[56.05076050760508,50.71275994650574],[56.10476104761048,50.77699207429575],[56.14436144361446,50.844696208993355],[56.32436324363243,50.936704392043936],[56.48996489964901,51.0200325578256],[56.56556565565657,51.00440852674154],[56.619566195661974,50.98010447838854],[56.78876788767889,51.03218458200209],[56.84996849968502,51.046072609632375],[57.0119701197012,51.065168647624006],[57.17757177571775,51.03565658890966],[57.31077310773108,50.94712041276665],[57.44397443974441,50.88809629533796],[57.55917559175592,50.8950403091531],[57.6527765277653,50.92455236786745],[57.717577175771765,50.98010447838854],[57.76437764377644,51.046072609632375],[57.82917829178294,51.08947269597698],[57.839978399784,51.09120869943075],[58.04518045180453,51.06864065453155],[58.17478174781749,51.07211266143912],[58.18918189181892,51.082528682161836],[58.35838358383586,51.063432644170206],[58.54918549185493,50.971424461119625],[58.664386643866436,50.86900025734633],[58.81558815588156,50.737063994858715],[58.88398883988842,50.69366390851411],[58.9847898478985,50.67630387397625],[59.06399063990642,50.66762385670734],[59.1719917199172,50.648527818715706],[59.45279452794529,50.62075176345516],[59.4959949599496,50.6051277323711],[59.52479524795248,50.5825596874719],[59.49959499594996,50.51138354586672],[59.52479524795248,50.49228750787509],[59.75159751597516,50.54436761148864],[59.812798127981296,50.5825596874719],[59.888398883988856,50.69019190160654],[59.95679956799569,50.79956011919495],[60.003600036000364,50.83948819863201],[60.05760057600577,50.8499042193547],[60.11160111601117,50.83428018827064],[60.18720187201873,50.77004806048063],[60.28800288002881,50.7040799292368],[60.42480424804248,50.679775880883824],[60.507605076050766,50.66935986016111],[60.63720637206373,50.664151849799765],[60.943209432094335,50.69539991196788],[61.227612276122784,50.77525607084198],[61.38961389613897,50.860320240077414],[61.46521465214653,50.990520499111256],[61.512015120151204,51.136344789229156],[61.5840158401584,51.23008897573354],[61.555215552155516,51.32383316223789],[61.411214112141124,51.4141053418347],[61.36441364413645,51.441881397095244],[61.01521015210153,51.49222549725499],[60.993609936099375,51.52868156978445],[60.97200972009722,51.5373615870534],[60.630006300063,51.61721774592749],[60.46440464404645,51.65193781500318],[60.41760417604178,51.7040179186167],[60.38880388803889,51.77345805676808],[60.280802808028085,51.83421817765054],[60.06840068400686,51.88977028817166],[60.028800288002884,51.933170374516266],[60.064800648006496,51.97657046086087],[60.23400234002341,52.025178557566846],[60.42480424804248,52.12586675788634],[60.50040500405004,52.14669879933177],[60.66960669606698,52.150170806239345],[60.8280082800828,52.23349897202098],[60.93600936009361,52.28037106527316],[60.993609936099375,52.33765917924805],[60.97920979209792,52.39494729322294],[60.8208082080821,52.57028364205519],[60.77400774007742,52.676179852736055],[60.80280802808028,52.743883987433634],[60.892808928089295,52.820268139400156],[60.943209432094335,52.86019621883722],[61.0080100801008,52.93310836389617],[61.04761047610478,52.9730364433332],[61.2060120601206,52.98866047441726],[61.40041400414006,52.9956044882324],[61.53361533615336,52.97824445369454],[61.72081720817209,52.96956443642563],[61.890018900189006,52.95567640879537],[61.972819728197294,52.943524384618854],[62.03762037620376,52.966092429518056],[62.08442084420844,53.00602050895512],[62.0808208082081,53.05810061256864],[62.016020160201606,53.108444712728385],[61.76761767617677,53.17441284397222],[61.65961659616596,53.22822895103954],[61.5768157681577,53.22302094067817],[61.436414364143644,53.23864497176223],[61.310413104131044,53.275101044291716],[61.1988119881199,53.2872530684682],[61.16281162811629,53.33759716862795],[61.18441184411844,53.40703730677933],[61.227612276122784,53.44522938276259],[61.310413104131044,53.46606142420802],[61.40041400414006,53.455645403485306],[61.49761497614978,53.48515746219965],[61.52641526415266,53.50078149328371],[61.53361533615336,53.52334953818291],[61.51921519215193,53.55459760035103],[61.47241472414726,53.580637652157776],[61.411214112141124,53.58758166597292],[61.335613356133564,53.56501362107372],[61.24921249212494,53.55112559344346],[61.09801098010982,53.582373655611576],[60.97920979209792,53.62230173504861],[60.98640986409865,53.6570218041243],[61.0728107281073,53.71083791119162],[61.11241112411125,53.75423799753625],[61.11241112411125,53.813262114964914],[61.11241112411125,53.88270225311629],[61.144811448114496,53.964294415444186],[61.23121231212312,54.01984652596528],[61.3320133201332,54.049358584679624],[61.59841598415986,53.995542477612304],[61.92961929619298,53.94693438090633],[61.98721987219872,53.95387839472147],[62.00162001620018,53.979918446528245],[62.041220412204126,54.00248649142742],[62.49842498424985,54.012902512150134],[62.58842588425884,54.04415057431825],[62.63162631626318,54.068454622671254],[63.07443074430745,54.104910695200715],[63.12483124831249,54.139630764276404],[63.189631896318986,54.17087882644452],[63.2940329403294,54.17087882644452],[63.4128341283413,54.18303085062104],[63.582035820358215,54.2212229266043],[63.70083700837009,54.24379097150347],[63.72243722437224,54.24552697495727],[63.84843848438484,54.23684695768836],[64.00324003240033,54.266359016402674],[64.03564035640358,54.28024704403296],[64.06444064440646,54.302815088932164],[64.19764197641976,54.34795117873057],[64.46044460444605,54.38440725126003],[64.52524525245252,54.36183920636083],[64.65124651246512,54.35142318563811],[64.80964809648097,54.36878322017597],[64.92844928449284,54.396559275436516],[64.9968499684997,54.36878322017597],[65.08685086850869,54.341007164915425],[65.15885158851589,54.36357520981463],[65.19125191251914,54.44169536523492],[65.23805238052381,54.51634351374764],[65.31725317253174,54.55106358282336],[65.37845378453787,54.56495161045362],[65.43605436054361,54.592727665714165],[65.47565475654758,54.62397572788231],[65.7060570605706,54.61876771752094],[65.91485914859149,54.69341586603369],[65.95445954459547,54.658695796958],[66.2208622086221,54.667375814226915],[66.55566555665558,54.71598391093289],[66.75366753667538,54.738551955832065],[67.09927099270993,54.78889605599184],[67.25767257672578,54.828824135428874],[67.48447484474846,54.85486418723565],[67.69327693276935,54.87222422177348],[67.83007830078301,54.94340036337866],[67.94167941679419,54.95381638410137],[68.07488074880749,54.959024394462716],[68.15408154081541,54.97638442900055],[68.20808208082082,55.00242448080732],[68.24408244082443,55.05276858096707],[68.22608226082261,55.11526470530333],[68.20448204482045,55.16040079510171],[68.30168301683017,55.18644084690848],[68.43848438484386,55.1951208641774],[68.52488524885248,55.20553688490011],[68.71208712087122,55.30796108867341],[68.84168841688418,55.35830518883316],[68.97848978489785,55.389553251001274],[69.24849248492487,55.372193216463444],[69.49329493294934,55.356569185379385],[69.74169741697418,55.30796108867341],[69.87129871298714,55.245464964337174],[69.98289982899828,55.19859287108497],[70.08730087300873,55.17602482618577],[70.18090180901811,55.16213679855551],[70.29250292502925,55.18296884000091],[70.37170371703718,55.212480898715256],[70.41850418504185,55.25240897815229],[70.48690486904869,55.281921036866635],[70.73890738907389,55.30448908176584],[70.78930789307893,55.26108899542123],[70.91170911709119,55.12741672947982],[70.99090990909909,54.9503443771938],[71.12771127711278,54.71424790747909],[71.18531185311855,54.59967167952931],[71.16011160111603,54.538911558646845],[71.16011160111603,54.45558339286521],[71.1529115291153,54.36357520981463],[71.05211052110522,54.26115100604133],[71.09171091710917,54.212542909335355],[71.33651336513367,54.158726802268035],[71.67851678516786,54.177822840259665],[71.88731887318875,54.2212229266043],[72.00612006120062,54.20559889552021],[72.06732067320675,54.231638947326985],[72.1069210692107,54.30802309929351],[72.18612186121862,54.325383133831366],[72.26892268922691,54.271567026764046],[72.33012330123302,54.18129484716724],[72.38772387723878,54.122270729738574],[72.38412384123842,54.052830591587195],[72.40572405724058,53.964294415444186],[72.44532445324455,53.941726370544984],[72.53172531725318,53.97644643962067],[72.58572585725858,53.995542477612304],[72.60012600126001,54.02331853287285],[72.57492574925749,54.05630259849477],[72.56412564125642,54.091022667570456],[72.58212582125822,54.122270729738574],[72.6217262172622,54.13442275391506],[72.74052740527407,54.124006733192346],[72.91332913329134,54.106646698654515],[73.11853118531187,53.979918446528245],[73.23013230132301,53.95735040162904],[73.27693276932771,53.95561439817524],[73.38133381333813,53.962558411990386],[73.50733507335073,53.999014484519876],[73.59013590135902,54.04415057431825],[73.6189361893619,54.066718619217454],[73.66573665736658,54.06324661230988],[73.71253712537126,54.04241457086448],[73.71613716137162,53.995542477612304],[73.68013680136804,53.92957434636847],[73.55413554135544,53.868814225486034],[73.39933399333995,53.81152611151114],[73.30573305733057,53.707365904284075],[73.28413284132841,53.597997686695635],[73.32733327333275,53.54244557617454],[73.36333363333634,53.505989503645054],[73.37053370533707,53.453909400031506],[73.40653406534065,53.44696538621639],[73.47133471334715,53.46953343111559],[73.64413644136442,53.57542964179643],[73.73053730537308,53.60320569705698],[73.86013860138601,53.62056573159484],[74.0689406894069,53.61188571432592],[74.20934209342093,53.57716564525023],[74.27774277742779,53.528557548544256],[74.35334353343535,53.486893465653424],[74.40374403744039,53.50425350019128],[74.42894428944291,53.55112559344346],[74.42894428944291,53.60320569705698],[74.45054450544507,53.64660578340161],[74.68094680946811,53.75423799753625],[74.8357483574836,53.8254141391414],[74.88614886148864,53.834094156410345],[74.99054990549905,53.818470125326286],[75.05175051750518,53.8271501425952],[75.2209522095221,53.89311827383901],[75.37575375753758,53.96950242580553],[75.39375393753937,54.02158252941905],[75.39735397353974,54.068454622671254],[75.43695436954371,54.089286664116656],[75.65655656556567,54.106646698654515],[75.69255692556928,54.11532671592343],[75.87975879758798,54.16740681953695],[76.13896138961388,54.25767899913376],[76.26496264962651,54.31149510620108],[76.49536495364953,54.33579915455405],[76.53856538565384,54.35142318563811],[76.61416614166143,54.3878792581676],[76.75816758167582,54.43648735487358],[76.83736837368377,54.44169536523492],[76.79056790567904,54.321911126923794],[76.70416704167042,54.18303085062104],[76.65376653766538,54.144838774637776],[76.42336423364236,54.15178278845289],[76.42336423364236,54.11359071246963],[76.45936459364594,54.05456659504097],[76.48456484564849,54.02331853287285],[76.51336513365135,53.993806474158504],[76.57456574565748,53.941726370544984],[76.81936819368195,53.82194213223383],[77.13257132571329,53.670909831754585],[77.47097470974711,53.49904548982991],[77.70497704977049,53.379261251518784],[77.79857798577984,53.31676512718255],[77.85977859778598,53.269893033930344],[78.03258032580328,53.09455668509813],[78.1981819818198,52.929636356988595],[78.47538475384755,52.637987776752794],[78.72018720187202,52.35675521723968],[78.99378993789941,52.04774660246605],[79.14859148591489,51.86893824672623],[79.4689946899469,51.493961500708764],[79.55539555395552,51.37764926930521],[79.71739717397173,51.16064883758213],[79.86139861398613,50.955800430035566],[79.98739987399875,50.77525607084198],[80.06660066600665,50.75789603630412],[80.07380073800738,50.806504133010094],[80.08460084600847,50.83948819863201],[80.12780127801278,50.85858423662364],[80.22140221402213,50.91240034369096],[80.27180271802717,50.92455236786745],[80.3438034380344,50.919344357506105],[80.4230042300423,50.94712041276665],[80.45180451804521,50.9974645129264],[80.43380433804339,51.09294470288455],[80.4230042300423,51.136344789229156],[80.44820448204484,51.18321688248133],[80.49140491404916,51.20231292047296],[80.54900549005492,51.21620094810325],[80.60660606606069,51.224880965372165],[80.649806498065,51.27696106898571],[80.73620736207363,51.29258510006977],[80.81180811808122,51.28390508280086],[80.87660876608766,51.28216907934706],[80.93420934209342,51.242240999910024],[80.96660966609664,51.190160896296476],[81.02781027810278,51.18495288593513],[81.12861128611286,51.191896899750276],[81.13941139411395,51.14676080995187],[81.1106111061111,51.07211266143912],[81.07821078210782,51.01482454746423],[81.07101071010709,50.96795245421205],[81.1250112501125,50.94712041276665],[81.31941319413193,50.96621645075828],[81.38781387813879,50.955800430035566],[81.40941409414097,50.90892833678339],[81.43821438214383,50.87073626080013],[81.45261452614528,50.82386416754795],[81.4310143101431,50.771784063934405],[81.46701467014674,50.74053600176629],[81.63261632616326,50.73879999831249],[81.75141751417516,50.76484005011926],[81.9350193501935,50.76657605357306],[82.09702097020971,50.71102394305194],[82.21222212222125,50.719703960320885],[82.32742327423273,50.74227200522006],[82.4930249302493,50.7283839775898],[82.6118261182612,50.771784063934405],[82.69462694626947,50.825600171001724],[82.71982719827201,50.86900025734633],[82.75942759427596,50.89330430569933],[82.91782917829181,50.89330430569933],[83.01863018630189,50.8967763126069],[83.09423094230942,50.96100844039691],[83.15903159031592,50.988784495657484],[83.27423274232746,50.99399250601883],[83.35703357033572,50.99399250601883],[83.58023580235806,50.934968388590164],[83.71703717037173,50.88636029188419],[83.86103861038612,50.81865615718658],[83.94383943839438,50.77525607084198],[84.00144001440015,50.67630387397625],[84.09864098640986,50.6051277323711],[84.17424174241745,50.520063563135636],[84.19584195841958,50.436735397354],[84.25704257042571,50.28743910032853],[84.3218432184322,50.23883100362255],[84.4010440104401,50.23883100362255],[84.49824498244982,50.21799896217715],[84.60624606246063,50.20237493109309],[84.84024840248401,50.09127071005088],[84.92304923049232,50.08779870314331],[84.98784987849882,50.06175865133653],[84.99864998649986,50.009678547722984],[84.97344973449736,49.95065443029432],[85.00225002250022,49.89336631631943],[85.07785077850781,49.82219017471425],[85.13545135451358,49.7510140331091],[85.21105211052111,49.66421386041986],[85.2326523265233,49.615605763713916],[85.29025290252906,49.59998173262986],[85.37305373053732,49.62428578098283],[85.4990549905499,49.6051897429912],[85.88065880658809,49.556581646285224],[85.93465934659349,49.54963763247008],[85.97425974259744,49.49929353231033],[86.02826028260284,49.502765539217904],[86.09306093060934,49.506237546125476],[86.17946179461796,49.49929353231033],[86.2406624066241,49.54616562556254],[86.29106291062914,49.58782970845334],[86.41706417064171,49.63817380861312],[86.52146521465215,49.707613946764496],[86.61146611466114,49.76837406764693],[86.67626676266764,49.777054084915875],[86.73026730267304,49.7492780296553],[86.73026730267304,49.69546192258798],[86.66546665466655,49.65726984660472],[86.6150661506615,49.610397753352544],[86.6258662586626,49.56352566010037],[86.71586715867159,49.558317649739024],[86.8130681306813,49.487141508133845],[86.95346953469533,49.322221180024314],[87.00027000270006,49.287501110948625],[87.07227072270723,49.25451704532671],[87.14787147871482,49.24062901769645],[87.23427234272344,49.216324969343475],[87.29547295472958,49.14688483119207],[87.32427324273243,49.08612471030963],[87.23067230672308,49.105220748301264],[87.04707047070474,49.11042875866261],[86.93906939069393,49.09827673448612],[86.88506885068853,49.09133272067098],[86.80946809468094,49.049668637780144],[86.75186751867517,49.00800455488931],[86.73026730267304,48.93856441673793],[86.7590675906759,48.86044426131764],[86.71946719467195,48.69725993666188],[86.66546665466655,48.634763812325644],[86.55026550265501,48.52886760164478],[86.4818648186482,48.5045635532918],[86.3738637386374,48.48546751530017],[86.26586265862659,48.454219453132055],[86.0570605706057,48.42297139096394],[85.83025830258305,48.40734735987988],[85.7510575105751,48.384779314980676],[85.69345693456938,48.311867169921726],[85.65025650256501,48.25110704903926],[85.62505625056252,48.204234955787086],[85.56385563855639,48.05146665185404],[85.52425524255244,47.91605838245883],[85.56025560255603,47.745930043987954],[85.58905589055894,47.55844167097922],[85.58545585455857,47.494209543189186],[85.64305643056434,47.39699334977726],[85.66825668256683,47.3379692323486],[85.65745657456574,47.25464106656693],[85.57825578255785,47.188672935323126],[85.53145531455317,47.10013675918012],[85.4846548465485,47.06368068665063],[85.3550535505355,47.0463206521128],[85.2326523265233,47.03590463139008],[85.11025110251103,46.96125648287736],[85.01305013050131,46.90917637926381],[84.85824858248583,46.843208248020005],[84.78624786247866,46.83105622384352],[84.74664746647466,46.86404028946541],[84.7178471784718,46.93868843797816],[84.66744667446676,46.97167250360005],[84.59184591845917,46.97514451050762],[84.5306453064531,46.97514451050762],[84.33984339843397,46.99597655195305],[84.2138421384214,46.99424054849925],[84.12384123841241,46.97861651741519],[84.0158401584016,46.969936500146275],[83.8322383223832,46.99771255540682],[83.71343713437136,47.02028060030602],[83.63423634236341,47.042848645205225],[83.44343443434434,47.10881677644903],[83.19143191431914,47.186936931869326],[83.09063090630906,47.20950497676853],[83.02943029430293,47.185200928415554],[83.01863018630189,47.14180084207095],[83.00423004230043,47.03416862793631],[82.97542975429758,46.9664644932387],[82.79902799027991,46.624471812843154],[82.6910269102691,46.38663933967467],[82.55422554225544,46.15922288722888],[82.51102511025113,46.00645458329586],[82.42822428224281,45.812022196471986],[82.34902349023491,45.67140591671543],[82.3166231662317,45.59502176474891],[82.31302313023133,45.56377370258079],[82.32742327423273,45.520373616236185],[82.45342453424536,45.47176551953021],[82.5830258302583,45.44225346081586],[82.6118261182612,45.42489342627803],[82.6262262622626,45.374549326118284],[82.6226262262623,45.29295716379042],[82.59742597425975,45.2165730118239],[82.5578255782558,45.155812890941434],[82.52182521825222,45.12630083222709],[82.47862478624785,45.122828825319516],[82.39582395823959,45.16275690475658],[82.32382323823236,45.20615699110118],[82.26622266222665,45.21830901527767],[82.1222212222122,45.195740970378466],[81.9890198901989,45.16102090130278],[81.94581945819459,45.16102090130278],[81.8666186661867,45.18185294274821],[81.79101791017911,45.22525302909281],[81.75861758617589,45.31031719832825],[81.69021690216903,45.34850927431151],[81.6038160381604,45.31031719832825],[81.33381333813338,45.246085070538214],[81.03861038610387,45.16970091857169],[80.85500855008553,45.12977283913466],[80.77940779407794,45.134980849496],[80.63540635406355,45.12630083222709],[80.50940509405098,45.105468790781686],[80.41580415804157,45.07595673206734],[80.22860228602286,45.03429264917651],[80.05940059400592,45.00651659391596],[79.95139951399517,44.944020469579726],[79.87219872198722,44.88326034869726],[79.87579875798758,44.86069230379806],[79.93339933399335,44.82597223472237],[79.99819998199985,44.796460176008026],[80.12780127801278,44.80340418982317],[80.25380253802541,44.80861220018451],[80.36180361803616,44.77042012420125],[80.45540455404557,44.74611607584828],[80.48060480604806,44.71486801368016],[80.45540455404557,44.68361995151204],[80.40140401404017,44.6766759376969],[80.37980379803798,44.65584389625147],[80.39060390603908,44.62633183753715],[80.35460354603549,44.5516836890244],[80.33660336603367,44.43884346452842],[80.35460354603549,44.326003240032406],[80.36540365403653,44.22357903625914],[80.35820358203586,44.17149893264559],[80.35460354603549,44.09685078413287],[80.39420394203944,44.04650668397312],[80.43020430204302,43.95102649401497],[80.49500495004952,43.89200237658628],[80.59220592205924,43.68541796558591],[80.649806498065,43.563897723821015],[80.70380703807041,43.42675345097203],[80.6642066420664,43.35384130591308],[80.66780667806677,43.310441219568474],[80.7290072900729,43.273985147038985],[80.75780757807581,43.20454500888761],[80.78660786607867,43.161144922543],[80.77940779407794,43.11948083965217],[80.75060750607508,43.10212080511431],[80.61740617406173,43.128160856921085],[80.50580505805061,43.08649677403025],[80.39060390603908,43.04309668768565],[80.37620376203762,43.020528642786445],[80.37260372603726,42.99622459443347],[80.38340383403835,42.97365654953427],[80.45180451804521,42.93546447355101],[80.54540545405456,42.911160425198005],[80.53820538205383,42.87296834921477],[80.4230042300423,42.855608314676914],[80.25020250202505,42.79658419724825],[80.20340203402037,42.73408807291199],[80.16380163801637,42.66638393821441],[80.160201602016,42.624719855323576],[80.17820178201782,42.51882364464271],[80.20700207002074,42.39903940633158],[80.25380253802541,42.27404715765908],[80.25740257402578,42.23585508167582],[80.23220232202323,42.20807902641528],[80.21060210602104,42.190718991877446],[80.07020070200701,42.30355921637343],[79.92259922599226,42.41292743396187],[79.80379803798041,42.438967485768615],[79.59859598595989,42.45632752030647],[79.49059490594908,42.458063523760245],[79.42939429394295,42.48410357556702],[79.36819368193682,42.546599699903254],[79.29619296192965,42.605623817331946],[79.2025920259203,42.66638393821441],[79.16659166591666,42.75839212126499],[79.12699126991271,42.77575215580282],[79.05859058590585,42.76360013162633],[78.94698946989473,42.767072138533905],[78.8857888578886,42.77575215580282],[78.79218792187925,42.79137618688688],[78.64098640986413,42.82956826287014],[78.52578525785259,42.86428833194583],[78.37458374583747,42.87123234576097],[78.29178291782921,42.86428833194583],[78.02178021780219,42.857344318130686],[77.80217802178021,42.89553639411395],[77.62217622176223,42.90248040792909],[77.51057510575106,42.90074440447532],[77.46017460174602,42.90421641138289],[77.37017370173703,42.90421641138289],[77.23697236972373,42.912896428651806],[77.0569705697057,42.9701845426267],[76.9885698856989,42.97365654953427],[76.94536945369452,42.97192054608047],[76.64656646566465,42.928520459735864],[76.50976509765098,42.91810443901315],[76.21816218162184,42.92331244937452],[75.93375933759339,42.928520459735864],[75.84015840158403,42.93720047700478],[75.789757897579,42.93372847009721],[75.68175681756819,42.83130426632394],[75.63495634956351,42.81394423178608],[75.36495364953652,42.83651227668528],[75.04815048150482,42.90421641138289],[74.81774817748177,42.97886455989561],[74.62334623346234,43.056984715315934],[74.36414364143641,43.18024096053463],[74.20934209342093,43.24100108141707],[74.18774187741877,43.20454500888761],[74.14454144541446,43.19412898816489],[74.08694086940869,43.18892097780355],[73.95013950139503,43.19586499161869],[73.88533885338853,43.13336886728243],[73.71973719737198,43.08823277748405],[73.61173611736118,43.04830469804699],[73.55773557735577,43.003168608248586],[73.44973449734499,42.70284001074387],[73.42093420934211,42.59347179315546],[73.4929349293493,42.4094554270543],[73.41013410134101,42.419871447776984],[73.31653316533166,42.46674354102919],[73.28413284132841,42.50493561701245],[73.19053190531906,42.527503661911624],[72.85572855728557,42.56048772753354],[72.7909279092791,42.603887813878146],[72.75132751327513,42.638607882953835],[72.6649266492665,42.66117592785304],[72.54252542525427,42.678535962390896],[72.27612276122761,42.75839212126499],[72.1609216092161,42.76012812471876],[71.81531815318155,42.822624249054996],[71.76131761317615,42.820888245601225],[71.73611736117363,42.819152242147425],[71.59931599315993,42.77922416271039],[71.51291512915131,42.767072138533905],[71.4229142291423,42.782696169617964],[71.25731257312574,42.73408807291199],[71.16731167311673,42.66811994166818],[71.09531095310953,42.586527779340315],[71.02331023310234,42.53618367918057],[71.00171001710018,42.459799527214045],[70.95130951309514,42.419871447776984],[70.89370893708937,42.34001528890292],[70.89370893708937,42.293143195650714],[70.94770947709478,42.24800710585234]]]]}},{"type":"Feature","id":"400","properties":{"name":"Jordan","code":"JO","label":[36.757475371295584,31.2385238762092]},"geometry":{"type":"MultiPolygon","coordinates":[[[[35.78615786157863,32.734708179113056],[35.89415894158941,32.71387613766764],[35.95535955359554,32.667004044415464],[36.05976059760599,32.53333177847405],[36.218162181621835,32.49513970249079],[36.2829628296283,32.45694762650753],[36.37296372963729,32.38750748835615],[36.4809648096481,32.361467436549376],[36.81936819368195,32.31806735020477],[37.089370893708946,32.46562764377646],[37.316173161731626,32.59061989244894],[37.57897578975792,32.73297217565927],[37.75537755377553,32.83018836907121],[38.05418054180544,32.99510869718074],[38.2557825578256,33.09926890440781],[38.5149851498515,33.23641317725679],[38.77418774187743,33.37182144665198],[38.84618846188462,33.15134900802134],[38.914589145891455,32.93434857629828],[38.98658986589868,32.71040413076007],[39.058590585905876,32.493403699037],[38.982989829898315,32.47257165759159],[39.040590405904055,32.30591532602827],[39.141391413914135,32.331955377835044],[39.24579245792458,32.351051415826674],[39.292592925929256,32.243419201692035],[39.1449914499145,32.12537096683468],[38.99738997389974,32.00732273197734],[38.96138961389616,31.99517070780084],[38.77058770587706,31.946562611094876],[38.37458374583747,31.847610414229152],[38.11178111781118,31.781642282985345],[37.77337773377735,31.696578113749908],[37.49257492574927,31.625401972144743],[37.215372153721546,31.55596183399335],[36.95976959769598,31.49172970620333],[37.10377103771037,31.354585433354345],[37.330573305733054,31.14626501890021],[37.47817478174784,31.007384742597438],[37.65457654576548,30.828576386857634],[37.8129781297813,30.66886406910946],[37.978579785797876,30.500471734092358],[37.86337863378634,30.443183620117466],[37.66897668976691,30.347703430159314],[37.650976509765115,30.33034339562147],[37.632976329763295,30.312983361083624],[37.5537755377554,30.14459102606652],[37.4889748897489,30.010918760125122],[37.47097470974711,29.995294729041063],[37.20097200972012,29.946686632335087],[36.92736927369273,29.89634253217534],[36.75456754567546,29.866830473461008],[36.704167041670416,29.832110404385304],[36.59256592565927,29.665454072822],[36.477364773647736,29.495325734351113],[36.2829628296283,29.354709454594555],[36.066960669606715,29.20020514720774],[36.016560165601675,29.189789126485024],[35.86175861758619,29.214093174838013],[35.59535595355953,29.25402125427506],[35.339753397534,29.293949333712106],[35.163351633516356,29.321725388972652],[34.9509495094951,29.352973451140784],[34.98334983349835,29.484909713628397],[34.97254972549726,29.55434985177979],[35.0229502295023,29.786974314586914],[35.051750517505184,29.89634253217534],[35.069750697506976,29.977934694503205],[35.14175141751417,30.141119019158964],[35.13095130951311,30.194935126226284],[35.1489514895149,30.38415950268879],[35.14175141751417,30.420615575218264],[35.17415174151742,30.524775782445346],[35.23535235352355,30.674072079470804],[35.296552965529656,30.80253633505086],[35.32175321753218,30.85982444902575],[35.38295382953831,30.983080694244464],[35.44055440554408,31.132376991269922],[35.40815408154083,31.2139691535978],[35.4009540095401,31.231329188135646],[35.42255422554226,31.325073374640013],[35.45135451354514,31.479577682026843],[35.4657546575466,31.562905847808494],[35.49815498154982,31.67227406539692],[35.55935559355595,31.766018251901286],[35.530555305553065,31.984754687078137],[35.53415534155343,32.10280292193549],[35.57375573755738,32.23821119133068],[35.55215552155522,32.39618750562508],[35.57015570155701,32.62013195116327],[35.57375573755738,32.64096399260869],[35.59535595355953,32.66874004786925],[35.60975609756099,32.68262807549952],[35.73575735757359,32.7295001687517],[35.78615786157863,32.734708179113056]]]]}},{"type":"Feature","id":"392","properties":{"name":"Japan","code":"JP","label":[137.6604063963343,37.46108421187739]},"geometry":{"type":"MultiPolygon","coordinates":[[[[133.36873368733688,36.203243079774566],[133.32553325533257,36.16678700724509],[133.23913239132395,36.17893903142158],[133.1887318873189,36.2327551384889],[133.20673206732067,36.29351525937136],[133.29673296732966,36.34038735262354],[133.37953379533798,36.246643166119185],[133.36873368733688,36.203243079774566]]],[[[138.3439834398344,37.822934302155545],[138.25038250382505,37.81946229524797],[138.2251822518225,37.829878315970674],[138.28278282782827,37.85418236432366],[138.28638286382863,37.895846447214495],[138.32238322383228,37.968758592273446],[138.32238322383228,37.991326637172634],[138.2467824678247,37.994798644080205],[138.25038250382505,38.07812680986186],[138.30798307983082,38.16145497564352],[138.4627846278463,38.291655234677364],[138.50238502385025,38.31595928303034],[138.50958509585098,38.25867116905545],[138.4627846278463,38.12499890311406],[138.4519845198452,38.076390806408085],[138.57438574385748,38.06597478568537],[138.49518495184952,37.90452646448341],[138.3439834398344,37.822934302155545]]],[[[134.93114931149313,34.288431270250214],[134.82314823148232,34.20336710101478],[134.72954729547297,34.208575111376135],[134.6827468274683,34.246767187359396],[134.66834668346684,34.29363928061157],[134.75834758347582,34.36828742912431],[134.8339483394834,34.472447636351376],[134.90234902349027,34.519319729603566],[134.95994959949599,34.545359781410326],[135.00315003150035,34.54362377795654],[134.90594905949058,34.39779948783864],[134.93114931149313,34.288431270250214]]],[[[130.62190621906223,30.262639260923876],[130.5067050670507,30.24180721947846],[130.44550445504456,30.264375264377662],[130.3879038790388,30.38763150959636],[130.4959049590496,30.46575166501667],[130.64350643506435,30.389367513050146],[130.67230672306727,30.366799468150944],[130.62190621906223,30.262639260923876]]],[[[130.96030960309605,30.39631152686529],[130.87390873908743,30.385895506142575],[130.87030870308706,30.444919623571252],[130.93870938709387,30.575119882605094],[130.9459094590946,30.670600072563246],[131.0107101071011,30.79212031432816],[131.03951039510395,30.818160366134933],[131.06111061110613,30.828576386857634],[131.08271082710826,30.790384310874373],[131.05751057510577,30.642824017302686],[130.99270992709927,30.52998379280669],[130.96030960309605,30.39631152686529]]],[[[130.08190081900818,32.22953117406176],[130.0027000270003,32.19481110498607],[129.9918999189992,32.227795170607976],[129.95949959499598,32.243419201692035],[130.01710017100174,32.292027298398],[130.01710017100174,32.31285933984341],[129.97749977499774,32.34584340546532],[130.0207002070021,32.46909965068403],[130.00990009900102,32.52117975429756],[130.16830168301686,32.54201179574298],[130.19710197101972,32.49166769558322],[130.20070200702008,32.34063539510397],[130.08190081900818,32.22953117406176]]],[[[129.2790927909279,34.12351094214068],[129.21429214292147,34.08358286270365],[129.18549185491855,34.1443429835861],[129.21429214292147,34.32141533587213],[129.33669336693367,34.28495926334266],[129.33669336693367,34.23114315627532],[129.2790927909279,34.12351094214068]]],[[[129.3870938709387,34.354399401494035],[129.36549365493659,34.30579130478806],[129.29709297092973,34.33877537040998],[129.2682926829268,34.370023432578094],[129.32949329493294,34.52105573305735],[129.32229322293222,34.580079850486015],[129.32589325893258,34.607855905746575],[129.4518945189452,34.68597606116688],[129.47349473494734,34.672088033536596],[129.48069480694807,34.64951998863741],[129.46989469894697,34.61479991956172],[129.4770947709477,34.54015177104898],[129.37989379893799,34.41689552583027],[129.3870938709387,34.354399401494035]]],[[[128.6670866708667,32.78331627581902],[128.70308703087034,32.75727622401226],[128.7606876068761,32.77290025509632],[128.80748807488078,32.77637226200389],[128.839888398884,32.762484234373616],[128.87948879488795,32.69304409622222],[128.8938889388894,32.651380013331405],[128.82188821888218,32.64617200297005],[128.78948789487896,32.63749198570112],[128.749887498875,32.585411882087584],[128.69228692286924,32.604507920079215],[128.65628656286566,32.6288119684322],[128.64908649086493,32.661796034054106],[128.6670866708667,32.78331627581902]]],[[[130.38070380703806,32.423963560885625],[130.29430294302944,32.41875555052427],[130.2547025470255,32.43090757470077],[130.24030240302403,32.462155636868886],[130.36630366303666,32.52638776465891],[130.459904599046,32.515971743936205],[130.42030420304206,32.45694762650753],[130.38070380703806,32.423963560885625]]],[[[141.0728107281073,45.33288524322745],[141.03321033210335,45.26865311543742],[140.9828098280983,45.36413330539557],[140.97200972009722,45.464821505715065],[141.00081000810007,45.464821505715065],[141.05841058410584,45.449197474631006],[141.06921069210694,45.40058937792506],[141.0728107281073,45.33288524322745]]],[[[141.2960129601296,45.119356818411944],[141.22761227612278,45.1124128045968],[141.14481144811447,45.15407688748763],[141.13401134011343,45.20615699110118],[141.1952119521195,45.247821073992014],[141.25281252812528,45.232197042907956],[141.31041310413104,45.178380935840636],[141.32841328413286,45.15060488058006],[141.2960129601296,45.119356818411944]]],[[[139.4815948159482,42.08135077428901],[139.45999459994601,42.07614276392766],[139.43479434794347,42.08482278119658],[139.41319413194134,42.1594709297093],[139.43119431194316,42.19939900914636],[139.4959949599496,42.22717506440691],[139.55719557195573,42.23585508167582],[139.5067950679507,42.096974805373065],[139.4815948159482,42.08135077428901]]],[[[134.35154351543514,34.48286365707409],[134.33354333543338,34.46376761908246],[134.31554315543156,34.468975629443804],[134.25074250742506,34.423839539645414],[134.23634236342366,34.46723962599003],[134.18954189541898,34.496751684704364],[134.18234182341826,34.519319729603566],[134.32634326343265,34.534943760687625],[134.37314373143732,34.52279173651114],[134.35154351543514,34.48286365707409]]],[[[139.45639456394565,34.725904140603916],[139.44559445594456,34.67903204735174],[139.39159391593915,34.68944806807444],[139.36639366393666,34.72069613024257],[139.36999369993703,34.77624824076368],[139.4275942759428,34.77624824076368],[139.45639456394565,34.725904140603916]]],[[[129.07749077490774,32.84060438979391],[129.05229052290525,32.83018836907121],[129.01989019890198,32.920460548668004],[128.99828998289985,32.95170861083612],[129.03429034290343,32.969068645373966],[129.10989109891102,33.13225297002971],[129.12429124291242,33.06802084223969],[129.15309153091533,33.003788714449655],[129.1818918189182,32.993372693726954],[129.15309153091533,32.94650060047478],[129.10989109891102,32.92914056593692],[129.07749077490774,32.84060438979391]]],[[[129.49149491494916,33.222525149626506],[129.4230942309423,33.17565305637433],[129.3690936909369,33.17565305637433],[129.41589415894163,33.231205166895435],[129.4230942309423,33.25724521870221],[129.4626946269463,33.331893367214946],[129.53829538295383,33.357933419021705],[129.57069570695705,33.36140542592928],[129.50949509495098,33.285021273962755],[129.49149491494916,33.222525149626506]]],[[[129.79749797497976,33.74853419612323],[129.72549725497254,33.7068701132324],[129.6750967509675,33.7398541788543],[129.70029700297005,33.82839035499731],[129.71829718297187,33.857902413711656],[129.77589775897758,33.82839035499731],[129.79749797497976,33.74853419612323]]],[[[132.5767257672577,34.11483092487177],[132.5479254792548,34.07490284543472],[132.46152461524616,34.08705486961121],[132.49752497524975,34.1217749386869],[132.5227252272523,34.16343902157773],[132.54432544325442,34.17211903884666],[132.55872558725588,34.126982949048255],[132.5767257672577,34.11483092487177]]],[[[132.26712267122673,33.94470258640088],[132.3139231392314,33.908246513871404],[132.42912429124294,33.92387054495546],[132.44352443524434,33.91345452423276],[132.41112411124112,33.88047045861086],[132.36072360723608,33.84748639298894],[132.26712267122673,33.87179044134193],[132.20952209522096,33.873526444795715],[132.20232202322023,33.927342551863035],[132.20952209522096,33.94817459330845],[132.26712267122673,33.94470258640088]]],[[[129.71829718297187,31.65665003431286],[129.6858968589686,31.639289999775016],[129.70749707497077,31.717410155195324],[129.78669786697867,31.786850293346703],[129.7938979389794,31.741714203548298],[129.71829718297187,31.65665003431286]]],[[[142.1888218882189,26.61703200797635],[142.1708217082171,26.615296004522563],[142.1060210602106,26.721192215203416],[142.12402124021241,26.726400225564774],[142.160021600216,26.710776194480715],[142.2032220322203,26.648280070144466],[142.1888218882189,26.61703200797635]]],[[[143.82323823238232,44.11768282557827],[143.94923949239495,44.11247481521693],[144.00684006840072,44.1159468221245],[144.10044100441007,44.10205879449421],[144.4820448204482,43.94929049056117],[144.59724597245975,43.93019445256954],[144.7160471604716,43.928458449115766],[144.7988479884799,43.94061047329225],[144.87084870848707,43.982274556183086],[145.10125101251015,44.16629092228425],[145.34245342453426,44.33468325730135],[145.3712537125371,44.32773924348621],[145.3712537125371,44.28086715023403],[145.35325353253535,44.23052305007428],[145.24525245252454,44.07601874268744],[145.12645126451264,43.869434331687074],[145.10125101251015,43.76527412446001],[145.1408514085141,43.66284992068671],[145.21285212852132,43.57778575145127],[145.2740527405274,43.46320952350149],[145.34245342453426,43.30176120229953],[145.4360543605436,43.2826651643079],[145.48645486454865,43.27919315740033],[145.58365583655836,43.327801254106305],[145.67365673656735,43.38856137498877],[145.7528575285753,43.39550538880391],[145.8320583205832,43.385089368081196],[145.7240572405724,43.343425285190364],[145.6232562325623,43.291345181576844],[145.5368553685537,43.19239298471112],[145.50445504455047,43.17503295017326],[145.4036540365404,43.18024096053463],[145.34605346053462,43.17676895362706],[145.23085230852308,43.13510487073623],[145.12645126451264,43.08823277748405],[145.02925029250292,43.03094466350916],[144.9212492124921,43.001432604794815],[144.80604806048063,42.99448859097967],[144.62964629646297,42.947616497727495],[144.51444514445143,42.94414449081992],[144.30204302043023,42.984072570256956],[144.1976419764198,42.97365654953427],[143.97083970839708,42.88164836648369],[143.7620376203762,42.747976100542274],[143.58203582035821,42.5986798035168],[143.4308343083431,42.41813544432321],[143.36963369633696,42.32439125781883],[143.33363333633338,42.220231050591764],[143.32643326433265,42.150790912440385],[143.3120331203312,42.08482278119658],[143.27963279632797,42.0379506879444],[143.23643236432366,41.99975861196114],[143.11043110431103,42.02232665686034],[142.9052290522905,42.117806846818496],[142.50922509225092,42.258423126575025],[142.08802088020883,42.47195155139053],[141.85041850418503,42.57958376552517],[141.40761407614076,42.546599699903254],[140.98640986409868,42.34175129235669],[140.94680946809467,42.35911132689455],[140.78840788407888,42.49972760665108],[140.70920709207093,42.5552797171722],[140.61560615606157,42.57090374825626],[140.5472054720547,42.569167744802456],[140.4788047880479,42.55875172407977],[140.38520385203856,42.48757558247459],[140.34920349203492,42.43549547886104],[140.32400324003243,42.37647136143238],[140.3168031680317,42.33480727854155],[140.3276032760328,42.293143195650714],[140.41760417604178,42.20113501260013],[140.52920529205295,42.131694874448755],[140.57600576005763,42.117806846818496],[140.68400684006843,42.12301485717984],[140.73440734407347,42.116070843364696],[140.9108091080911,41.97719056706194],[141.10881108811088,41.84872631148187],[141.1520115201152,41.805326225137264],[141.08001080010803,41.76019013533886],[141.00081000810007,41.73762209043966],[140.90720907209072,41.74283010080103],[140.81720817208173,41.76019013533886],[140.6588065880659,41.81574224585998],[140.5940059400594,41.7688701526078],[140.48960489604895,41.67165395919585],[140.43200432004323,41.56749375196878],[140.38520385203856,41.51888565526281],[140.27000270002702,41.45638953092657],[140.14760147601476,41.42340546530468],[140.08640086400862,41.43382148602737],[140.03600036000358,41.47374956546443],[140.0108001080011,41.52062165871661],[139.99639996399964,41.5761737692377],[140.02160021600218,41.69595800754885],[140.08280082800832,41.80359022168349],[140.1080010800108,41.912958439271904],[140.05760057600577,42.06746274665872],[140.02520025200255,42.098710808826866],[139.89559895598956,42.190718991877446],[139.83439834398342,42.277519164566655],[139.81999819998202,42.386887382155095],[139.82719827198275,42.44764750303756],[139.85959859598597,42.58131976897894],[139.8919989199892,42.64902390367655],[139.94959949599496,42.67159194857575],[140.01440014400146,42.68547997620604],[140.11520115201154,42.732352069458216],[140.22320223202235,42.79484819379445],[140.3276032760328,42.86602433539963],[140.43200432004323,42.95456051154264],[140.48600486004864,43.05004070150079],[140.3960039600396,43.16808893635812],[140.37800378003783,43.237529074509524],[140.39240392403923,43.30349720575333],[140.48600486004864,43.33821727482902],[140.58320583205835,43.312177223022246],[140.78120781207815,43.21496102961032],[140.8208082080821,43.20628101234138],[140.9540095400954,43.201073001980035],[141.1376113761138,43.18024096053463],[141.24561245612455,43.185448970895976],[141.2960129601296,43.19933699852626],[141.37521375213754,43.27919315740033],[141.41121411214112,43.381617361173625],[141.39681396813967,43.51181762020747],[141.39681396813967,43.64201787924131],[141.4472144721447,43.747914089922176],[141.6020160201602,43.91977843184682],[141.64521645216456,44.01873062871255],[141.65961659616596,44.26350711569617],[141.71721717217173,44.37113932983081],[141.76041760417604,44.48224355087302],[141.78201782017823,44.71660401713393],[141.7208172081721,44.940548462672155],[141.6560165601656,45.051652683714366],[141.58401584015843,45.155812890941434],[141.59481594815952,45.25650109126093],[141.65241652416523,45.34850927431151],[141.65241652416523,45.376285329572056],[141.6668166681667,45.40058937792506],[141.77841778417786,45.41968541591669],[141.8288182881829,45.43878145390832],[141.87921879218794,45.483917543706696],[141.9368193681937,45.50995759551347],[141.98001980019802,45.483917543706696],[142.0160201602016,45.43878145390832],[142.1708217082171,45.32594122941231],[142.41562415624156,45.124564828773316],[142.70362703627035,44.81902822090723],[142.88362883628838,44.669731923881756],[143.07443074430745,44.53432365448657],[143.2868328683287,44.397179381637585],[143.51363513635135,44.27739514332646],[143.65403654036544,44.22184303280534],[143.75843758437588,44.13157085320856],[143.82323823238232,44.11768282557827]]],[[[131.17631176311767,33.60270990600533],[131.30951309513097,33.573197847290984],[131.36711367113674,33.5714618438372],[131.41751417514178,33.5836138680137],[131.50031500315004,33.62354194745075],[131.5831158311583,33.65305400616508],[131.64431644316443,33.63742997508102],[131.69471694716947,33.60270990600533],[131.72351723517238,33.554101809299354],[131.70911709117092,33.50202170568582],[131.61551615516157,33.392653488097395],[131.53631536315362,33.274605253240054],[131.71631716317165,33.25203720834085],[131.89631896318963,33.25377321179464],[131.85311853118532,33.18086106673569],[131.84951849518495,33.11836494239944],[131.90351903519036,33.08711688023132],[131.95031950319503,33.047188800794274],[131.93591935919358,33.0107327282648],[131.91071910719108,32.97427665573532],[132.0079200792008,32.91872454521422],[132.00072000720007,32.88226847268474],[131.97551975519758,32.84407639670148],[131.7307173071731,32.59235589590273],[131.65871658716588,32.46562764377646],[131.6119161191612,32.3250113640199],[131.56511565115653,32.22258716024662],[131.53271532715326,32.116690949565765],[131.5039150391504,32.00211472161598],[131.4607146071461,31.884066486758627],[131.47511475114754,31.778170276077773],[131.4607146071461,31.670538061943134],[131.33831338313382,31.404929533514107],[131.24831248312483,31.41013754387545],[131.14031140311403,31.441385606043582],[131.07191071910722,31.436177595682224],[131.03591035910358,31.377153478253547],[131.09711097110971,31.255633236488634],[130.90270902709028,31.11154494982452],[130.68670686706866,31.01432875641258],[130.6831068310683,31.05946484621097],[130.70470704707049,31.094184915286675],[130.7371073710737,31.12196097054722],[130.7587075870759,31.154945036169124],[130.7911079110791,31.269521264118907],[130.77310773107735,31.382361488614904],[130.70830708307085,31.52644977527902],[130.70470704707049,31.576793875438767],[130.7479074790748,31.597625916884184],[130.78030780307802,31.604569930699327],[130.79470794707947,31.623665968690958],[130.79830798307984,31.670538061943134],[130.7767077670777,31.70699413447261],[130.71550715507158,31.717410155195324],[130.65430654306545,31.719146158649096],[130.6147061470615,31.665330051581776],[130.55710557105573,31.562905847808494],[130.52830528305282,31.460481644035212],[130.5391053910539,31.40319353006032],[130.56430564305646,31.35284942990056],[130.64350643506435,31.26778526066512],[130.62190621906223,31.217441160505373],[130.58950589505895,31.179249084522112],[130.31230312303126,31.266049257211336],[130.25110251102512,31.27299327102648],[130.20070200702008,31.29208930901811],[130.14670146701468,31.408401540421664],[130.26190261902622,31.436177595682224],[130.29430294302944,31.450065623312497],[130.30510305103053,31.488257699295758],[130.32310323103235,31.601097923791755],[130.26910269102694,31.696578113749908],[130.22590225902258,31.72956217937181],[130.18630186301863,31.769490258808858],[130.21150211502118,31.849346417682938],[130.19710197101972,31.950034618002448],[130.19350193501936,32.09065089775899],[130.21510215102154,32.11495494611198],[130.31950319503198,32.142731001372525],[130.39510395103952,32.21911515333905],[130.46350463504638,32.3041793225745],[130.5607056070561,32.45521162305374],[130.639906399064,32.61839594770949],[130.56430564305646,32.62707596497842],[130.49950499504996,32.65658802369275],[130.56790567905682,32.734708179113056],[130.54630546305464,32.831924372524995],[130.4419044190442,32.95170861083612],[130.38070380703806,33.09232489059268],[130.2871028710287,33.15482101492891],[130.23670236702367,33.177389059828116],[130.17550175501754,33.14440499420621],[130.1251012510125,33.104476914769165],[130.17190171901723,33.012468731718585],[130.16830168301686,32.93261257284449],[130.17550175501754,32.851020410516625],[130.22230222302227,32.84754840360905],[130.27990279902798,32.866644441600684],[130.32670326703266,32.85275641397041],[130.3519035190352,32.81109233107958],[130.35910359103593,32.75554022055847],[130.3411034110341,32.70172411349115],[130.2979029790298,32.67568406168438],[130.2439024390244,32.677420065138165],[130.19350193501936,32.70693212385251],[130.15030150301504,32.74859620674333],[130.05310053100533,32.77116425164253],[129.95229952299525,32.72255615493657],[129.85149851498517,32.62186795461706],[129.7686976869769,32.57152385445731],[129.80829808298085,32.64443599951626],[129.82629826298262,32.72602816184414],[129.78669786697867,32.78158027236525],[129.68949689496895,32.8753244588696],[129.66789667896683,32.92914056593692],[129.6606966069661,32.99510869718074],[129.67869678696786,33.05934082497076],[129.77949779497794,32.984692676458025],[129.82989829898298,32.892684493407444],[129.9018990189902,32.85275641397041],[129.9918999189992,32.851020410516625],[129.92349923499233,32.988164683365596],[129.89829898298984,33.022884752441286],[129.79749797497976,33.08364487332375],[129.66429664296646,33.18606907709703],[129.58149581495815,33.23641317725679],[129.61029610296106,33.34404539139143],[129.6606966069661,33.36487743283685],[129.7038970389704,33.35966942247549],[129.84429844298444,33.32147734649223],[129.8586985869859,33.37529345355955],[129.8370983709837,33.40306950882011],[129.82629826298262,33.4377895778958],[129.91989919899203,33.48292566769419],[130.07110071100715,33.52111774367745],[130.10350103501037,33.54021378166908],[130.13230132301322,33.57840585765234],[130.16830168301686,33.59750189564397],[130.27630276302762,33.59750189564397],[130.36630366303666,33.63395796817345],[130.43830438304383,33.73464616849296],[130.45630456304565,33.78846227556028],[130.4851048510485,33.835334368812454],[130.6687066870669,33.91519052768655],[130.71550715507158,33.927342551863035],[130.83790837908379,33.916926531140334],[130.95310953109532,33.87179044134193],[131.0107101071011,33.77631025138378],[131.05751057510577,33.67215004415671],[131.17631176311767,33.60270990600533]]],[[[134.35874358743587,34.2571832080821],[134.4955449554496,34.215519125191264],[134.63594635946362,34.22593514591398],[134.63594635946362,34.043654783266604],[134.65394653946538,33.98289466238414],[134.69354693546939,33.927342551863035],[134.67554675546756,33.84748639298894],[134.74034740347406,33.819710337728395],[134.549545495455,33.7294381581316],[134.3767437674377,33.607917916366674],[134.30474304743046,33.52632575403881],[134.2435424354244,33.439525581349585],[134.20394203942038,33.347517398299004],[134.18234182341826,33.246829197979494],[134.1247412474125,33.28675727741654],[133.9591395913959,33.4482055986185],[133.85473854738547,33.493341688416905],[133.68553685536858,33.51590973331609],[133.63153631536318,33.51070172295475],[133.28593285932862,33.35966942247549],[133.23913239132395,33.250301204887066],[133.14553145531454,33.08364487332375],[133.10233102331023,33.02809276280264],[133.0519305193052,33.012468731718585],[133.0159301593016,32.984692676458025],[132.97632976329766,32.842340393247696],[132.86832868328685,32.75380421710469],[132.80352803528035,32.7520682136509],[132.69192691926918,32.77637226200389],[132.64152641526414,32.762484234373616],[132.709927099271,32.90310051413016],[132.6019260192602,32.91872454521422],[132.49392493924938,32.91698854176043],[132.49392493924938,33.00726072135723],[132.42912429124294,33.05934082497076],[132.47592475924762,33.12704495966837],[132.47592475924762,33.18086106673569],[132.50472504725047,33.212109128903805],[132.51552515525157,33.25550921524842],[132.5119251192512,33.293701291231685],[132.4471244712447,33.304117311954386],[132.4039240392404,33.331893367214946],[132.41112411124112,33.430845564080656],[132.37512375123754,33.43431757098823],[132.2815228152282,33.41695753645038],[132.0871208712087,33.34057338448386],[132.03312033120335,33.34057338448386],[132.1159211592116,33.39438949155118],[132.28872288722886,33.46903764006392],[132.36432364323645,33.512437726408535],[132.53712537125375,33.63222196471966],[132.64152641526414,33.68951007869455],[132.6991269912699,33.790198279014064],[132.71712717127173,33.8526944033503],[132.7531275312753,33.90651051041762],[132.7855278552786,33.99157467965307],[132.839528395284,34.0210867383674],[132.9367293672937,34.09573488688014],[132.9907299072991,34.088790873064994],[133.0519305193052,33.99678269001441],[133.1347313473135,33.927342551863035],[133.19233192331922,33.93255056222439],[133.30033300333002,33.96900663475387],[133.35073350733506,33.97768665202278],[133.47313473134733,33.97247864166144],[133.58113581135814,34.01761473145983],[133.6279362793628,34.06969483507336],[133.64233642336427,34.1339269628634],[133.60273602736027,34.243295180451824],[133.65673656736567,34.23287915972911],[133.7071370713707,34.238087170090466],[133.8259382593826,34.307527308241845],[133.94833948339482,34.34745538767889],[134.07434074340745,34.35787140840161],[134.21834218342184,34.319679332418346],[134.35874358743587,34.2571832080821]]],[[[141.22761227612278,41.373061365144906],[141.26721267212673,41.353965327153276],[141.45441454414544,41.40430942731305],[141.41841418414185,41.25154112338001],[141.40041400414003,41.097036815993164],[141.4148141481415,40.84010830483305],[141.42921429214294,40.7237960734295],[141.46161461614616,40.610955848933514],[141.54081540815412,40.53109969005942],[141.64521645216456,40.47381157608453],[141.79641796417962,40.29153121343714],[141.87921879218794,40.067586767898945],[141.9368193681937,39.958218550310534],[141.97641976419766,39.84364232236075],[141.99081990819911,39.7915622187472],[141.99081990819911,39.739482115133654],[141.98001980019802,39.668305973528504],[141.99441994419948,39.61101785955361],[141.97641976419766,39.42873749690622],[141.9080190801908,39.218681078998316],[141.90081900819007,39.111048864863676],[141.84321843218436,39.090216823418245],[141.80721807218072,39.0398727232585],[141.7748177481775,39.017304678359295],[141.74241742417428,38.999944643821465],[141.69201692016924,38.99473663346009],[141.65961659616596,38.97564059546846],[141.64521645216456,38.91835248149357],[141.62361623616238,38.86453637442625],[141.58041580415806,38.8159282777203],[141.5480154801548,38.76211217065298],[141.51921519215193,38.63191191161914],[141.50841508415084,38.49823964567773],[141.4688146881469,38.40449545917335],[141.3680136801368,38.38019141082037],[141.25281252812528,38.38192741427417],[141.10881108811088,38.33852732792954],[141.07641076410766,38.312487276122766],[140.96120961209613,38.149302951467035],[140.9288092880929,38.05208675805511],[140.9288092880929,37.949662554281815],[140.96120961209613,37.822934302155545],[141.00441004410044,37.69794205348305],[141.03681036810372,37.46705359412971],[141.00081000810007,37.114644893011445],[140.96840968409686,37.00180466851545],[140.89640896408963,36.925420516548925],[140.83880838808392,36.890700447473236],[140.7920079200792,36.84730036112863],[140.7308073080731,36.73272413317885],[140.62640626406267,36.50357167727928],[140.61920619206194,36.44454755985062],[140.61920619206194,36.38552344242194],[140.59040590405903,36.307403287001634],[140.57240572405726,36.23101913503511],[140.59040590405903,36.1424829588921],[140.6228062280623,36.05915479311045],[140.75960759607597,35.845626368294944],[140.81360813608137,35.78313024395871],[140.8748087480875,35.72410612653003],[140.64080640806407,35.66161000219378],[140.59760597605975,35.63209794347945],[140.45720457204573,35.51057770171454],[140.4140041400414,35.39426547031097],[140.41760417604178,35.2675372181847],[140.39240392403923,35.22066512493251],[140.35640356403565,35.180737045495476],[140.31320313203133,35.1546969936887],[140.15840158401585,35.095672876260025],[140.05760057600577,35.03838476228513],[139.96039960399605,34.94811258268834],[139.9207992079921,34.899504485982376],[139.84519845198452,34.915128517066435],[139.79839798397984,34.95679259995727],[139.84159841598415,35.01060870702459],[139.83079830798312,35.07136882790705],[139.85239852398524,35.23281714910901],[139.82719827198275,35.29704927689903],[139.90639906399065,35.34565737360501],[139.94239942399423,35.4237775290253],[140.0288002880029,35.484537649907764],[140.08640086400862,35.54008976042887],[140.09720097200972,35.585225850227275],[140.0432004320043,35.63383394693324],[139.9891998919989,35.668554016008926],[139.909999099991,35.668554016008926],[139.83439834398342,35.658137995286225],[139.78759787597875,35.611265902034035],[139.76959769597698,35.5487697776978],[139.77319773197735,35.52099372243724],[139.76599765997662,35.49495367063048],[139.65079650796508,35.40988950139503],[139.66519665196654,35.31961732179823],[139.70119701197012,35.27448123199984],[139.74439744397444,35.25191318710064],[139.72999729997304,35.222401128386295],[139.67599675996763,35.149488983327345],[139.63639636396363,35.142544969512215],[139.56439564395646,35.24323316983171],[139.47439474394747,35.29878528035282],[139.3627936279363,35.29878528035282],[139.25119251192513,35.2779532389074],[139.16119161191614,35.21024910420981],[139.13239132391323,35.1546969936887],[139.11439114391146,35.09740887971381],[139.1215912159122,34.95679259995727],[139.08559085590855,34.83874436509991],[139.01719017190175,34.73632016132663],[138.9811898118981,34.69812808534337],[138.89838898388984,34.62868794719199],[138.8371883718837,34.62000792992306],[138.7939879398794,34.651255992091194],[138.76158761587618,34.699864088797156],[138.8047880478805,34.87520043762939],[138.80118801188013,34.97415263449511],[138.9019890198902,35.02449673465486],[138.81918819188195,35.095672876260025],[138.71838718387187,35.123448931520585],[138.57798577985778,35.08699285899111],[138.53838538385384,35.04359277264649],[138.50958509585098,34.9863046586716],[138.4339843398434,34.915128517066435],[138.34758347583477,34.84742438236884],[138.25398253982542,34.73284815441906],[138.18918189181892,34.59570388157009],[137.98037980379803,34.64083997136848],[137.86517865178655,34.651255992091194],[137.749977499775,34.64778398518362],[137.5447754477545,34.66340801626768],[137.31797317973184,34.63563196100712],[137.06237062370627,34.58355185739359],[137.07677076770767,34.62174393337685],[137.28917289172892,34.70333609570473],[137.29637296372965,34.7276401440577],[137.27477274772747,34.772776233856106],[137.22437224372243,34.77451223730989],[137.09837098370986,34.75888820622583],[137.03357033570336,34.76583222004096],[137.0047700477005,34.81444031674694],[136.9615696156962,34.835272358192356],[136.93636936369364,34.81444031674694],[136.94356943569437,34.72069613024257],[136.91116911169115,34.70854410606607],[136.87156871568715,34.73284815441906],[136.8859688596886,34.80576029947801],[136.85716857168575,34.91165651015886],[136.85356853568538,34.97936064485647],[136.8967689676897,35.034912755377576],[136.85356853568538,35.05921680373055],[136.80316803168034,35.050536786461635],[136.7419674196742,35.022760731201075],[136.69156691566917,34.984568655217814],[136.57636576365763,34.79013626839395],[136.53316533165332,34.67903204735174],[136.61596615966158,34.588759867754945],[136.8427684276843,34.46376761908246],[136.87876878768787,34.434255560368115],[136.88236882368824,34.380439453300795],[136.85356853568538,34.32488734277969],[136.79236792367925,34.29884729097293],[136.54396543965441,34.2571832080821],[136.33156331563316,34.177327049208],[136.26676266762667,34.09573488688014],[136.07236072360723,33.77804625483756],[135.91755917559175,33.5610458231145],[135.69435694356946,33.48639767460176],[135.45315453154535,33.554101809299354],[135.39555395553958,33.62874995781209],[135.34515345153454,33.72249414431646],[135.25515255152555,33.80582231009812],[135.1759517595176,33.8978304931487],[135.12915129151293,34.00719871073713],[135.13635136351365,34.18253505956936],[135.10035100351007,34.288431270250214],[135.1327513275133,34.316207325510774],[135.2659526595266,34.380439453300795],[135.3091530915309,34.41689552583027],[135.3847538475385,34.500223691611936],[135.41355413554135,34.54709578486411],[135.4171541715417,34.618271926469276],[135.35595355953558,34.65472799899875],[135.1975519755198,34.652991995544966],[135.0427504275043,34.63042395064578],[134.93114931149313,34.661672012813895],[134.78354783547837,34.74673618204933],[134.74034740347406,34.76583222004096],[134.58554585545858,34.77104023040232],[134.4739447394474,34.75541619931826],[134.36234362343623,34.724168137150144],[134.24714247142475,34.71375211642743],[134.20754207542075,34.69812808534337],[134.07434074340745,34.5939678781163],[133.969939699397,34.52799974687248],[133.87633876338765,34.49501568125058],[133.67833678336785,34.48633566398166],[133.57753577535777,34.46550362253625],[133.47313473134733,34.43078355346056],[133.44433444334442,34.43251955691433],[133.33633336333367,34.38564746366215],[133.21033210332104,34.34398338077132],[133.14193141931423,34.3023192978805],[133.01953019530197,34.33009535314105],[132.7747277472775,34.25544720462831],[132.6559265592656,34.246767187359396],[132.5335253352534,34.28669526679643],[132.42192421924221,34.35266339804025],[132.3139231392314,34.32488734277969],[132.23832238322382,34.227671149367765],[132.20232202322023,34.0315027590901],[132.15912159121592,33.94470258640088],[132.14472144721447,33.838806375720026],[132.09072090720906,33.85616641025787],[131.76311763117633,34.04539078672039],[131.74151741517414,34.05233480053552],[131.47511475114754,34.019350734913615],[131.40671406714068,34.00372670382956],[131.32391323913242,33.965534627846296],[131.23391233912338,33.94817459330845],[131.15111151111512,33.975950648569],[131.07191071910722,34.0210867383674],[130.99630996309963,34.00719871073713],[130.91710917109174,33.975950648569],[130.88830888308883,34.262391218443454],[130.90270902709028,34.29884729097293],[130.95310953109532,34.34919139113268],[131.00351003510036,34.392591477477296],[131.1331113311133,34.408215508561355],[131.2627126271263,34.392591477477296],[131.35271352713528,34.41342351892271],[131.43191431914317,34.468975629443804],[131.5147151471515,34.550567791771684],[131.60831608316084,34.61479991956172],[131.73431734317342,34.66688002317525],[131.85671856718568,34.725904140603916],[131.9647196471965,34.80923230638558],[132.06552065520657,34.899504485982376],[132.15912159121592,34.96720862067997],[132.259922599226,35.022760731201075],[132.4147241472415,35.15643299714249],[132.619926199262,35.30746529762175],[132.6991269912699,35.41856951866396],[132.74592745927458,35.449817580832075],[132.92232922329225,35.51057770171454],[133.15633156331563,35.5591857984205],[133.2679326793268,35.55571379151293],[133.3759337593376,35.458497598101005],[133.43713437134375,35.47238562573128],[133.49473494734946,35.49668967408425],[133.61713617136172,35.51057770171454],[133.739537395374,35.49495367063048],[133.8619386193862,35.49495367063048],[133.9807398073981,35.50710569480697],[134.21474214742148,35.54008976042887],[134.33714337143374,35.57828183641213],[134.45594455944558,35.62862593657188],[134.8807488074881,35.66334600564757],[135.1759517595176,35.746674171429234],[135.2191521915219,35.741466161067876],[135.2659526595266,35.722370123076246],[135.26955269552695,35.65987399874001],[135.23355233552337,35.592169864042404],[135.26955269552695,35.55050578115157],[135.32715327153272,35.5262017327986],[135.6007560075601,35.51752171552967],[135.679956799568,35.503633687899395],[135.79515795157954,35.5487697776978],[135.90315903159035,35.60605789167268],[136.01476014760146,35.6824420436392],[136.09396093960942,35.76750621287465],[136.0219602196022,35.873402423555504],[136.0075600756008,35.98971465495907],[136.06876068760687,36.11644290708534],[136.15516155161555,36.22407512121998],[136.2631626316263,36.28830724901],[136.36036360363607,36.361219394068954],[136.5547655476555,36.57127581197689],[136.6987669876699,36.74140415044778],[136.74916749167494,36.9514605683557],[136.72036720367203,37.19797305879311],[136.8427684276843,37.38198942489427],[136.9615696156962,37.41323748706239],[137.19917199171994,37.498301656297826],[137.32157321573214,37.522605704650815],[137.33957339573396,37.48614963212134],[137.3359733597336,37.43754153541538],[137.15237152371526,37.28303722802855],[137.04437044370445,37.2205411036923],[136.98316983169832,37.199709062246896],[136.92556925569255,37.171933006986336],[136.90036900369006,37.118116899919016],[136.9939699396994,37.026108716868436],[137.0191701917019,36.96014058562463],[137.01197011970123,36.895908457834594],[137.0155701557016,36.836884340405916],[137.12357123571235,36.77438821606968],[137.2459724597246,36.753556174624265],[137.29637296372965,36.753556174624265],[137.34317343173433,36.77091620916211],[137.48357483574836,36.925420516548925],[137.51237512375127,36.9514605683557],[137.91197911979123,37.0643007928517],[138.10998109981102,37.15110096554092],[138.21798217982183,37.17366901044012],[138.3187831878319,37.21880510023851],[138.54918549185493,37.39240544561697],[138.6319863198632,37.47226160449107],[138.70758707587078,37.560797780634076],[138.77238772387727,37.66322198440736],[138.81918819188195,37.77432620544957],[138.8839888398884,37.84376634360095],[139.24759247592476,38.00868667171048],[139.3627936279363,38.09895885130729],[139.40239402394025,38.14235893765189],[139.44559445594456,38.26908718977816],[139.47799477994784,38.399287448812004],[139.52119521195215,38.5017116525853],[139.57879578795792,38.598927845997224],[139.6579965799658,38.69788004286295],[139.7479974799748,38.78815222245973],[139.8019980199802,38.88189640896411],[139.8775987759878,39.10410485104853],[139.91359913599138,39.229097099721],[139.93879938799387,39.272497186065635],[139.97839978399787,39.310689262048896],[140.0108001080011,39.35756135530107],[140.03600036000358,39.41137746236839],[140.04680046800468,39.46345756598194],[140.0648006480065,39.6249058871839],[140.0540005400054,39.74989813585637],[139.99639996399964,39.85579434653724],[139.9459994599946,39.88530640525158],[139.8919989199892,39.887042408705355],[139.80919809198093,39.87836239143644],[139.74079740797407,39.92002647432727],[139.75519755197553,39.958218550310534],[139.82719827198275,39.96516256412565],[139.87399873998743,39.98599460557108],[139.90639906399065,40.02245067810054],[139.97119971199714,40.13702690605032],[140.0108001080011,40.26028315126902],[140.01440014400146,40.31409925833634],[139.96399963999642,40.414787458655866],[139.92439924399247,40.53457169696699],[139.92439924399247,40.59880382475703],[139.96759967599678,40.67345197326975],[140.0288002880029,40.73247609069841],[140.08640086400862,40.74810012178247],[140.14760147601476,40.75157212869004],[140.20160201602016,40.774140173589245],[140.2520025200252,40.808860242664935],[140.2808028080281,40.845316315194424],[140.3276032760328,40.94774051896772],[140.3420034200342,41.00502863294258],[140.3168031680317,41.1612689437832],[140.34560345603455,41.20293302667403],[140.38520385203856,41.228973078480806],[140.44280442804427,41.209877040489175],[140.49680496804967,41.2064050335816],[140.56520565205653,41.21161304394295],[140.62640626406267,41.19598901285889],[140.64080640806407,41.156060933421855],[140.68040680406807,40.8939244119004],[140.7020070200702,40.85746833937091],[140.74880748807487,40.829692284110365],[140.79920799207991,40.83490029447171],[140.8460084600846,40.87482837390877],[140.8748087480875,40.93038048442986],[140.93600936009364,40.940796505152576],[141.11961119611198,40.881772387723885],[141.18441184411847,40.92343647061472],[141.22401224012242,40.98766859840475],[141.26361263612637,41.102244826354536],[141.24561245612455,41.2064050335816],[141.19881198811987,41.242861106111064],[141.15561155611556,41.23591709229595],[141.1160111601116,41.208141037035375],[141.06921069210694,41.192517005951316],[140.79920799207991,41.138700898884],[140.80280802808028,41.25327712683378],[140.86040860408605,41.425141468758454],[140.89280892808927,41.478957575825774],[140.93600936009364,41.50499762763255],[141.05121051210511,41.4754855689182],[141.10521105211052,41.45638953092657],[141.22761227612278,41.373061365144906]]],[[[124.2930429304293,24.51646782889705],[124.23544235442358,24.35849151460266],[124.18504185041854,24.33592346970346],[124.1346413464135,24.34807549387996],[124.08424084240846,24.43661167002297],[124.12024120241205,24.469595735644873],[124.17064170641709,24.45223570110703],[124.21024210242103,24.459179714922172],[124.30024300243002,24.587643970502214],[124.32544325443257,24.56681192905681],[124.2930429304293,24.51646782889705]]],[[[123.88983889838897,24.280371359182354],[123.82503825038253,24.26648333155208],[123.74943749437494,24.283843366089926],[123.68103681036814,24.287315372997497],[123.68103681036814,24.318563435165615],[123.75303753037531,24.34807549387996],[123.75303753037531,24.391475580224565],[123.77103771037713,24.414043625123767],[123.93663936639365,24.361963521510233],[123.92943929439298,24.323771445526972],[123.88983889838897,24.280371359182354]]],[[[125.44505445054449,24.74388428134283],[125.35865358653587,24.717844229536055],[125.26865268652688,24.731732257166342],[125.28305283052833,24.872348536922885],[125.31545315453155,24.853252498931255],[125.33345333453337,24.804644402225293],[125.40185401854018,24.776868346964733],[125.44505445054449,24.74388428134283]]],[[[128.26028260282607,26.653488080505824],[128.1630816308163,26.606615987253633],[128.1270812708127,26.552799880186313],[128.03708037080372,26.533703842194683],[127.9506795067951,26.457319690228175],[127.86787867878678,26.441695659144102],[127.86787867878678,26.380935538261653],[127.90387903879042,26.32885543464812],[127.84987849878502,26.318439413925404],[127.78867788677888,26.255943289589155],[127.78507785077852,26.20907119633698],[127.8066780667807,26.170879120353717],[127.80307803078034,26.151783082362087],[127.73107731077312,26.097966975294767],[127.65187651876522,26.094494968387195],[127.64827648276486,26.15525508926966],[127.65547655476558,26.198655175614277],[127.72747727477275,26.308023393202703],[127.72747727477275,26.434751645328973],[127.79587795877961,26.448639672959246],[127.8210782107821,26.46599970749709],[127.92547925479255,26.556271887093885],[127.94707947079473,26.594463963077146],[127.88947889478897,26.63092003560662],[127.89307893078933,26.67432012195124],[127.90747907479079,26.69341615994287],[127.99387993879941,26.679528132312583],[128.029880298803,26.64654406669068],[128.0478804788048,26.64307205978311],[128.09828098280985,26.667376108136096],[128.11988119881198,26.710776194480715],[128.2170821708217,26.79757636716994],[128.2566825668257,26.882640536405376],[128.33228332283323,26.81146439480021],[128.3106831068311,26.721192215203416],[128.26028260282607,26.653488080505824]]],[[[128.99828998289985,27.721130204583318],[128.95508955089554,27.702034166591687],[128.90108901089013,27.728074218398447],[128.8830888308883,27.84265044634823],[128.90828908289086,27.898202556869336],[128.95148951489517,27.910354581045823],[128.99108991089912,27.811402384180113],[129.0162901629016,27.76973830128928],[128.99828998289985,27.721130204583318]]],[[[129.4518945189452,28.208947175096768],[129.36549365493659,28.127355012768888],[129.27549275492754,28.200267157827838],[129.16389163891643,28.2506112579876],[129.21789217892177,28.262763282164087],[129.24669246692469,28.281859320155718],[129.25029250292505,28.313107382323835],[129.32229322293222,28.359979475576026],[129.46629466294667,28.394699544651715],[129.50949509495098,28.398171551559287],[129.55989559895602,28.43115561718119],[129.57789577895778,28.46066767589552],[129.59949599495997,28.47629170697958],[129.68949689496895,28.517955789870413],[129.7146971469715,28.46934769316445],[129.71109711097114,28.432891620634976],[129.64269642696428,28.41205957918956],[129.57429574295742,28.36171547902981],[129.51309513095134,28.299219354693562],[129.45549455494557,28.27317930288679],[129.43749437494375,28.254083264895158],[129.4518945189452,28.208947175096768]]],[[[129.32229322293222,28.1047869678697],[129.32949329493294,28.082218922970497],[129.23229232292323,28.101314960962128],[129.19269192691928,28.19332314401271],[129.25749257492578,28.175963109474864],[129.2790927909279,28.144715047306732],[129.32229322293222,28.1047869678697]]],[[[139.84159841598415,33.0558688180632],[139.8235982359824,33.04545279734049],[139.7767977679777,33.07843686296239],[139.76959769597698,33.10794892167674],[139.7767977679777,33.12530895621458],[139.80919809198093,33.12878096312215],[139.87399873998743,33.09406089404645],[139.84159841598415,33.0558688180632]]]]}},{"type":"Feature","id":"376","properties":{"name":"Israel","code":"IL","label":[34.99974081606207,31.451622981312703]},"geometry":{"type":"MultiPolygon","coordinates":[[[[35.86895868958689,33.43258156753444],[35.8509585095851,33.37008544319819],[35.83655836558367,33.33015736376116],[35.83655836558367,33.27807726014761],[35.858158581585826,33.250301204887066],[35.88695886958871,33.193013090912174],[35.9049590495905,33.13572497693728],[35.86895868958689,33.08885288368511],[35.872558725587254,33.03850878352536],[35.883358833588346,32.99858070408831],[35.91215912159123,32.949972607382335],[35.858158581585826,32.86317243469311],[35.80055800558006,32.78158027236525],[35.78615786157863,32.734708179113056],[35.73575735757359,32.7295001687517],[35.60975609756099,32.68262807549952],[35.59535595355953,32.66874004786925],[35.57375573755738,32.64096399260869],[35.57015570155701,32.62013195116327],[35.55215552155522,32.39618750562508],[35.48375483754839,32.40139551598642],[35.4009540095401,32.4500036126924],[35.38655386553867,32.493403699037],[35.36135361353615,32.507291726667276],[35.303753037530385,32.512499737028634],[35.19215192151921,32.535067781927836],[35.06615066150661,32.4604196334151],[35.012150121501236,32.33889939165019],[34.99774997749978,32.281611277675296],[34.95454954549547,32.16009103591037],[34.97254972549726,32.08717889085142],[34.97974979749799,31.99169870089328],[34.99054990549905,31.913578545472973],[34.97974979749799,31.866706452220782],[34.95454954549547,31.840666400414023],[34.961749617496196,31.823306365876178],[34.98334983349835,31.816362352061034],[35.051750517505184,31.83719439350645],[35.127351273512744,31.816362352061034],[35.19935199351994,31.776434272623987],[35.202952029520304,31.750394220817228],[35.152551525515264,31.73477018973317],[35.03375033750339,31.674010068850706],[34.9509495094951,31.60283392724554],[34.92934929349295,31.53686579600172],[34.87174871748718,31.396249516245177],[34.87894878948791,31.36847346098463],[34.90774907749079,31.351113426446787],[35.102151021510224,31.366737457530846],[35.2749527495275,31.42228956805195],[35.40815408154083,31.4830496889344],[35.45135451354514,31.479577682026843],[35.42255422554226,31.325073374640013],[35.4009540095401,31.231329188135646],[35.40815408154083,31.2139691535978],[35.44055440554408,31.132376991269922],[35.38295382953831,30.983080694244464],[35.32175321753218,30.85982444902575],[35.296552965529656,30.80253633505086],[35.23535235352355,30.674072079470804],[35.17415174151742,30.524775782445346],[35.14175141751417,30.420615575218264],[35.1489514895149,30.38415950268879],[35.13095130951311,30.194935126226284],[35.14175141751417,30.141119019158964],[35.069750697506976,29.977934694503205],[35.051750517505184,29.89634253217534],[35.0229502295023,29.786974314586914],[34.97254972549726,29.55434985177979],[34.90414904149043,29.477965699813268],[34.868148681486815,29.56476587250249],[34.792547925479255,29.811278362939902],[34.734947349473515,29.981406701410776],[34.659346593465955,30.191463119318712],[34.52974529745299,30.446655627025038],[34.5189451894519,30.5074157479075],[34.490144901449014,30.59595192405051],[34.400144001440026,30.828576386857634],[34.32814328143283,30.99523271842095],[34.24534245342454,31.208761143236444],[34.349743497434986,31.29208930901811],[34.349743497434986,31.363265450623274],[34.526145261452626,31.52644977527902],[34.52254522545226,31.542073806363078],[34.475744757447586,31.585473892707697],[34.482944829448314,31.592417906522826],[34.67734677346775,31.896218510935128],[34.80334803348035,32.196547108439844],[34.92214922149222,32.61492394080193],[35.00495004950051,32.82671636216364],[35.076950769507704,32.96733264192018],[35.10935109351095,33.08364487332375],[35.22455224552246,33.09232489059268],[35.30735307353075,33.08017286641618],[35.41175411754119,33.074964856054834],[35.49455494554945,33.120100945853224],[35.53415534155343,33.250301204887066],[35.580955809558105,33.27113324633248],[35.60255602556026,33.239885184164365],[35.62775627756278,33.274605253240054],[35.73575735757359,33.331893367214946],[35.78615786157863,33.37008544319819],[35.840158401584034,33.4152215329966],[35.86895868958689,33.43258156753444]]]]}},{"type":"Feature","id":"275","properties":{"name":"Palestine","code":"PS","label":[35.19516603295362,31.915030258150686]},"geometry":{"type":"MultiPolygon","coordinates":[[[[34.475744757447586,31.585473892707697],[34.52254522545226,31.542073806363078],[34.526145261452626,31.52644977527902],[34.349743497434986,31.363265450623274],[34.349743497434986,31.29208930901811],[34.24534245342454,31.208761143236444],[34.21294212942129,31.29208930901811],[34.198541985419865,31.323337371186227],[34.38574385743857,31.4830496889344],[34.475744757447586,31.585473892707697]]],[[[35.55215552155522,32.39618750562508],[35.57375573755738,32.23821119133068],[35.53415534155343,32.10280292193549],[35.530555305553065,31.984754687078137],[35.55935559355595,31.766018251901286],[35.49815498154982,31.67227406539692],[35.4657546575466,31.562905847808494],[35.45135451354514,31.479577682026843],[35.40815408154083,31.4830496889344],[35.2749527495275,31.42228956805195],[35.102151021510224,31.366737457530846],[34.90774907749079,31.351113426446787],[34.87894878948791,31.36847346098463],[34.87174871748718,31.396249516245177],[34.92934929349295,31.53686579600172],[34.9509495094951,31.60283392724554],[35.03375033750339,31.674010068850706],[35.152551525515264,31.73477018973317],[35.202952029520304,31.750394220817228],[35.19935199351994,31.776434272623987],[35.127351273512744,31.816362352061034],[35.051750517505184,31.83719439350645],[34.98334983349835,31.816362352061034],[34.961749617496196,31.823306365876178],[34.95454954549547,31.840666400414023],[34.97974979749799,31.866706452220782],[34.99054990549905,31.913578545472973],[34.97974979749799,31.99169870089328],[34.97254972549726,32.08717889085142],[34.95454954549547,32.16009103591037],[34.99774997749978,32.281611277675296],[35.012150121501236,32.33889939165019],[35.06615066150661,32.4604196334151],[35.19215192151921,32.535067781927836],[35.303753037530385,32.512499737028634],[35.36135361353615,32.507291726667276],[35.38655386553867,32.493403699037],[35.4009540095401,32.4500036126924],[35.48375483754839,32.40139551598642],[35.55215552155522,32.39618750562508]]]]}},{"type":"Feature","id":"368","properties":{"name":"Iraq","code":"IQ","label":[43.77374821115739,33.00958211428088]},"geometry":{"type":"MultiPolygon","coordinates":[[[[42.35982359823598,37.10943688265009],[42.45702457024572,37.12853292064172],[42.6370263702637,37.250053162406644],[42.74142741427414,37.361157383448855],[42.77382773827739,37.371573404171556],[42.86742867428674,37.33511733164208],[42.9358293582936,37.32470131091938],[43.09423094230942,37.368101397263985],[43.18423184231844,37.3455333523648],[43.263432634326364,37.31602129365045],[43.306633066330676,37.314285290196665],[43.515435154351565,37.244845152045286],[43.56943569435694,37.23616513477637],[43.67743677436775,37.22748511750744],[43.8358383583836,37.22401311059987],[43.94023940239404,37.269149200398275],[44.01224012240124,37.314285290196665],[44.06624066240664,37.31254928674288],[44.11304113041132,37.30213326602018],[44.15624156241563,37.28303722802855],[44.19224192241924,37.250053162406644],[44.20664206642067,37.203181069154454],[44.203042030420306,37.05214876867521],[44.21744217442176,37.01222068923816],[44.24624246242462,36.98270863052382],[44.28224282242823,36.97750062016247],[44.32544325443254,37.01048468578438],[44.4010440104401,37.05909278249034],[44.49464494644948,37.11117288610387],[44.56664566645668,37.15804497935606],[44.60624606246063,37.17540501389391],[44.671046710467124,37.17366901044012],[44.73224732247323,37.16498899317119],[44.764647646476476,37.142420948272004],[44.764647646476476,37.13547693445686],[44.797047970479724,37.0643007928517],[44.879848798487984,36.798692264422655],[44.92664926649266,36.76570819880075],[44.980649806498064,36.737932143540206],[45.02025020250204,36.69800406410316],[45.03465034650347,36.65807598466611],[45.031050310503105,36.59731586378365],[45.031050310503105,36.526139722178485],[45.05265052650526,36.472323615111165],[45.08505085050851,36.43065953222033],[45.11385113851139,36.40982749077493],[45.157051570515705,36.408091487321144],[45.207452074520745,36.39767546659843],[45.23985239852399,36.35601138370761],[45.351453514535166,36.053946782749094],[45.36225362253623,36.01575470676583],[45.409054090540906,36.003602682589346],[45.484654846548466,36.00881069295069],[45.560255602556026,35.97756263078257],[45.64665646656468,35.92895453407661],[45.72225722257224,35.83694635102603],[45.77625776257764,35.82132231994197],[45.94185941859419,35.83521034757224],[46.16866168661687,35.82132231994197],[46.273062730627316,35.772714223235994],[46.262262622626224,35.74493816797545],[46.179461794617964,35.711954102353545],[46.03906039060391,35.673762026370284],[45.995859958599596,35.60779389512646],[45.970659706597075,35.52446572934481],[45.97425974259744,35.47759363609262],[46.01026010260102,35.42551353247909],[46.111061110611104,35.32135332525202],[46.11826118261183,35.284897252722544],[46.136261362613624,35.23281714910901],[46.154261542615444,35.196361076579535],[46.13266132661329,35.12692093842816],[46.04266042660427,35.080048845175966],[45.920259202592035,35.02796874156243],[45.67905679056793,34.798816285662866],[45.661056610566106,34.74847218550312],[45.661056610566106,34.61306391610793],[45.635856358563586,34.573135836670886],[45.560255602556026,34.57487184012467],[45.49905499054992,34.5818158539398],[45.49905499054992,34.53320775723384],[45.459454594545946,34.47071163289759],[45.43785437854379,34.415159522376484],[45.527855278552806,34.28495926334266],[45.542255422554234,34.215519125191264],[45.527855278552806,34.15302300085503],[45.44505445054452,34.043654783266604],[45.39825398253984,33.97074263820765],[45.409054090540906,33.955118607123595],[45.4738547385474,33.92560654840925],[45.67545675456756,33.68603807178698],[45.73665736657367,33.60270990600533],[45.82305823058232,33.62527795090453],[45.85545855458557,33.62354194745075],[45.88065880658809,33.60965391982046],[45.895058950589515,33.581877864559914],[45.895058950589515,33.54542179203044],[45.87345873458736,33.49160568496312],[45.98145981459817,33.4707736435177],[46.021060210602116,33.4152215329966],[46.147061470614716,33.22946916344165],[46.13986139861399,33.173917052920544],[46.08226082260825,33.08711688023132],[46.08226082260825,33.02809276280264],[46.09306093060931,32.97601265918911],[46.111061110611104,32.95691662119748],[46.298262982629836,32.949972607382335],[46.37746377463776,32.92914056593692],[46.56826568265683,32.83366037597878],[46.78786787867878,32.68783608586088],[46.967869678696786,32.56805184754974],[47.12267122671227,32.46736364723024],[47.28467284672848,32.47430766104537],[47.33147331473316,32.45521162305374],[47.37107371073711,32.423963560885625],[47.41787417874178,32.34063539510397],[47.511475114751164,32.151411018641454],[47.59067590675909,32.08717889085142],[47.713077130771325,31.936146590372175],[47.82827828278283,31.793794307161832],[47.75267752677527,31.601097923791755],[47.680676806768076,31.39972152315275],[47.680676806768076,31.14105700853885],[47.680676806768076,31.002176732236094],[47.83547835478356,30.996968721874737],[48.0118801188012,30.990024708059593],[48.0118801188012,30.823368376496276],[48.0118801188012,30.65671204493296],[48.015480154801566,30.46575166501667],[48.065880658806606,30.45707164774774],[48.148681486814866,30.417143568310706],[48.181081810818114,30.354647443974457],[48.22788227882279,30.321663378352554],[48.27828278282783,30.316455367991196],[48.332283322833234,30.28520730582308],[48.382683826838274,30.229655195301973],[48.400684006840066,30.18799111241114],[48.38628386283864,30.160215057150594],[48.39708397083973,30.109870956990832],[48.433084330843315,30.036958811931882],[48.47988479884799,30.00397474630998],[48.54468544685449,29.962310663419146],[48.45468454684547,29.938006615066172],[48.35388353883539,29.957102653057802],[48.141481414814166,30.040430818839454],[48.073080730807305,30.043902825747026],[47.98307983079832,30.010918760125122],[47.97947979479795,29.983142704864562],[47.75267752677527,30.07688689136893],[47.67347673476735,30.09598292936056],[47.644676446764464,30.097718932814345],[47.51507515075153,30.09598292936056],[47.33147331473316,30.0803588982765],[47.22347223472235,30.04216682229324],[47.14787147871479,30.000502739402407],[47.11547115471154,29.96057465996536],[47.101071010710115,29.939742618519958],[47.043470434704346,29.82343038711639],[46.975069750697514,29.67239808663713],[46.90666906669068,29.536989817241945],[46.76986769867699,29.347765440779426],[46.69426694266943,29.259229264636417],[46.532265322653245,29.096044939980672],[46.355863558635605,29.063060874358754],[45.94905949059492,29.096044939980672],[45.49905499054992,29.13076500905636],[45.049050490504925,29.167221081585836],[44.7178471784718,29.193261133392596],[44.689046890468916,29.201941150661526],[44.361443614436155,29.43456561346865],[44.09864098640986,29.61858197956981],[43.774637746377465,29.84947043892315],[43.439834398344004,30.083830905184072],[43.10143101431015,30.321663378352554],[42.85662856628568,30.495263723731],[42.56142561425614,30.717472165815423],[42.28782287822878,30.920584569908215],[42.075420754207556,31.080296887656388],[41.798217982179835,31.220913167412945],[41.58581585815858,31.33028138500137],[41.27261272612728,31.488257699295758],[41.02421024210244,31.616721954875814],[40.808208082080824,31.72609017246424],[40.48060480604806,31.892746504027556],[40.36900369003692,31.939618597279733],[40.0270002700027,31.99517070780084],[39.702997029970305,32.04204280105303],[39.368193681936816,32.09238690121278],[39.1449914499145,32.12537096683468],[39.292592925929256,32.243419201692035],[39.24579245792458,32.351051415826674],[39.141391413914135,32.331955377835044],[39.040590405904055,32.30591532602827],[38.982989829898315,32.47257165759159],[39.058590585905876,32.493403699037],[38.98658986589868,32.71040413076007],[38.914589145891455,32.93434857629828],[38.84618846188462,33.15134900802134],[38.77418774187743,33.37182144665198],[39.05499054990551,33.51417372986232],[39.267392673926736,33.620069940543175],[39.56619566195664,33.76763023411486],[39.85059850598506,33.911718520778976],[40.120601206012054,34.04712679017416],[40.423004230042295,34.19815909065342],[40.68940689406895,34.33183135659483],[40.934209342093425,34.38738346711594],[40.98820988209883,34.42904755000677],[41.09981099811,34.61306391610793],[41.193411934119354,34.769304226948535],[41.20061200612008,34.80576029947801],[41.20061200612008,35.02796874156243],[41.21501215012151,35.288369259630116],[41.24741247412476,35.42724953593287],[41.3050130501305,35.55050578115157],[41.35541355413554,35.64077796074838],[41.3590135901359,35.72410612653003],[41.3518135181352,35.80917029576547],[41.30141301413016,35.93937055479931],[41.243812438124394,36.073042820740724],[41.25101251012512,36.203243079774566],[41.261812618126186,36.272683217925945],[41.294212942129434,36.383787438968156],[41.35541355413554,36.46364359784225],[41.41661416614167,36.513987698002],[41.65061650616508,36.56606780161553],[41.78741787417874,36.59731586378365],[41.974619746197476,36.74140415044778],[42.082620826208256,36.826468319683215],[42.23742237422374,36.9618765890784],[42.34902349023491,37.060828785944125],[42.35982359823598,37.095548855019814],[42.35982359823598,37.10943688265009]]]]}},{"type":"Feature","id":"364","properties":{"name":"Iran","code":"IR","label":[54.44081007201602,32.52730565874225]},"geometry":{"type":"MultiPolygon","coordinates":[[[[56.18756187561877,26.920832612388637],[56.09396093960942,26.80104837407751],[55.95355953559536,26.700360173758],[55.892358923589256,26.73160823592613],[55.849158491584916,26.73160823592613],[55.748357483574836,26.691680156489085],[55.67635676356764,26.686472146127727],[55.54315543155431,26.61703200797635],[55.42435424354244,26.58231193890066],[55.34155341553415,26.585783945808217],[55.312753127531295,26.59272795962336],[55.294752947529474,26.63960005287555],[55.294752947529474,26.656960087413395],[55.34875348753488,26.648280070144466],[55.53235532355325,26.710776194480715],[55.76275762757629,26.81146439480021],[55.78435784357845,26.856600484598616],[55.748357483574836,26.931248633111352],[55.75915759157593,26.94687266419541],[55.906759067590684,26.910416591665935],[56.07236072360723,26.983328736724886],[56.21276212762129,27.002424774716516],[56.28116281162812,26.95208067455677],[56.18756187561877,26.920832612388637]]],[[[53.9159391593916,37.34379734891101],[54.19314193141932,37.33164532473451],[54.30114301143013,37.35421336963371],[54.459544595445976,37.40802947670103],[54.57834578345785,37.441013542322935],[54.63954639546395,37.44448554923051],[54.700747007470085,37.47052560103728],[54.7439474394744,37.5017736632054],[54.84834848348484,37.722246101836035],[54.89874898748988,37.77779821235714],[55.07515075150752,37.902790461029625],[55.22635226352264,37.98091061644993],[55.38115381153813,38.05035075460131],[55.57915579155792,38.09895885130729],[55.841958419584216,38.095486844399716],[56.05076050760508,38.07812680986186],[56.16956169561698,38.07812680986186],[56.22716227162272,38.07291879950051],[56.27036270362706,38.07986281331566],[56.29556295562958,38.095486844399716],[56.32436324363243,38.19096703435787],[56.367563675636774,38.222215096525986],[56.43956439564397,38.24999115178653],[56.543965439654414,38.24999115178653],[56.669966699667015,38.256935165601675],[56.77436774367746,38.24999115178653],[56.90756907569076,38.21353507925707],[57.080370803708036,38.2100630723495],[57.19197191971921,38.21700708616464],[57.26037260372604,38.17881501018138],[57.307173071730716,38.130206913475405],[57.332373323733236,38.08854283058457],[57.3359733597336,38.03299072006348],[57.3359733597336,37.98959063371885],[57.35397353973539,37.97396660263479],[57.42237422374225,37.94792655082803],[57.51957519575197,37.9288305128364],[57.71037710377104,37.90452646448341],[57.88677886778868,37.86112637813879],[57.98037980379806,37.829878315970674],[58.109981099810994,37.7830062227185],[58.261182611826115,37.66495798786114],[58.31878318783188,37.6475979533233],[58.387183871838715,37.63544592914681],[58.43398433984342,37.63891793605438],[58.54918549185493,37.687526032760346],[58.64998649986501,37.65106996023087],[58.70038700387005,37.65627797059223],[58.81558815588156,37.684054025852774],[58.93798937989382,37.649333956777085],[59.240392403924034,37.52086970119703],[59.27279272792728,37.5243417081046],[59.301593015930166,37.51045368047433],[59.326793267932686,37.48094162175998],[59.34479344793448,37.44448554923051],[59.366393663936634,37.333381328188295],[59.45639456394565,37.253525169314216],[59.560795607956095,37.17887702080148],[59.686796867968695,37.13894894136443],[59.94959949599496,37.041732747952494],[60.06120061200613,36.963612592532186],[60.180001800018005,36.82994032659079],[60.32040320403206,36.652867974304755],[60.34200342003422,36.637243943220696],[60.709207092070926,36.642451953582054],[61.119611196111975,36.642451953582054],[61.170011700117016,36.573011815430675],[61.15921159211592,36.43239553567412],[61.17361173611738,36.29004325246379],[61.21321213212133,36.19109105559808],[61.21321213212133,36.0990828725475],[61.18441184411844,36.05221077929531],[61.15921159211592,36.000130675681774],[61.152011520115224,35.97756263078257],[61.2060120601206,35.94284256170688],[61.252812528125304,35.868194413194146],[61.260012600126004,35.76229820251329],[61.234812348123484,35.7050100885384],[61.23841238412385,35.65987399874001],[61.26361263612637,35.619945919302964],[61.28161281612816,35.55397778805914],[61.278012780127824,35.514049708622096],[61.245612456124576,35.47412162918506],[61.22401224012242,35.4237775290253],[61.1988119881199,35.361281404689066],[61.18801188011881,35.31267330798309],[61.14121141211413,35.288369259630116],[61.10161101611018,35.27274522854606],[61.10521105211052,35.21024910420981],[61.126811268112704,35.15643299714249],[61.14841148411486,35.09393687280624],[61.12321123211234,35.050536786461635],[61.10521105211052,35.00192868975566],[61.069210692106935,34.92207253088158],[61.080010800108,34.85610439963776],[61.04041040410405,34.798816285662866],[60.99000990009901,34.750208188956904],[60.95760957609576,34.71028010951986],[60.95040950409506,34.652991995544966],[60.91440914409145,34.633895957553335],[60.84600846008462,34.58702386430116],[60.80280802808028,34.554039798679256],[60.73800738007381,34.545359781410326],[60.72720727207272,34.51758372614978],[60.734407344073446,34.491543674343006],[60.76320763207633,34.47591964325895],[60.80280802808028,34.418631529284056],[60.88920889208893,34.319679332418346],[60.64440644406446,34.307527308241845],[60.5688056880569,34.218991132098836],[60.48600486004861,34.09399888342635],[60.52560525605256,33.8422783826276],[60.48600486004861,33.712078123593756],[60.51120511205113,33.639165978534805],[60.57240572405726,33.58882187837504],[60.65520655206552,33.5610458231145],[60.80640806408064,33.55930981966071],[60.90720907209072,33.538477778215295],[60.918009180091815,33.50549371259339],[60.86040860408605,33.45688561588743],[60.766807668076694,33.36314142938306],[60.716407164071654,33.323213349946016],[60.56160561605617,33.13746098039107],[60.56160561605617,33.05934082497076],[60.5760057600576,32.99510869718074],[60.64440644406446,32.793732296541734],[60.709207092070926,32.59929990971786],[60.8280082800828,32.24862721205339],[60.8280082800828,32.1687710531793],[60.78840788407885,31.986490690531923],[60.78840788407885,31.877122472943498],[60.80280802808028,31.73477018973317],[60.792007920079215,31.660122041220433],[60.8208082080821,31.4952017131109],[60.85320853208532,31.4830496889344],[61.11241112411125,31.451801626766283],[61.346413464134656,31.42228956805195],[61.65961659616596,31.382361488614904],[61.75681756817568,31.285145295202966],[61.814418144181445,31.07335287384126],[61.81081810818108,30.91364055609307],[61.78561785617856,30.832048393765206],[61.55881558815588,30.599423930958082],[61.3320133201332,30.363327461243372],[61.10521105211052,30.128966994982463],[60.842408424084255,29.858150456192078],[61.03321033210332,29.663718069368215],[61.152011520115224,29.54219782760329],[61.31761317613177,29.372069489132414],[61.33921339213393,29.332141409695367],[61.33921339213393,29.26443727499776],[61.50841508415084,29.005772760383863],[61.56961569615697,28.870364490988678],[61.62361623616238,28.79224433556837],[61.75681756817568,28.667252086895886],[61.890018900189006,28.545731845130973],[62.0340203402034,28.490179734609868],[62.13122131221314,28.478027710433366],[62.35442354423546,28.41553158609713],[62.43362433624338,28.363451482483597],[62.56322563225632,28.23498722690354],[62.718027180271804,28.252347261441386],[62.75042750427505,28.252347261441386],[62.75762757627578,28.243667244172457],[62.761227612276144,28.202003161281624],[62.73962739627396,28.002362764096404],[62.7828278282783,27.800986363457397],[62.811628116281184,27.49718575904511],[62.80082800828009,27.445105655431576],[62.76482764827648,27.356569479288552],[62.761227612276144,27.301017368767447],[62.754027540275416,27.266297299691757],[62.761227612276144,27.2506732686077],[62.811628116281184,27.229841227162282],[62.9160291602916,27.217689202985795],[63.1680316803168,27.252409272061485],[63.196831968319685,27.24372925479257],[63.25803258032582,27.207273182263094],[63.30123301233013,27.15172107174199],[63.304833048330494,27.12394501648143],[63.24363243632436,27.077072923229252],[63.2328323283233,26.998952767808944],[63.25083250832509,26.879168529497804],[63.240032400324026,26.86528050186753],[63.18603186031862,26.837504446606985],[63.1680316803168,26.66564010468231],[63.15723157231574,26.650016073598252],[63.09243092430924,26.632656039060407],[62.786427864278664,26.64307205978311],[62.75042750427505,26.63960005287555],[62.635226352263544,26.594463963077146],[62.44082440824408,26.561479897455243],[62.38682386823868,26.542383859463612],[62.31122311223112,26.49030375585008],[62.26082260822608,26.42780763151383],[62.250022500225015,26.368783514085152],[62.23922239222392,26.356631489908665],[62.12762127621278,26.368783514085152],[62.0880208802088,26.318439413925404],[61.86841868418685,26.242055261958882],[61.84321843218433,26.226431230874823],[61.81081810818108,26.16567110999236],[61.7820178201782,25.995542771521485],[61.75321753217534,25.84277446758844],[61.738817388173885,25.821942426143025],[61.67041670416705,25.768126319075705],[61.663216632166325,25.75076628453786],[61.67041670416705,25.691742167109183],[61.64161641616417,25.584109952974543],[61.61641616416165,25.2855173589236],[61.587615876158765,25.202189193141947],[61.53361533615336,25.195245179326804],[61.49041490414905,25.153581096435985],[61.411214112141124,25.101500992822437],[61.24201242012421,25.141429072259484],[61.10881108811088,25.183093155150317],[60.66240662406625,25.28204535201604],[60.615606156061574,25.330653448722003],[60.58680586805869,25.413981614503655],[60.51120511205113,25.436549659402857],[60.39960399603996,25.311557410730373],[60.02520025200252,25.384469555789323],[59.895598955989556,25.36190151089012],[59.819998199981995,25.400093586873382],[59.6147961479615,25.403565593780954],[59.45639456394565,25.48168574920126],[59.225992259922606,25.427869642133942],[59.0459904599046,25.417453621411227],[58.797587975879765,25.554597894260212],[58.531185311853136,25.592789970243473],[58.31518315183152,25.58063794606697],[58.203582035820375,25.591053966789687],[58.02358023580237,25.641398066949435],[57.93717937179372,25.691742167109183],[57.79677796777969,25.653550091125922],[57.73197731977319,25.724726232731086],[57.3359733597336,25.790694363974907],[57.26037260372604,25.919158619554963],[57.206372063720636,26.037206854412304],[57.20277202772027,26.15872709617723],[57.105571055710556,26.372255520992724],[57.073170731707336,26.679528132312583],[57.03717037170372,26.80104837407751],[56.98316983169832,26.905208581304578],[56.91116911169112,26.993744757447587],[56.81396813968141,27.08922494740574],[56.727567275672754,27.127417023389],[56.35676356763568,27.20032916844795],[56.284762847628485,27.18991314772525],[56.11916119161194,27.14304105447306],[55.9427594275943,27.037144843792206],[55.65115651156512,26.978120726363528],[55.589955899559016,26.932984636565138],[55.51795517955179,26.83056043279184],[55.42435424354244,26.76980031190938],[55.294752947529474,26.78542434299345],[55.154351543515446,26.724664222110988],[54.89514895148952,26.556271887093885],[54.75834758347585,26.505927786934137],[54.64314643146432,26.50939979384171],[54.52074520745208,26.58925595271579],[54.24714247142472,26.696888166850428],[54.07074070740708,26.73160823592613],[53.822338223382246,26.707304187573143],[53.70713707137071,26.726400225564774],[53.50553505535055,26.851392474237258],[53.45513455134551,26.94340065728784],[53.339933399334,27.004160778170302],[52.983529835298356,27.141305051019273],[52.69192691926921,27.32358541366665],[52.6379263792638,27.391289548364256],[52.60192601926019,27.493713752137538],[52.47592475924759,27.616969997356236],[52.19152191521917,27.717658197675746],[52.02952029520296,27.8235544083566],[51.84231842318425,27.847858456709588],[51.66591665916661,27.844386449802016],[51.59031590315905,27.863482487793647],[51.51831518315183,27.910354581045823],[51.27711277112772,28.13082701967646],[51.27711277112772,28.21936319581947],[51.12951129511296,28.434627624088762],[51.09351093510935,28.512747779509056],[51.06111061110613,28.726276204324563],[51.021510215102154,28.78182831484567],[50.86670866708667,28.870364490988678],[50.84150841508415,28.92765260496357],[50.87750877508776,29.00403675693009],[50.87750877508776,29.063060874358754],[50.79470794707947,29.116876981426074],[50.6759067590676,29.14638904014042],[50.64710647106472,29.212357171384227],[50.66870668706687,29.339085423510497],[50.65070650706508,29.420677585838376],[50.54270542705427,29.547405837964646],[50.38790387903879,29.679342100452274],[50.22950229502297,29.87203848382235],[50.168301683016836,29.920646580528327],[50.12870128701289,30.047374832654597],[50.07110071100712,30.19840713313384],[49.98469984699847,30.208823153856557],[49.556295562955626,30.028278794662967],[49.430294302943025,30.13070299843625],[49.05589055890559,30.307775350722267],[49.027090270902704,30.33381540252904],[49.001890018900184,30.373743481966088],[49.04869048690489,30.398047530319076],[49.095490954909565,30.40672754758799],[49.18909189091892,30.375479485419874],[49.246692466924685,30.41193555794935],[49.22509225092253,30.472695678831798],[49.13149131491315,30.509151751361273],[49.001890018900184,30.505679744453715],[49.037890378903796,30.45012763393261],[48.91548915489156,30.398047530319076],[48.89028890288904,30.326871388713897],[48.90828908289083,30.24180721947846],[48.919089190891924,30.120286977713548],[48.868688686886884,30.062998863738656],[48.83268832688327,30.035222808478096],[48.67068670686709,30.028278794662967],[48.59508595085953,29.974462687595647],[48.54468544685449,29.962310663419146],[48.47988479884799,30.00397474630998],[48.433084330843315,30.036958811931882],[48.39708397083973,30.109870956990832],[48.38628386283864,30.160215057150594],[48.400684006840066,30.18799111241114],[48.382683826838274,30.229655195301973],[48.332283322833234,30.28520730582308],[48.27828278282783,30.316455367991196],[48.22788227882279,30.321663378352554],[48.181081810818114,30.354647443974457],[48.148681486814866,30.417143568310706],[48.065880658806606,30.45707164774774],[48.015480154801566,30.46575166501667],[48.0118801188012,30.65671204493296],[48.0118801188012,30.823368376496276],[48.0118801188012,30.990024708059593],[47.83547835478356,30.996968721874737],[47.680676806768076,31.002176732236094],[47.680676806768076,31.14105700853885],[47.680676806768076,31.39972152315275],[47.75267752677527,31.601097923791755],[47.82827828278283,31.793794307161832],[47.713077130771325,31.936146590372175],[47.59067590675909,32.08717889085142],[47.511475114751164,32.151411018641454],[47.41787417874178,32.34063539510397],[47.37107371073711,32.423963560885625],[47.33147331473316,32.45521162305374],[47.28467284672848,32.47430766104537],[47.12267122671227,32.46736364723024],[46.967869678696786,32.56805184754974],[46.78786787867878,32.68783608586088],[46.56826568265683,32.83366037597878],[46.37746377463776,32.92914056593692],[46.298262982629836,32.949972607382335],[46.111061110611104,32.95691662119748],[46.09306093060931,32.97601265918911],[46.08226082260825,33.02809276280264],[46.08226082260825,33.08711688023132],[46.13986139861399,33.173917052920544],[46.147061470614716,33.22946916344165],[46.021060210602116,33.4152215329966],[45.98145981459817,33.4707736435177],[45.87345873458736,33.49160568496312],[45.895058950589515,33.54542179203044],[45.895058950589515,33.581877864559914],[45.88065880658809,33.60965391982046],[45.85545855458557,33.62354194745075],[45.82305823058232,33.62527795090453],[45.73665736657367,33.60270990600533],[45.67545675456756,33.68603807178698],[45.4738547385474,33.92560654840925],[45.409054090540906,33.955118607123595],[45.39825398253984,33.97074263820765],[45.44505445054452,34.043654783266604],[45.527855278552806,34.15302300085503],[45.542255422554234,34.215519125191264],[45.527855278552806,34.28495926334266],[45.43785437854379,34.415159522376484],[45.459454594545946,34.47071163289759],[45.49905499054992,34.53320775723384],[45.49905499054992,34.5818158539398],[45.560255602556026,34.57487184012467],[45.635856358563586,34.573135836670886],[45.661056610566106,34.61306391610793],[45.661056610566106,34.74847218550312],[45.67905679056793,34.798816285662866],[45.920259202592035,35.02796874156243],[46.04266042660427,35.080048845175966],[46.13266132661329,35.12692093842816],[46.154261542615444,35.196361076579535],[46.136261362613624,35.23281714910901],[46.11826118261183,35.284897252722544],[46.111061110611104,35.32135332525202],[46.01026010260102,35.42551353247909],[45.97425974259744,35.47759363609262],[45.970659706597075,35.52446572934481],[45.995859958599596,35.60779389512646],[46.03906039060391,35.673762026370284],[46.179461794617964,35.711954102353545],[46.262262622626224,35.74493816797545],[46.273062730627316,35.772714223235994],[46.16866168661687,35.82132231994197],[45.94185941859419,35.83521034757224],[45.77625776257764,35.82132231994197],[45.72225722257224,35.83694635102603],[45.64665646656468,35.92895453407661],[45.560255602556026,35.97756263078257],[45.484654846548466,36.00881069295069],[45.409054090540906,36.003602682589346],[45.36225362253623,36.01575470676583],[45.351453514535166,36.053946782749094],[45.23985239852399,36.35601138370761],[45.207452074520745,36.39767546659843],[45.157051570515705,36.408091487321144],[45.11385113851139,36.40982749077493],[45.08505085050851,36.43065953222033],[45.05265052650526,36.472323615111165],[45.031050310503105,36.526139722178485],[45.031050310503105,36.59731586378365],[45.03465034650347,36.65807598466611],[45.02025020250204,36.69800406410316],[44.980649806498064,36.737932143540206],[44.92664926649266,36.76570819880075],[44.879848798487984,36.798692264422655],[44.797047970479724,37.0643007928517],[44.764647646476476,37.13547693445686],[44.764647646476476,37.142420948272004],[44.76824768247684,37.15630897590228],[44.75744757447575,37.21706909678474],[44.797047970479724,37.269149200398275],[44.79344793447936,37.28998124184369],[44.714247142471436,37.35768537654128],[44.60264602646026,37.42365350778509],[44.57384573845738,37.43580553196159],[44.57384573845738,37.506981673566756],[44.57744577445774,37.560797780634076],[44.56664566645668,37.60940587734004],[44.54504545045452,37.6371819326006],[44.54504545045452,37.658013974046014],[44.588245882458835,37.71009407765955],[44.55944559445595,37.74481414673524],[44.39744397443974,37.829878315970674],[44.336243362433635,37.87154239886151],[44.22464224642246,37.88022241613042],[44.210242102421034,37.90799847139098],[44.228242282422826,37.96702258881966],[44.2678426784268,38.038198730424824],[44.32904329043291,38.109374872029974],[44.35064350643506,38.145830944559464],[44.37224372243722,38.2100630723495],[44.37944379443795,38.255199162147875],[44.44784447844478,38.31769528648414],[44.45144451444514,38.33505532102197],[44.42984429844299,38.35762336592117],[44.37584375843758,38.36977539009766],[44.31824318243184,38.37498340045903],[44.30024300243002,38.38713542463552],[44.28944289442896,38.420119490257406],[44.29664296642966,38.55726376310639],[44.278642786427866,38.64059192888806],[44.25704257042571,38.70135204977052],[44.27144271442714,38.836760319165705],[44.23184231842319,38.86280037097248],[44.17064170641706,38.93397651257763],[44.14544145441454,38.99473663346009],[44.159841598415994,39.017304678359295],[44.17064170641706,39.055496754342556],[44.18144181441815,39.107576857956104],[44.177841778417786,39.144032930485565],[44.120241202412046,39.180489003015055],[44.08064080640807,39.218681078998316],[44.07344073440734,39.26034516188915],[44.059040590405914,39.310689262048896],[44.033840338403394,39.35061734148593],[44.0230402304023,39.3766573932927],[44.044640446404486,39.39228142437676],[44.12384123841238,39.40443344855325],[44.23904239042392,39.397489434738105],[44.336243362433635,39.395753431284334],[44.39024390243904,39.42179348309111],[44.45504455044551,39.666569970074704],[44.51624516245164,39.73080209786474],[44.588245882458835,39.768994173848],[44.7250472504725,39.68219400115879],[44.78264782647827,39.650945938990645],[44.81864818648188,39.650945938990645],[44.83664836648367,39.62837789409147],[44.998649986499885,39.42352948654488],[45.07065070650708,39.362769365662416],[45.11385113851139,39.31242526550267],[45.14265142651428,39.25513715152778],[45.18945189451895,39.215209072090744],[45.25425254252542,39.19437703064531],[45.33705337053371,39.13882492012422],[45.391053910539114,39.09542483377962],[45.4810548105481,39.00688865763658],[45.57465574655748,38.97216858856089],[45.920259202592035,38.907936460770884],[46.11466114661147,38.87842440205654],[46.16866168661687,38.86974438478762],[46.31626316263163,38.91314447113223],[46.489064890648905,38.906200457317084],[46.5538655386554,38.90446445386331],[46.784267842678446,39.086744816510674],[46.85266852668528,39.14924094084694],[46.98946989469894,39.180489003015055],[47.0650706507065,39.253401148074005],[47.18747187471877,39.340201320763214],[47.33867338673389,39.42352948654488],[47.47547475474755,39.49817763505763],[47.58347583475836,39.543313724856006],[47.77427774277743,39.649209935536874],[47.89307893078933,39.685666008066335],[47.997479974799745,39.68393000461256],[48.15228152281523,39.560673759393865],[48.281882818828194,39.44783353489785],[48.32148321483217,39.399225438191905],[48.256682566825674,39.35582535184727],[48.13428134281344,39.31242526550267],[48.11268112681128,39.28117720333455],[48.105481054810554,39.24124912389752],[48.10908109081092,39.20305704791426],[48.12708127081271,39.17180898574611],[48.274682746827466,39.09889684068716],[48.292682926829286,39.05896876125013],[48.292682926829286,39.019040681813095],[48.274682746827466,38.99300063000632],[48.242282422824246,38.979112602376034],[48.1378813788138,38.95828056093063],[48.05148051480515,38.93571251603143],[48.01908019080193,38.911408467678456],[47.99387993879941,38.88363241241788],[47.997479974799745,38.854120353703564],[48.022680226802265,38.819400284627875],[48.206282062820634,38.72392009466972],[48.224282242822426,38.68920002559403],[48.26028260282604,38.64232793234183],[48.307083070830714,38.61281587362751],[48.382683826838274,38.60587185981237],[48.41868418684189,38.58677582182074],[48.59148591485916,38.41143947298849],[48.634686346863475,38.399287448812004],[48.839888398884,38.437479524795265],[48.868688686886884,38.43574352134149],[48.87228872288725,38.39234343499686],[48.901089010890104,38.14409494110569],[48.926289262892624,38.01563068552562],[48.95868958689587,37.89063843685314],[49.01629016290164,37.776062208903355],[49.08109081090811,37.668429994768715],[49.171091710917125,37.60072586007112],[49.372693726937285,37.51913369774324],[49.469894698947,37.49656565284404],[49.72549725497257,37.48094162175998],[49.98109981099813,37.44448554923051],[50.12870128701289,37.406293473247246],[50.175501755017564,37.380253421440486],[50.21510215102151,37.34032534200344],[50.33750337503375,37.149364962087134],[50.53190531905321,37.01395669269195],[50.9279092790928,36.81084428859916],[51.11871118711187,36.74314015390155],[51.76311763117633,36.614675898321494],[52.19152191521917,36.62161991213664],[53.37233372333725,36.86813240257405],[53.76833768337684,36.93062852691028],[53.9159391593916,36.93062852691028],[53.82593825938261,36.88202043020432],[53.678336783367854,36.852508371489975],[53.76833768337684,36.817788302414286],[53.905139051390535,36.81258029205294],[53.969939699397,36.817788302414286],[54.01674016740168,36.84903636458242],[54.02394023940241,36.90111646819595],[54.01674016740168,36.953196571809485],[53.95193951939521,37.18234902770904],[53.9159391593916,37.34379734891101]]]]}},{"type":"Feature","id":"360","properties":{"name":"Indonesia","code":"ID","label":[117.1807295261756,-2.264347774253769]},"geometry":{"type":"MultiPolygon","coordinates":[[[[97.47997479974799,1.4658139695459624],[97.69957699576997,1.1845814100328624],[97.7859778597786,1.1463893340496014],[97.9047790477905,1.0179250784695455],[97.93357933579335,0.974524992124941],[97.90117901179013,0.8842528125281319],[97.87597875978759,0.629060304821806],[97.82197821978218,0.5648281770317851],[97.68517685176852,0.5960762391999026],[97.68157681576815,0.6412123289983072],[97.60237602376026,0.8339087123683839],[97.46197461974623,0.9415409265030235],[97.40437404374046,0.9467489368643811],[97.36837368373682,1.0561171544528065],[97.29637296372965,1.1880534169404342],[97.08037080370804,1.4258858901089155],[97.24597245972461,1.4241498866551296],[97.32517325173251,1.4814380006300212],[97.34317343173433,1.5283100938821974],[97.35757357573578,1.5404621180586986],[97.47997479974799,1.4658139695459624]]],[[[99.1647916479165,-1.778776485577339],[99.07119071190715,-1.7839844959386966],[98.87318873188735,-1.66420025762757],[98.82638826388268,-1.610384150560236],[98.81558815588158,-1.5374720055012858],[98.62838628386282,-1.2614474563495435],[98.60318603186033,-1.1972153285595226],[98.67518675186756,-0.9697988761137424],[98.86958869588699,-0.9159827690464226],[98.93438934389343,-0.9541748450296836],[98.95598955989561,-1.0565990488029797],[99.06399063990642,-1.2406154149041413],[99.09999099991,-1.3395676117698514],[99.12879128791286,-1.384703701568256],[99.13959139591395,-1.4176877671901593],[99.13239132391323,-1.4419918155431475],[99.21159211592118,-1.560040050400488],[99.26559265592658,-1.627744185098095],[99.27279272792731,-1.738848406140292],[99.1647916479165,-1.778776485577339]]],[[[116.63936639366392,-8.613422083127062],[116.51336513365135,-8.821742497581212],[116.56016560165602,-8.854726563203116],[116.58536585365857,-8.885974625371247],[116.37656376563768,-8.929374711715852],[116.290162901629,-8.90680666681665],[116.23976239762396,-8.912014677178007],[116.02736027360277,-8.873822601194746],[115.87615876158765,-8.825214504488784],[115.85815858158583,-8.788758431959309],[115.86895868958692,-8.743622342160904],[115.9157591575916,-8.757510369791191],[116.03096030960313,-8.76445438360632],[116.0777607776078,-8.74535834561469],[116.0777607776078,-8.61168607967329],[116.05976059760599,-8.43808573429483],[116.21816218162184,-8.295733451084502],[116.30456304563046,-8.23844533710961],[116.40176401764018,-8.20372526803392],[116.64656646566465,-8.283581426908],[116.68616686166865,-8.304413468353417],[116.71856718567187,-8.335661530521548],[116.73296732967333,-8.387741634135082],[116.63936639366392,-8.613422083127062]]],[[[115.44775447754478,-8.155117171327944],[115.54855548555486,-8.208933278395278],[115.69255692556925,-8.363437585782094],[115.70335703357034,-8.406837672126713],[115.66015660156603,-8.448501755017531],[115.55935559355595,-8.514469886261352],[115.33255332553324,-8.615158086580848],[115.29655296552966,-8.663766183286825],[115.24615246152462,-8.757510369791191],[115.23535235352352,-8.797438449228224],[115.22095220952212,-8.820006494127426],[115.19575195751958,-8.835630525211485],[115.14535145351454,-8.849518552841772],[115.09135091350913,-8.828686511396356],[115.13815138151381,-8.769662393967678],[115.14175141751417,-8.696750248908728],[115.10575105751059,-8.629046114211135],[115.05535055350555,-8.57349400369003],[114.9509495094951,-8.497109851723508],[114.8429484294843,-8.42766971357213],[114.73134731347312,-8.394685647950212],[114.61254612546128,-8.379061616866153],[114.56934569345697,-8.34607755124425],[114.5009450094501,-8.261013382008812],[114.47934479344792,-8.214141288756622],[114.46854468544689,-8.16553319205066],[114.47574475744756,-8.11866109879847],[114.50454504545047,-8.116925095344698],[114.619746197462,-8.127341116067399],[114.8321483214832,-8.182893226588504],[114.94014940149401,-8.186365233496076],[114.99774997749978,-8.174213209319575],[115.15255152551526,-8.066580995184935],[115.19215192151921,-8.068316998638721],[115.33975339753397,-8.115189091890912],[115.44775447754478,-8.155117171327944]]],[[[106.04446044460445,-1.6694082679889135],[106.08046080460804,-1.738848406140292],[106.12726127261271,-1.7996085270227553],[106.16326163261635,-1.867312661720348],[106.21006210062103,-2.188473300670495],[106.36486364863651,-2.464497849822237],[106.81846818468188,-2.5738660674106626],[106.74286742867429,-2.6172661537552813],[106.7068670686707,-2.657194233192314],[106.67806678066779,-2.7040663264445044],[106.61326613266135,-2.8950267063607953],[106.61686616866172,-2.936690789251628],[106.65646656466566,-3.000922917041663],[106.66726667266676,-3.0720990586468275],[106.60966609666099,-3.0720990586468275],[106.54846548465486,-3.054739024108983],[106.49446494464945,-3.028698972302209],[106.44766447664477,-2.9939789032265196],[106.39726397263973,-2.9662028479659597],[106.34326343263433,-2.948842813428115],[106.24966249662498,-2.8932907029070094],[106.12726127261271,-2.8550986269237626],[105.99765997659978,-2.825586568209417],[105.93645936459365,-2.7439944058815513],[105.90765907659079,-2.643306205562041],[105.94005940059401,-2.494009908536569],[105.90765907659079,-2.45234582564575],[105.86085860858611,-2.415889753116275],[105.80685806858071,-2.3082575389816213],[105.78525785257852,-2.1815292868553513],[105.70605706057063,-2.132921190149389],[105.59805598055982,-2.1034091314350576],[105.55125551255514,-2.0791050830820694],[105.34245342453426,-2.1242411728804598],[105.29205292052922,-2.1138251521577587],[105.2488524885249,-2.0791050830820694],[105.13365133651337,-2.0426490105525943],[105.13725137251373,-1.9732088724012158],[105.19125191251914,-1.9176567618801101],[105.31725317253171,-1.8603686479052186],[105.37485374853748,-1.8134965546530282],[105.38565385653857,-1.7510004303167932],[105.36405364053644,-1.7058643405183886],[105.37485374853748,-1.6572562438124265],[105.41445414454148,-1.610384150560236],[105.46125461254616,-1.573928078030761],[105.58365583655836,-1.5270559847785847],[105.64125641256413,-1.610384150560236],[105.66645666456668,-1.6798242887116288],[105.70245702457026,-1.7319043923251627],[105.7528575285753,-1.6589922472662124],[105.72045720457203,-1.5339999985937283],[105.8176581765818,-1.5062239433331683],[105.91125911259115,-1.5044879398793825],[105.97965979659796,-1.5392080089550717],[106.02646026460263,-1.5930241160223915],[106.04446044460445,-1.6694082679889135]]],[[[123.18063180631805,-4.551174001271249],[123.20223202232023,-4.766438429540528],[123.1950319503195,-4.821990540061634],[123.1410314103141,-4.740398377733769],[123.11943119431197,-4.723038343195924],[123.10503105031052,-4.740398377733769],[123.08343083430833,-4.749078395002684],[123.05463054630548,-4.749078395002684],[123.01863018630189,-4.832406560784349],[123.01503015030153,-4.910526716204643],[122.98622986229861,-4.962606819818191],[122.97182971829722,-5.137943168650423],[122.98262982629825,-5.186551265356385],[123.02583025830262,-5.1622472170034115],[123.05103051030511,-5.157039206642054],[123.14823148231483,-5.2247433413396465],[123.20223202232023,-5.273351438045623],[123.18783187831878,-5.332375555474286],[123.11943119431197,-5.393135676356749],[123.04383043830438,-5.419175728163523],[122.98622986229861,-5.393135676356749],[122.96822968229685,-5.405287700533236],[122.93582935829357,-5.436535762701368],[122.90702907029072,-5.4781998455921865],[122.91782917829181,-5.519863928483019],[122.84942849428495,-5.637912163340374],[122.81342813428137,-5.6708962289622775],[122.73422734227341,-5.634440156432802],[122.68382683826837,-5.66568821860092],[122.64422644226443,-5.663952215147134],[122.58662586625866,-5.5441679768360075],[122.58662586625866,-5.488615866314902],[122.64062640626406,-5.426119741978653],[122.64422644226443,-5.380983652180262],[122.66942669426697,-5.330639552020514],[122.73062730627305,-5.261199413869122],[122.76662766627669,-5.210855313709374],[122.76662766627669,-5.17787124808747],[122.79542795427955,-5.052878999414986],[122.80262802628027,-5.000798895801452],[122.8206282062821,-4.945246785280347],[122.84942849428495,-4.8306705573305635],[122.85302853028531,-4.618878135968842],[122.94662946629467,-4.44354178713661],[123.03663036630365,-4.394933690430648],[123.07623076230766,-4.386253673161718],[123.06903069030693,-4.4331257664138946],[123.18063180631805,-4.551174001271249]]],[[[122.64422644226443,-5.269879431138051],[122.61902619026193,-5.335847562381858],[122.56502565025653,-5.387927665995392],[122.51822518225185,-5.391399672902963],[122.47502475024748,-5.380983652180262],[122.39222392223922,-5.335847562381858],[122.3706237062371,-5.382719655634048],[122.3058230582306,-5.380983652180262],[122.28422284222842,-5.320223531297799],[122.32742327423273,-5.137943168650423],[122.39582395823959,-5.070239033952831],[122.38862388623886,-4.999062892347666],[122.33462334623346,-4.846294588414622],[122.3706237062371,-4.766438429540528],[122.52542525425253,-4.707414312111865],[122.65862658626588,-4.634502167052901],[122.7018270182702,-4.618878135968842],[122.74142741427414,-4.674430246489948],[122.75942759427596,-4.933094761103845],[122.61542615426157,-5.137943168650423],[122.64422644226443,-5.269879431138051]]],[[[108.31608316083162,3.6896343938439458],[108.17928179281796,3.6531783213144706],[108.10008100081001,3.7052584249280187],[108.18648186481863,3.7677545492642537],[108.21528215282154,3.7729625596256113],[108.23688236882367,3.7851145838020983],[108.2440824408244,3.8111546356088724],[108.08928089280892,3.852818718499705],[108.0460804608046,3.8892747910291803],[108.00288002880029,3.9830189775335327],[108.00288002880029,4.04204309496221],[108.20088200882009,4.200019409256612],[108.24768247682476,4.2173794437944565],[108.25488254882549,4.151411312550636],[108.39168391683916,3.9864909844411045],[108.39888398883988,3.875386763398893],[108.39528395283952,3.8354586839618463],[108.31608316083162,3.6896343938439458]]],[[[108.20808208082082,-2.9974509101340914],[108.190081900819,-3.103347120814945],[108.16848168481687,-3.143275200251992],[108.08208082080824,-3.195355303865526],[108.0568805688057,-3.2266033660336433],[107.9776797767978,-3.2213953556723],[107.96687966879671,-3.165843245151194],[107.94167941679416,-3.129387172621719],[107.8588785887859,-3.0859870862771004],[107.83727837278371,-3.0964031069998015],[107.82287822878232,-3.1606352347898365],[107.6608766087661,-3.205771324588227],[107.61407614076143,-3.2092433314957987],[107.63567635676355,-3.1241791622603614],[107.5960759607596,-3.0582110310165405],[107.59247592475924,-2.976618868688675],[107.58527585275851,-2.9401627961592],[107.56367563675639,-2.9193307547137834],[107.60327603276033,-2.863778644192678],[107.59967599675997,-2.799546516402657],[107.64287642876428,-2.73184238170505],[107.66807668076683,-2.566922053595519],[107.83727837278371,-2.530465981066044],[107.87327873278736,-2.5599780397803897],[108.07488074880752,-2.596434112309865],[108.21528215282154,-2.697122312629361],[108.29088290882908,-2.8307945785707744],[108.20808208082082,-2.9974509101340914]]],[[[135.3847538475385,-0.6521102440711815],[135.59715597155974,-0.6903023200544425],[135.67275672756728,-0.6885663166006566],[135.74835748357486,-0.731966402945261],[135.84195841958422,-0.7111343614998589],[135.89235892358926,-0.7250223891301317],[136.06876068760687,-0.8777906930631616],[136.15516155161555,-0.9784788933826718],[136.28116281162812,-1.065279066071895],[136.37476374763747,-1.0947911247862407],[136.30636306363067,-1.1729112802065345],[136.16596165961658,-1.2145753630973672],[136.11196111961118,-1.2163113665511531],[136.00396003960043,-1.169439273298977],[135.91395913959138,-1.178119290567892],[135.83835838358385,-1.1190951731392147],[135.8239582395824,-1.0288229935424198],[135.74835748357486,-0.822238582542056],[135.64395643956442,-0.8812626999707334],[135.52515525155252,-0.7875185134663667],[135.4927549275493,-0.7857825100125808],[135.4819548195482,-0.8014065410966538],[135.43155431554317,-0.7684224754747362],[135.38835388353885,-0.7041903476847153],[135.3847538475385,-0.6521102440711815]]],[[[135.47475474754748,-1.5912881125686056],[135.87075870758707,-1.6416322127283678],[135.97515975159752,-1.6346881989132243],[136.20196201962023,-1.6555202403586406],[136.38916389163893,-1.7214883716024474],[136.71676716767166,-1.7336403957789486],[136.81756817568174,-1.754472437224365],[136.89316893168933,-1.7996085270227553],[136.709567095671,-1.8378006030060163],[136.6231662316623,-1.8725206720817056],[136.46116461164615,-1.8898807066195502],[136.32436324363243,-1.8725206720817056],[136.22716227162272,-1.893352713527122],[136.19116191161913,-1.8586326444514327],[136.0507605076051,-1.8239125753757435],[135.8671586715867,-1.752736433770579],[135.48915489154894,-1.6676722645351276],[135.47115471154711,-1.6155921609215937],[135.47475474754748,-1.5912881125686056]]],[[[130.8127081270813,-0.004580955809544207],[130.98550985509854,-0.046245038700376995],[131.02511025110255,-0.03930102488523346],[131.27711277112775,-0.15040524592744475],[131.3167131671317,-0.20422135299476452],[131.30231302313024,-0.24067742552423965],[131.33831338313382,-0.29102152568398765],[131.25911259112593,-0.3656696741967238],[131.21951219512198,-0.3743496914656532],[131.17631176311767,-0.3465736362050933],[131.09711097110971,-0.32921360166724867],[131.00711007110073,-0.36046166383538036],[130.9459094590946,-0.3378936189361781],[130.89550895508955,-0.2684534807847996],[130.80910809108093,-0.2267893978939668],[130.6831068310683,-0.08096510777606625],[130.62190621906223,-0.0861731181374239],[130.639906399064,-0.14346123211230122],[130.69030690306903,-0.17991730464177635],[130.76230762307625,-0.29102152568398765],[130.8019080190802,-0.30143754640670295],[130.84150841508415,-0.2979655394991312],[130.89910899108992,-0.3448376327513074],[130.89550895508955,-0.416013774356486],[130.75150751507516,-0.44378982961703173],[130.70110701107012,-0.39170972600349785],[130.69030690306903,-0.2962295360453453],[130.60750607506077,-0.32921360166724867],[130.57510575105755,-0.36219766728916625],[130.549905499055,-0.3656696741967238],[130.4959049590496,-0.2667174773310137],[130.3411034110341,-0.26150946696965605],[130.23670236702367,-0.20942936335612217],[130.2871028710287,-0.15387725283501652],[130.29430294302944,-0.10179714922148264],[130.3627036270363,-0.07228509050713683],[130.4311043110431,-0.09832514231391087],[130.49950499504996,-0.060133066330649854],[130.549905499055,-0.07054908705335095],[130.58590585905858,-0.046245038700376995],[130.7227072270723,-0.030621007616318252],[130.8127081270813,-0.004580955809544207]]],[[[128.4546845468455,2.0525831369251364],[128.29628296282965,2.0352231023872918],[128.26028260282607,2.082095195639468],[128.2170821708217,2.297359623908747],[128.32868328683287,2.4692239658334216],[128.47268472684726,2.569912166152932],[128.56988569885698,2.5959522179596917],[128.60228602286026,2.5976882214134775],[128.68868688686888,2.4744319761947793],[128.62388623886238,2.2244474788497968],[128.54828548285485,2.0977192267235267],[128.4546845468455,2.0525831369251364]]],[[[128.15228152281526,-1.6607282507199983],[128.09108091080913,-1.7006563301570452],[128.0622806228062,-1.7128083543335322],[127.91467914679146,-1.6850322990729723],[127.74187741877421,-1.69024030943433],[127.56187561875618,-1.728432385417591],[127.45747457474573,-1.6971843232494734],[127.39267392673929,-1.6451042196359396],[127.39627396273966,-1.589552109114834],[127.45747457474573,-1.4541438397196345],[127.59067590675909,-1.3499836324925667],[127.64827648276486,-1.332623597954722],[127.74187741877421,-1.3603996532152678],[127.90387903879042,-1.4385198086355757],[128.03348033480336,-1.5322639951399424],[128.1486814868149,-1.6034401367451068],[128.15228152281526,-1.6607282507199983]]],[[[126.05346053460534,-2.4506098221919643],[126.03906039060394,-2.469705860183595],[125.9778597785978,-2.415889753116275],[125.93825938259386,-2.263121449183231],[125.90225902259021,-2.221457366292398],[125.86265862658627,-2.0773690796282835],[125.87345873458736,-2.0357049967374508],[125.9238592385924,-1.9749448758550017],[125.96345963459635,-1.9749448758550017],[125.99225992259926,-2.011400948384477],[125.97425974259744,-2.1676412592250784],[126.06426064260643,-2.365545652956513],[126.05346053460534,-2.4506098221919643]]],[[[126.02466024660248,-1.7891925063000542],[126.33066330663308,-1.8221765719219576],[126.28746287462877,-1.8586326444514327],[125.95625956259562,-1.9159207584263243],[125.83745837458378,-1.905504737703609],[125.47745477454777,-1.9402248067792982],[125.43425434254345,-1.9384888033255265],[125.42705427054273,-1.8829366928044209],[125.38745387453878,-1.843008613367374],[125.44505445054449,-1.8082885442916847],[125.52065520655208,-1.8013445304765412],[125.71865718657187,-1.8134965546530282],[126.02466024660248,-1.7891925063000542]]],[[[124.969849698497,-1.7058643405183886],[125.06345063450635,-1.740584409594078],[125.09585095850957,-1.740584409594078],[125.12825128251285,-1.6989203267032593],[125.14625146251461,-1.6919763128881158],[125.18945189451898,-1.7128083543335322],[125.19665196651965,-1.7805124890311248],[125.25785257852579,-1.7700964683084237],[125.30465304653046,-1.7944005166613977],[125.31905319053192,-1.8100245477454706],[125.31545315453155,-1.8777286824430632],[125.13545135451358,-1.8881447031657643],[125.00585005850058,-1.94369681368687],[124.83304833048334,-1.8950887169809079],[124.63864638646385,-1.9784168827625592],[124.519845198452,-2.006192938023119],[124.41904419044192,-2.0044569345693333],[124.32904329043294,-1.8586326444514327],[124.37944379443798,-1.6867683025267581],[124.41904419044192,-1.6589922472662124],[124.48384483844842,-1.6451042196359396],[124.6638466384664,-1.6364242023670101],[124.969849698497,-1.7058643405183886]]],[[[131.32391323913242,-7.998876860487343],[131.30951309513097,-8.01102888466383],[131.18351183511834,-7.997140857033557],[131.11511115111153,-7.997140857033557],[131.12231122311226,-7.922492708520821],[131.08631086310862,-7.865204594545929],[131.13671136711366,-7.781876428764278],[131.13671136711366,-7.684660235352339],[131.19071190711907,-7.6725082111758525],[131.1979119791198,-7.616956100654747],[131.25911259112593,-7.471131810536846],[131.2951129511295,-7.438147744914943],[131.34911349113491,-7.425995720738442],[131.41031410314105,-7.3409315515030045],[131.44631446314463,-7.31489149969623],[131.48231482314822,-7.25065937190621],[131.53631536315362,-7.221147313191864],[131.52911529115295,-7.165595202670758],[131.56151561515617,-7.1360831439564265],[131.64431644316443,-7.113515099057224],[131.7019170191702,-7.139555150863998],[131.73791737917378,-7.19684326483889],[131.64431644316443,-7.266283402990268],[131.6911169111691,-7.438147744914943],[131.6227162271623,-7.625636117923662],[131.579515795158,-7.682924231898554],[131.49671496714967,-7.729796325150744],[131.47511475114754,-7.77666841840292],[131.37791377913783,-7.868676601453501],[131.34911349113491,-7.948532760327595],[131.3419134191342,-7.981516825949498],[131.32391323913242,-7.998876860487343]]],[[[126.80226802268021,-7.667300200814495],[126.8130681306813,-7.715908297520457],[126.8130681306813,-7.738476342419659],[126.69426694266946,-7.754100373503718],[126.57906579065792,-7.807916480571038],[126.51786517865179,-7.870412604907287],[126.47106471064711,-7.950268763781381],[126.31266312663126,-7.917284698159463],[126.17226172261724,-7.91207668779812],[126.10746107461074,-7.88430063253756],[126.03906039060394,-7.886036635991346],[125.95265952659526,-7.910340684344334],[125.82665826658268,-7.979780822495712],[125.79785797857977,-7.98498883285707],[125.80865808658086,-7.880828625629988],[125.8446584465845,-7.816596497839967],[125.97425974259744,-7.663828193906923],[126.08586085860861,-7.696812259528826],[126.21546215462155,-7.707228280251542],[126.35946359463594,-7.675980218083424],[126.46386463864638,-7.608276083385817],[126.60786607866078,-7.571820010856342],[126.72666726667268,-7.662092190453137],[126.80226802268021,-7.667300200814495]]],[[[124.57384573845741,-8.141229143697672],[124.5990459904599,-8.201989264580135],[124.67824678246785,-8.167269195504446],[124.75384753847538,-8.160325181689302],[124.92304923049232,-8.16553319205066],[125.0490504905049,-8.179421219680933],[125.12465124651249,-8.205461271487707],[125.13185131851321,-8.326981513252619],[125.09585095850957,-8.353021565059393],[124.44424444244441,-8.445029748109974],[124.37944379443798,-8.415517689395628],[124.35424354243543,-8.386005630681296],[124.42624426244265,-8.295733451084502],[124.39384393843937,-8.252333364739883],[124.42984429844302,-8.182893226588504],[124.50904509045091,-8.136021133336314],[124.57384573845741,-8.141229143697672]]],[[[131.00351003510036,-1.3152635634168774],[130.96750967509678,-1.3430396186774232],[130.8451084510845,-1.3169995668706491],[130.78390783907838,-1.2562394459882],[130.74070740707407,-1.1729112802065345],[130.7119071190712,-1.1052071455089418],[130.70470704707049,-1.0496550349878362],[130.6687066870669,-0.9836869037440295],[130.67230672306727,-0.9593828553910413],[130.89550895508955,-0.8899427172396628],[130.93870938709387,-0.9159827690464226],[131.03231032310322,-0.9177187725002085],[131.0755107551076,-0.9680628726599565],[131.04671046710467,-1.1885353112905932],[131.00351003510036,-1.3152635634168774]]],[[[96.49356493564937,5.229469457350831],[96.61596615966158,5.220789440081916],[96.84276842768429,5.2746055471492355],[96.96876968769686,5.269397536787878],[97.0839708397084,5.229469457350831],[97.19197191971921,5.206901412451643],[97.45117451174514,5.236413471165974],[97.50157501575018,5.227733453897059],[97.54837548375485,5.205165408997857],[97.5879758797588,5.170445339922168],[97.7067770677707,5.040245080888326],[97.90837908379086,4.880532763140138],[97.96597965979663,4.778108559366856],[97.99837998379985,4.6617963279632875],[98.01998019980203,4.635756276156528],[98.24678246782469,4.415283837525891],[98.27198271982724,4.321539651021524],[98.23958239582396,4.194811398895254],[98.30798307983082,4.092387195121958],[98.52758527585274,3.99690700516382],[98.65718657186574,3.927466867012427],[98.68598685986859,3.8858027841216085],[98.70398703987041,3.8354586839618463],[98.77958779587794,3.7590745319953385],[98.86958869588699,3.710466435289362],[99.15039150391505,3.5820021797093062],[99.52119521195215,3.3111856409189215],[99.73359733597334,3.1827213853388656],[99.90639906399065,2.988288998515003],[99.97119971199714,2.8945448120106363],[100.02160021600218,2.793856611691126],[100.12600126001263,2.6480323215732255],[100.3060030600306,2.46575195892585],[100.35280352803528,2.41193585185853],[100.39960399603996,2.3320796929844363],[100.45720457204573,2.2574315444717143],[100.52560525605259,2.1897274097741075],[100.60480604806048,2.1376473061605736],[100.68400684006843,2.120287271622729],[100.81720817208173,1.9900870125888872],[100.88920889208896,1.9484229296980544],[100.87840878408787,2.0508471334713505],[100.81720817208173,2.1393833096143595],[100.81720817208173,2.194935420135465],[100.82800828008283,2.2418075133876414],[100.87840878408787,2.283471596278474],[100.93600936009364,2.2938876170011895],[101.04761047610475,2.2574315444717143],[101.22401224012242,2.1029272370848844],[101.29961299612995,2.0126550574880895],[101.35721357213572,1.8876628088156053],[101.4040140401404,1.7574625497817635],[101.47601476014762,1.6932304219917285],[101.57321573215734,1.6706623770925404],[101.68481684816851,1.661982359823611],[101.78561785617859,1.622054280386564],[102.01962019620197,1.4415099211929743],[102.09882098820987,1.358181755411323],[102.15642156421563,1.2592295585455986],[102.19962199621995,1.1411813236882438],[102.2248222482225,1.0179250784695455],[102.23922239222395,0.9901490232089998],[102.39042390423907,0.8425887296373133],[102.46962469624697,0.7800926053010642],[102.56682566825668,0.7488445431329467],[102.8476284762848,0.7158604775110433],[102.94842948429488,0.6637803738974952],[103.03123031230314,0.578716204662058],[103.06723067230672,0.49191603197283484],[103.00603006030059,0.4155318800063128],[102.78642786427866,0.297483645148958],[102.54882548825492,0.2158914828210925],[102.77922779227794,0.2436675380816382],[102.89442894428947,0.2783876071573417],[103.00243002430028,0.33220371422466144],[103.11043110431103,0.39990784892225406],[103.27603276032761,0.4953880388804066],[103.33723337233374,0.5144840768720371],[103.41283412834127,0.5075400630568936],[103.47763477634777,0.47976400779634787],[103.57843578435785,0.3877558247457671],[103.6720367203672,0.28880362788004277],[103.74403744037443,0.1742273999302597],[103.78723787237874,0.04749914780398967],[103.70803708037079,-0.02020498689360295],[103.58923589235894,-0.06881308359957927],[103.42723427234273,-0.19206932881827754],[103.41283412834127,-0.24067742552423965],[103.44523445234455,-0.27192548769235714],[103.40563405634055,-0.36219766728916625],[103.49563495634959,-0.4177497778102719],[103.51003510035099,-0.466357874516234],[103.4308343083431,-0.5340620092138266],[103.43803438034382,-0.5757260921046594],[103.53163531635317,-0.7545344478444633],[103.57843578435785,-0.7961985307352961],[103.72243722437224,-0.886470710332091],[103.93843938439386,-0.9784788933826718],[104.06084060840607,-1.0218789797272905],[104.19764197641979,-1.0548630453491938],[104.25884258842592,-1.053127041895408],[104.359643596436,-1.039239014265135],[104.38124381243813,-1.0739590833408243],[104.42444424444244,-1.2510314356268424],[104.44604446044463,-1.3621356566690537],[104.47844478444784,-1.599968129837535],[104.5180451804518,-1.6989203267032593],[104.51444514445143,-1.8187045650143858],[104.56844568445683,-1.9211287687876677],[104.67644676446764,-1.9870969000314886],[104.79164791647918,-2.0409130070988084],[104.84564845648458,-2.0929931107123423],[104.84564845648458,-2.17111326613265],[104.82764827648276,-2.233609390468885],[104.78804788047881,-2.2822174871748615],[104.66924669246691,-2.3863776944019293],[104.64764647646479,-2.429777780746548],[104.62964629646297,-2.542618005242545],[104.65124651246515,-2.594698108856079],[104.69804698046983,-2.5981701157636508],[104.73404734047341,-2.570394060503091],[104.8780487804878,-2.4193617600238326],[104.91764917649175,-2.391585704763287],[104.97164971649715,-2.3707536633178705],[105.02565025650256,-2.3568656356875977],[105.28485284852849,-2.3568656356875977],[105.39645396453966,-2.3794336805867857],[105.49365493654938,-2.429777780746548],[105.58365583655836,-2.492273905082783],[105.90045900459006,-2.888082692545666],[106.04446044460445,-3.106819127722517],[106.05526055260555,-3.1606352347898365],[106.05886058860591,-3.217923348764728],[106.03366033660336,-3.2613234351093325],[105.90045900459006,-3.410619732134805],[105.8860588605886,-3.4505478115718518],[105.8428584285843,-3.613732136227597],[105.85005850058502,-3.730044367631166],[105.8968589685897,-3.780388467790914],[105.92925929259292,-3.8324685714044477],[105.92925929259292,-3.881076668110424],[105.83925839258393,-4.122381148186463],[105.8320583205832,-4.16230922762351],[105.8860588605886,-4.554646008178821],[105.88965889658897,-4.660542218859675],[105.87885878858788,-4.794214484801088],[105.8860588605886,-5.009478913070367],[105.8176581765818,-5.676104239323635],[105.80325803258035,-5.716032318760668],[105.74925749257494,-5.818456522533964],[105.67725677256772,-5.816720519080178],[105.61965619656195,-5.799360484542333],[105.57645576455764,-5.761168408559072],[105.55485554855551,-5.71256031185311],[105.52245522455223,-5.672632232416063],[105.34965349653498,-5.549375987197365],[105.30285302853031,-5.570208028642767],[105.12645126451264,-5.722976332575811],[105.07965079650796,-5.745544377475014],[105.0220502205022,-5.726448339483383],[104.9320493204932,-5.681312249684979],[104.64044640446406,-5.519863928483019],[104.62244622446224,-5.571944032096553],[104.61884618846187,-5.641384170247946],[104.67644676446764,-5.816720519080178],[104.68364683646837,-5.8931046710467],[104.62964629646297,-5.908728702130759],[104.60084600846011,-5.905256695223187],[104.48204482044821,-5.802832491449905],[104.37044370443704,-5.689992266953908],[104.24444244442446,-5.53895996647465],[104.15084150841511,-5.4660478214157],[104.0680406804068,-5.386191662541606],[103.83043830438305,-5.078919051221746],[103.76923769237692,-5.03204695796957],[103.40563405634055,-4.816782529700291],[103.33363333633338,-4.7647024260867425],[103.24003240032403,-4.6761662499437335],[103.13923139231395,-4.596310091069654],[102.91962919629196,-4.471317842397156],[102.53802538025383,-4.151893206900809],[102.37242372423725,-3.969612844253433],[102.18882188821891,-3.6744922571100602],[102.12762127621278,-3.599844108597324],[101.81801818018181,-3.3776356665129015],[101.64881648816487,-3.243963400571488],[101.5768157681577,-3.16757924860498],[101.41481414814149,-2.898498713268367],[101.36441364413645,-2.808226533671572],[101.30681306813068,-2.7283703747974783],[101.2060120601206,-2.6641382470074575],[101.11961119611198,-2.5877540950409355],[100.9432094320943,-2.3447136115110965],[100.88920889208896,-2.249233421552958],[100.84960849608495,-2.1433372108720903],[100.85680856808568,-1.9350167964179548],[100.48600486004864,-1.2996395323328045],[100.39240392403923,-1.10173513860137],[100.30960309603097,-0.8274465929034136],[100.28800288002878,-0.7996705376428679],[100.08640086400862,-0.5531580472054571],[100.01800018000182,-0.4750378917851492],[99.9315993159932,-0.40038974327241306],[99.85959859598597,-0.3135895705831899],[99.72279722797231,-0.032357011070104136],[99.6687966879669,0.04576314435020379],[99.59679596795968,0.10305125832509532],[99.33399333993339,0.20894746900594896],[99.23679236792367,0.2679715864346264],[99.15759157591577,0.35129975221629195],[99.1107911079111,0.4589319663509315],[99.06039060390606,0.6863484187966975],[98.93438934389343,1.0318131060998184],[98.79758797587976,1.495326028260294],[98.70398703987041,1.7019104392606579],[98.5959859598596,1.865094763916403],[98.56358563585638,1.9015508364458782],[98.08478084780847,2.194935420135465],[98.00558005580058,2.238335506480084],[97.91917919179195,2.2643755582868437],[97.79677796777969,2.283471596278474],[97.69957699576997,2.3581197447912103],[97.66357663576639,2.49352801418641],[97.6419764197642,2.6758083768337855],[97.61677616776171,2.785176594422211],[97.59157591575917,2.84593671530466],[97.389973899739,2.9761369743385018],[97.31437314373147,3.076825174658012],[97.24957249572498,3.189665399154009],[97.18837188371884,3.2764655718432323],[96.96876968769686,3.575058165894177],[96.89316893168933,3.6531783213144706],[96.79956799567998,3.7087304318355763],[96.5259652596526,3.766018545810468],[96.44316443164433,3.81636264597023],[96.30996309963103,3.9864909844411045],[96.23076230762308,4.073291157130342],[95.98955989559897,4.262515533592847],[95.57915579155792,4.6617963279632875],[95.49635496354966,4.760748524829012],[95.43155431554317,4.8649087320560795],[95.38115381153813,4.976012953098291],[95.20835208352082,5.283285564418165],[95.21915219152191,5.3457816887544],[95.24795247952483,5.410013816544435],[95.24435244352446,5.463829923611755],[95.22275222752228,5.517646030679074],[95.22635226352264,5.564518123931251],[95.28035280352805,5.592294179191811],[95.39555395553958,5.628750251721286],[95.51795517955179,5.625278244813714],[95.62955629556296,5.609654213729655],[95.73755737557377,5.580142155015309],[95.84195841958422,5.514174023771503],[96.02556025560256,5.3509896991157575],[96.13356133561336,5.293701585140866],[96.25236252362527,5.267661533334092],[96.49356493564937,5.229469457350831]]],[[[122.78462784627845,-8.61168607967329],[122.64062640626406,-8.64640614874898],[122.55422554225544,-8.68112621782467],[122.47142471424718,-8.72626230762306],[122.41742417424177,-8.734942324891989],[122.32022320223206,-8.73841433179956],[122.1870218702187,-8.729734314530631],[122.09342093420935,-8.74535834561469],[121.83781837818378,-8.859934573564473],[121.7370173701737,-8.870350594287174],[121.65061650616508,-8.898126649547734],[121.62181621816217,-8.85299055974933],[121.58581585815858,-8.820006494127426],[121.49941499414996,-8.813062480312297],[121.41301413014133,-8.814798483766069],[121.32661326613265,-8.917222687539365],[121.18981189811899,-8.894654642640162],[121.13581135811359,-8.905070663362878],[121.08541085410855,-8.92590270480828],[121.0350103501035,-8.93458272207721],[120.9810098100981,-8.927638708262066],[120.77940779407794,-8.849518552841772],[120.54900549005492,-8.802646459589582],[120.31860318603185,-8.820006494127426],[120.12060120601205,-8.776606407782822],[120.01260012600125,-8.809590473404725],[119.90819908199086,-8.858198570110687],[119.87939879398795,-8.80785446995094],[119.839798397984,-8.762718380152535],[119.80739807398078,-8.698486252362514],[119.80739807398078,-8.622102100395992],[119.81819818198181,-8.570021996782458],[119.84699846998473,-8.523149903530268],[119.86499864998649,-8.47280580337052],[119.87579875798758,-8.4189896963032],[119.9189991899919,-8.445029748109974],[119.9621996219962,-8.436349730841044],[120.09900099000993,-8.377325613412367],[120.23220232202323,-8.290525440723144],[120.35460354603549,-8.25754137510124],[120.42660426604266,-8.248861357832311],[120.48420484204843,-8.266221392370156],[120.54540545405456,-8.259277378555026],[120.61020610206106,-8.240181340563396],[120.71100711007114,-8.307885475260989],[120.75060750607508,-8.321773502891261],[120.88740887408875,-8.326981513252619],[121.00981009810101,-8.36517358923588],[121.11781117811177,-8.424197706664557],[121.27621276212761,-8.478013813731877],[121.37341373413733,-8.550925958790828],[121.44541445414455,-8.576966010597587],[121.49941499414996,-8.585646027866517],[121.54621546215463,-8.575230007143816],[121.61101611016113,-8.52662191043784],[121.6830168301683,-8.505789868992423],[121.7478174781748,-8.505789868992423],[121.86301863018633,-8.493637844815936],[121.91341913419137,-8.481485820639449],[121.96741967419678,-8.455445768832675],[122.02142021420218,-8.471069799916734],[122.06822068220686,-8.497109851723508],[122.26262262622629,-8.625574107303564],[122.32382323823242,-8.629046114211135],[122.43182431824317,-8.601270058950576],[122.46782467824681,-8.566549989874886],[122.48222482224821,-8.512733882807566],[122.51462514625149,-8.469333796462948],[122.55422554225544,-8.431141720479687],[122.60462604626048,-8.401629661765355],[122.74862748627487,-8.353021565059393],[122.84942849428495,-8.304413468353417],[122.91782917829181,-8.221085302571765],[122.75942759427596,-8.186365233496076],[122.79182791827918,-8.127341116067399],[122.84582845828459,-8.09262104699171],[122.91782917829181,-8.104773071168196],[122.97902979029789,-8.151645164420387],[123.00423004230043,-8.328717516706405],[122.9538295382954,-8.354757568513179],[122.92502925029254,-8.380797620319939],[122.90342903429035,-8.415517689395628],[122.809828098281,-8.481485820639449],[122.84582845828459,-8.561341979513529],[122.8206282062821,-8.596062048589218],[122.78462784627845,-8.61168607967329]]],[[[120.01260012600125,-9.375527599338483],[120.05940059400598,-9.418927685683101],[120.22140221402213,-9.505727858372325],[120.24660246602468,-9.5421839309018],[120.25740257402578,-9.602944051784249],[120.289802898029,-9.648080141582653],[120.36540365403653,-9.655024155397797],[120.44460444604448,-9.646344138128867],[120.50220502205025,-9.674120193389427],[120.55620556205565,-9.719256283187818],[120.63180631806318,-9.806056455877041],[120.70020700207004,-9.90327264928898],[120.7830078300783,-9.957088756356299],[120.83340833408334,-10.036944915230393],[120.80460804608049,-10.108121056835557],[120.69660696606968,-10.207073253701282],[120.63900639006391,-10.227905295146684],[120.56340563405632,-10.234849308961827],[120.43740437404375,-10.293873426390505],[120.39420394203944,-10.262625364222373],[120.25380253802541,-10.24179332277697],[120.1458014580146,-10.200129239886138],[120.05220052200525,-10.12200908446583],[119.99819998199985,-10.040416922137965],[119.92979929799299,-9.965768773625229],[119.81099810998109,-9.917160676919252],[119.60219602196025,-9.773072390255138],[119.4689946899469,-9.76092036607865],[119.41499414994149,-9.771336386801352],[119.36099360993609,-9.771336386801352],[119.0837908379084,-9.70710425901133],[119.04059040590408,-9.66891218302807],[119.0081900819008,-9.620304086322108],[118.97578975789759,-9.573431993069917],[118.95778957789577,-9.519615886002597],[118.99378993789941,-9.472743792750421],[119.02979029790299,-9.439759727128504],[119.18459184591848,-9.384207616607398],[119.29619296192965,-9.366847582069553],[119.42219422194222,-9.370319588977125],[119.61299612996129,-9.35295955443928],[119.79659796597969,-9.38073560969984],[119.85059850598509,-9.359903568254424],[119.94059940599408,-9.300879450825747],[119.9729997299973,-9.321711492271163],[120.01260012600125,-9.375527599338483]]],[[[118.24138241382417,-8.318301495983704],[118.29178291782921,-8.35649357196695],[118.33858338583389,-8.353021565059393],[118.43218432184324,-8.293997447630716],[118.489784897849,-8.271429402731513],[118.55098550985508,-8.269693399277728],[118.61218612186121,-8.280109420000443],[118.66978669786698,-8.323509506345047],[118.69138691386917,-8.392949644496426],[118.7129871298713,-8.415517689395628],[118.74898748987493,-8.33045352016019],[118.79578795787961,-8.306149471807203],[118.84618846188465,-8.29226144417693],[118.92538925389255,-8.297469454538287],[118.98658986589868,-8.337397533975334],[119.04419044190445,-8.45718177228646],[119.04059040590408,-8.561341979513529],[119.06219062190621,-8.59953405549679],[119.10179101791022,-8.629046114211135],[119.13059130591307,-8.668974193648168],[119.10539105391052,-8.710638276539001],[119.08019080190803,-8.729734314530631],[119.00459004590044,-8.748830352522262],[118.97218972189722,-8.741886338707118],[118.939789397894,-8.712374279992787],[118.90378903789036,-8.701958259270086],[118.8209882098821,-8.712374279992787],[118.74538745387457,-8.734942324891989],[118.7561875618756,-8.77313440087525],[118.81738817388174,-8.790494435413095],[118.83538835388356,-8.809590473404725],[118.8317883178832,-8.8338945217577],[118.80658806588065,-8.839102532119057],[118.72738727387275,-8.806118466497153],[118.67338673386735,-8.811326476858511],[118.47898478984791,-8.856462566656901],[118.42858428584287,-8.854726563203116],[118.39618396183965,-8.813062480312297],[118.39978399783996,-8.703694262723872],[118.37818378183783,-8.674182204009526],[118.23418234182344,-8.80785446995094],[118.19098190981913,-8.840838535572843],[118.129781297813,-8.856462566656901],[118.07218072180723,-8.851254556295544],[117.85977859778598,-8.931110715169638],[117.79497794977954,-8.920694694446937],[117.73017730177304,-8.920694694446937],[117.5069750697507,-9.00749486713616],[117.38817388173885,-9.031798915489148],[117.32697326973272,-9.033534918942934],[117.26577265772659,-9.02659090512779],[117.21177211772118,-9.033534918942934],[117.16137161371614,-9.069990991472409],[117.06057060570606,-9.09950305018674],[116.95976959769598,-9.076935005287538],[116.869768697687,-9.04568694311942],[116.78696786967873,-9.005758863682374],[116.76896768967691,-8.955414763522626],[116.77256772567728,-8.894654642640162],[116.80856808568086,-8.811326476858511],[116.78336783367837,-8.66550218674061],[116.80136801368013,-8.597798052043004],[116.83376833768341,-8.531829920799197],[116.88776887768881,-8.507525872446209],[116.95256952569525,-8.504053865538637],[117.06417064170643,-8.445029748109974],[117.1649716497165,-8.366909592689666],[117.22257222572227,-8.37385360650481],[117.35577355773557,-8.42766971357213],[117.43497434974353,-8.434613727387259],[117.56817568175683,-8.425933710118343],[117.62217622176223,-8.458917775740247],[117.64377643776442,-8.535301927706769],[117.67257672576727,-8.563077982967314],[117.71217712177122,-8.582174020958945],[117.80577805778057,-8.710638276539001],[117.89217892178925,-8.703694262723872],[117.96777967779678,-8.727998311076846],[118.10458104581045,-8.649878155656538],[118.20538205382053,-8.651614159110323],[118.23418234182344,-8.59259004168166],[118.17298172981731,-8.528357913891625],[118.10098100981008,-8.474541806824305],[118.06138061380614,-8.464125786101604],[118.01818018180182,-8.467597793009162],[117.97857978579788,-8.458917775740247],[117.81657816578166,-8.342605544336678],[117.76617766177662,-8.278373416546657],[117.73737737377377,-8.20372526803392],[117.75537755377553,-8.149909160966601],[117.8669786697867,-8.101301064260625],[117.92097920979211,-8.089149040084138],[118.1189811898119,-8.122133105706041],[118.15138151381512,-8.149909160966601],[118.20178201782016,-8.267957395823942],[118.24138241382417,-8.318301495983704]]],[[[124.89064890648905,0.9953570335703432],[124.69984699846998,0.8252286950994687],[124.63864638646385,0.743636532771589],[124.5882458824588,0.65510035662858],[124.51264512645128,0.5578841632166416],[124.42624426244265,0.47108399052741845],[124.38304383043834,0.4450439387206444],[124.2786427864279,0.3981718454684682],[124.21744217442176,0.38081181093062355],[124.10224102241023,0.37386779711548],[123.75303753037531,0.3061636624178874],[123.64143641436414,0.297483645148958],[123.52623526235266,0.30095565205652974],[123.31023310233104,0.31831568659437437],[123.26703267032673,0.3269957038633038],[123.18063180631805,0.4155318800063128],[123.08343083430833,0.4849720181576913],[122.9970299702997,0.49365203542662073],[122.91062910629108,0.4867080216114772],[122.28062280622805,0.48150001125011954],[122.06102061020613,0.4676119836198467],[121.84141841418415,0.4363639214517292],[121.72261722617225,0.45025194908200206],[121.6038160381604,0.4867080216114772],[121.51741517415178,0.49886004578796417],[121.42741427414273,0.4953880388804066],[121.01341013410138,0.44157193181308685],[120.90900909009093,0.4467799421744303],[120.70020700207004,0.5144840768720371],[120.57780577805778,0.52837210450231],[120.45900459004594,0.5110120699644654],[120.34740347403476,0.4485159456282162],[120.30780307803082,0.40858786619116927],[120.19260192601928,0.2679715864346264],[120.12780127801278,0.16728338611513038],[120.07740077400774,0.04055513398884614],[120.0378003780038,-0.08964512504498146],[120.01260012600125,-0.1955413357258493],[120.01260012600125,-0.3066455567680606],[120.03060030600307,-0.43163780544054475],[120.06300063000629,-0.554894050659243],[120.09900099000993,-0.6503742406173956],[120.23940239402395,-0.8691106757942464],[120.26820268202681,-0.898622734508578],[120.42660426604266,-0.9611188588448272],[120.51660516605165,-1.039239014265135],[120.60660606606069,-1.257975449441986],[120.66780667806677,-1.370815673937983],[120.7290072900729,-1.370815673937983],[120.79740797407976,-1.3638716601228396],[120.9162091620916,-1.3777596877531124],[121.0350103501035,-1.4072717464674582],[121.15021150211504,-1.3395676117698514],[121.21141211412117,-1.2128393596435814],[121.27621276212761,-1.1173591696854288],[121.4310143101431,-0.9385508139456249],[121.52101521015209,-0.8552226481639735],[121.57501575015749,-0.8291825963571995],[121.63261632616326,-0.8395986170799006],[121.67941679416793,-0.8882067137858769],[121.7370173701737,-0.9263987897691379],[121.85221852218524,-0.9454948277607684],[121.97101971019714,-0.9333428035842672],[122.09342093420935,-0.874318686155604],[122.13662136621366,-0.8395986170799006],[122.17622176221761,-0.7944625272815102],[122.28062280622805,-0.7562704512982492],[122.52902529025289,-0.7562704512982492],[122.65862658626588,-0.7701584789285221],[122.8890288902889,-0.7545344478444633],[122.88542885428853,-0.72155038222256],[122.84222842228422,-0.6868303131468707],[122.82782827828277,-0.6590542578863108],[122.87102871028713,-0.6399582198946803],[123.01863018630189,-0.6000301404576476],[123.16983169831701,-0.5705180817433018],[123.28143281432813,-0.5913501231887182],[123.3786337863379,-0.6486382371636097],[123.41823418234185,-0.7076623545922871],[123.43263432634325,-0.7788384961974515],[123.39663396633966,-0.9611188588448272],[123.3786337863379,-1.0045189451894316],[123.29943299432995,-1.025350986634848],[123.22743227432278,-1.001046938281874],[123.15183151831519,-0.9073027517775074],[123.05103051030511,-0.8725826827018182],[122.90342903429035,-0.9003587379623639],[122.85302853028531,-0.9281347932229238],[122.80622806228064,-0.9663268692061848],[122.72342723427238,-1.063543062618109],[122.65502655026552,-1.1746472836603203],[122.50742507425076,-1.3482476290387808],[122.33462334623346,-1.4975439260642531],[122.2518225182252,-1.5548320400391304],[122.15822158221584,-1.5947601194761774],[121.85941859418597,-1.6937123163419017],[121.78021780217802,-1.766624461400852],[121.71901719017194,-1.8621046513590045],[121.65061650616508,-1.8950887169809079],[121.57141571415713,-1.905504737703609],[121.51381513815141,-1.8881447031657643],[121.39501395013951,-1.8343285960984446],[121.35541355413557,-1.8777286824430632],[121.34821348213484,-1.9454328171406559],[121.4058140581406,-1.969736865493644],[121.50301503015032,-2.04438501400638],[121.57501575015749,-2.150281224687234],[121.62181621816217,-2.172849269586436],[121.72621726217261,-2.2075693386621253],[121.76941769417698,-2.2405534042840287],[121.84861848618488,-2.3308255838808236],[121.97101971019714,-2.542618005242545],[122.01422014220145,-2.657194233192314],[122.08262082620826,-2.7492024162428947],[122.29142291422914,-2.9071787305372965],[122.30222302223024,-2.952314820335687],[122.29142291422914,-3.0043949239492207],[122.3058230582306,-3.051267017201411],[122.38142381423813,-3.141539196798206],[122.39942399423995,-3.2005633142268834],[122.3166231662317,-3.2752114627396196],[122.31302313023133,-3.382843676874259],[122.26262262622629,-3.526931963538374],[122.2518225182252,-3.575540060244336],[122.2518225182252,-3.6206761500427405],[122.28782287822878,-3.6623402329335732],[122.32742327423273,-3.6935882951016907],[122.3850238502385,-3.7109483296395354],[122.43542435424354,-3.740460388353867],[122.52902529025289,-3.853300612849864],[122.57942579425793,-3.8828126715641957],[122.60822608226084,-3.9227407510012426],[122.60822608226084,-3.985236875337492],[122.65142651426515,-4.019956944413181],[122.6910269102691,-4.084189072203216],[122.74862748627487,-4.099813103287275],[122.77742777427773,-4.08245306874943],[122.79902799027991,-4.05467701348887],[122.84942849428495,-4.065093034211586],[122.8782287822878,-4.10849312055619],[122.89262892628926,-4.165781234531082],[122.89982899828999,-4.230013362321117],[122.89622896228963,-4.349797600632243],[122.87102871028713,-4.391461683523076],[122.81702817028173,-4.38972568006929],[122.71982719827201,-4.341117583363314],[122.71622716227165,-4.375837652439017],[122.72342723427238,-4.4105577215147065],[122.67302673026734,-4.4227097456911935],[122.61542615426157,-4.417501735329836],[122.47142471424718,-4.4227097456911935],[122.20862208622088,-4.495621890750144],[122.11502115021153,-4.540757980548548],[122.0538205382054,-4.620614139422628],[122.05022050220504,-4.674430246489948],[122.07182071820722,-4.7924784813473025],[122.03942039420394,-4.832406560784349],[121.91701917019174,-4.848030591868408],[121.7478174781748,-4.816782529700291],[121.64701647016471,-4.785534467532159],[121.58941589415895,-4.759494415725399],[121.51381513815141,-4.681374260305091],[121.4850148501485,-4.580686059985581],[121.54261542615427,-4.282093465934651],[121.55701557015573,-4.2439013899513895],[121.58221582215822,-4.210917324329486],[121.61101611016113,-4.157101217262166],[121.61821618216186,-4.092869089472131],[121.5390153901539,-4.014748934051823],[121.4166141661417,-3.983500871883706],[121.31221312213125,-3.919268744093685],[120.9126091260913,-3.5564440222527054],[120.89100891008911,-3.5199879497232303],[120.89100891008911,-3.460963832294567],[120.90540905409057,-3.4036757183196755],[121.03861038610387,-3.205771324588227],[121.05301053010533,-3.16757924860498],[121.07101071010709,-3.0096029343105783],[121.06741067410672,-2.8811386787305224],[121.05301053010533,-2.7509384196966806],[120.9918099180992,-2.671082260822601],[120.88020880208802,-2.645042209015827],[120.76500765007648,-2.641570202108255],[120.65340653406537,-2.6676102539150293],[120.54540545405456,-2.73184238170505],[120.34020340203404,-2.8689866545540355],[120.26100261002614,-2.948842813428115],[120.25380253802541,-3.053003020655197],[120.30060300603009,-3.153691220974693],[120.36180361803616,-3.2474354074790597],[120.39060390603908,-3.34812360779857],[120.43740437404375,-3.7074763227319636],[120.43380433804339,-3.7474044021690105],[120.38340383403835,-3.8515646093960783],[120.36180361803616,-4.085925075656988],[120.38340383403835,-4.41576573187605],[120.41940419404193,-4.617142132515056],[120.40500405004053,-4.7265103501034815],[120.31140311403112,-4.962606819818191],[120.28260282602827,-5.092807078852019],[120.2790027900279,-5.146623185919353],[120.39060390603908,-5.393135676356749],[120.41580415804157,-5.490351869768688],[120.43020430204302,-5.591040070088184],[120.31140311403112,-5.542431973382222],[120.25740257402578,-5.5441679768360075],[120.19980199802,-5.559792007920066],[120.07740077400774,-5.575416039004125],[119.95139951399517,-5.577152042457911],[119.90819908199086,-5.596248080449541],[119.81819818198181,-5.662216211693348],[119.76419764197641,-5.688256263500122],[119.71739717397173,-5.69346427386148],[119.55899558995588,-5.6118721115336],[119.46179461794617,-5.521599931936805],[119.37539375393754,-5.424383738524867],[119.36099360993609,-5.315015520936441],[119.389793897939,-5.2004392929866725],[119.43299432994331,-5.078919051221746],[119.51939519395194,-4.87754265058274],[119.51579515795157,-4.7421343811875545],[119.54459544595449,-4.631030160145343],[119.59499594995953,-4.523397946010704],[119.61299612996129,-4.4227097456911935],[119.62379623796238,-4.033844972043454],[119.61299612996129,-3.9991249029677647],[119.49419494194944,-3.768236443614427],[119.47979479794799,-3.730044367631166],[119.47979479794799,-3.6675482432949167],[119.49059490594908,-3.6085241258662393],[119.49419494194944,-3.5547080187989195],[119.4689946899469,-3.513043935908101],[119.41859418594186,-3.47485185992484],[119.36099360993609,-3.459227828840781],[119.23859238592388,-3.47485185992484],[118.99378993789941,-3.537347984261075],[118.92178921789218,-3.483531877193755],[118.86778867788678,-3.398467707958318],[118.8317883178832,-3.280419473100963],[118.81378813788137,-3.1571632278822648],[118.8209882098821,-3.040850996478696],[118.85698856988569,-2.928010771982713],[118.82818828188283,-2.849890616562405],[118.78498784987852,-2.7648264473269535],[118.78498784987852,-2.721426360982349],[118.81018810188101,-2.681498281545302],[118.85338853388532,-2.6502502193771846],[118.90738907389073,-2.631154181385554],[118.95778957789577,-2.5981701157636508],[119.09099090990912,-2.4835938878138677],[119.13419134191344,-2.3829056874943575],[119.1377913779138,-2.2579134388218733],[119.17379173791738,-2.1398652039645327],[119.24219242192424,-2.0304969863761073],[119.32139321393214,-1.9298087860565971],[119.34659346593469,-1.8256485788295294],[119.30699306993068,-1.6589922472662124],[119.3249932499325,-1.5843440987534763],[119.31059310593105,-1.4958079226104672],[119.31059310593105,-1.40900774992123],[119.35739357393572,-1.2440874218116988],[119.50859508595084,-0.9073027517775074],[119.6525965259653,-0.7284943960377035],[119.710197101971,-0.6816223027855131],[119.7857978579786,-0.7632144651133927],[119.84339843398436,-0.8621666619791029],[119.84699846998473,-0.7736304858360938],[119.8289982899829,-0.6868303131468707],[119.77139771397714,-0.48371790905407863],[119.7209972099721,-0.08790912159119557],[119.73539735397355,-0.051453049061720435],[119.7857978579786,-0.056661059423078086],[119.839798397984,-0.021940990347388833],[119.86499864998649,0.04055513398884614],[119.81099810998109,0.1863794241067609],[119.81099810998109,0.23845952772029477],[119.91179911799117,0.4450439387206444],[119.99819998199985,0.5196920872333806],[120.03420034200343,0.566564180485571],[120.05580055800561,0.693292432611841],[120.09900099000993,0.7401645258640173],[120.1566015660157,0.7748845949397065],[120.22860228602286,0.8616847676289439],[120.26820268202681,0.9710529852173693],[120.29340293402936,0.9797330024862845],[120.32220322203221,0.9832050093938562],[120.36540365403653,0.8877248194357037],[120.41580415804157,0.8495327434524427],[120.51660516605165,0.8182846812843252],[120.60300603006033,0.8547407538138003],[120.62820628206282,0.9016128470659908],[120.6606066060661,0.9432769299568093],[120.71100711007114,0.986677016301428],[120.75420754207545,1.0352851130073901],[120.80460804608049,1.1498613409571732],[120.86940869408693,1.252285544730455],[120.9126091260913,1.2887416172599302],[120.96660966609664,1.3113096621591325],[121.02421024210241,1.3251976897894053],[121.08181081810818,1.3269336932431912],[121.20781207812081,1.2627015654531704],[121.28341283412834,1.2505495412766692],[121.35541355413557,1.254021548184241],[121.4058140581406,1.2436055274615399],[121.44181441814419,1.214093468747194],[121.47421474214741,1.1550693513185308],[121.51381513815141,1.1047252511587686],[121.549815498155,1.0804212028057947],[121.59301593015931,1.0682691786292935],[121.8666186661867,1.0891012200747099],[122.1078210782108,1.0318131060998184],[122.43542435424354,1.0179250784695455],[122.55062550625507,0.9849410128476421],[122.65862658626588,0.9398049230492376],[122.78822788227882,0.8634207710827297],[122.83862838628386,0.8460607365448851],[122.89262892628926,0.8495327434524427],[122.96102961029612,0.922444888511393],[123.01143011430116,0.9398049230492376],[123.06543065430657,0.9415409265030235],[123.27783277832782,0.9276528988727506],[123.84663846638466,0.8373807192759557],[123.92943929439298,0.8512687469062286],[124.27504275042753,1.0231330888309031],[124.4118441184412,1.1845814100328624],[124.53424534245346,1.229717499831267],[124.57384573845741,1.3043656483440031],[124.5990459904599,1.3929018244870122],[124.64224642246421,1.4154698693862002],[124.74664746647466,1.4415099211929743],[124.78624786247866,1.4675499729997483],[124.86184861848619,1.5751821871343878],[124.94824948249482,1.672398380546312],[124.98784987849882,1.700174435806872],[125.11025110251103,1.6862864081765991],[125.16425164251643,1.6428863218319805],[125.2326523265233,1.5022700420754376],[125.2218522185222,1.4779659937224494],[125.14265142651425,1.408525855571071],[125.11745117451176,1.379013796856725],[125.02745027450277,1.1793733996715048],[124.96624966249664,1.0821572062595806],[124.89064890648905,0.9953570335703432]]],[[[107.37287372873732,-6.007680898996483],[107.4736747367474,-6.122257126946252],[107.56367563675639,-6.183017247828715],[107.66807668076683,-6.216001313450619],[107.77607776077764,-6.2194733203581904],[107.88407884078839,-6.233361347988463],[108.01008010080102,-6.276761434333082],[108.13608136081359,-6.2958574723247125],[108.19728197281972,-6.288913458509569],[108.25488254882549,-6.266345413610367],[108.29448294482944,-6.264609410156595],[108.33048330483308,-6.285441451601997],[108.42048420484207,-6.382657645013936],[108.51768517685178,-6.471193821156945],[108.53928539285391,-6.516329910955349],[108.60408604086041,-6.729858335770842],[108.67608676086763,-6.790618456653306],[108.78048780487808,-6.80797849119115],[108.89928899288992,-6.80797849119115],[109.01809018090182,-6.8166585084600655],[109.29529295292951,-6.867002608619828],[109.40329403294032,-6.860058594804684],[109.50049500495004,-6.809714494644936],[109.58689586895872,-6.8426985602668395],[109.8208982089821,-6.901722677695517],[109.93609936099364,-6.91561070532579],[110.06570065700657,-6.898250670787945],[110.19890198901987,-6.894778663880373],[110.260102601026,-6.912138698418218],[110.32130321303214,-6.938178750224992],[110.37170371703718,-6.948594770947693],[110.42570425704258,-6.946858767493907],[110.51930519305193,-6.896514667334159],[110.58410584105843,-6.806242487737364],[110.63450634506347,-6.6899302563337955],[110.67410674106742,-6.570146018022669],[110.69930699306997,-6.518065914409135],[110.73530735307355,-6.4729298246107305],[110.78570785707859,-6.443417765896399],[110.83610836108363,-6.424321727904768],[110.9729097290973,-6.436473752081255],[111.00171001710021,-6.464249807341815],[111.15291152911533,-6.669098214888393],[111.18171181711818,-6.686458249426238],[111.3437134371344,-6.700346277056511],[111.38691386913871,-6.693402263241367],[111.48411484114843,-6.651738180350534],[111.5417154171542,-6.648266173442977],[111.64251642516427,-6.698610273602725],[111.68931689316895,-6.7420103599473435],[111.73611736117363,-6.773258422115461],[111.98811988119883,-6.806242487737364],[112.08892088920891,-6.8930426604265875],[112.13572135721358,-6.905194684603089],[112.3121231212312,-6.894778663880373],[112.43452434524346,-6.903458681149303],[112.5389253892539,-6.926026726048491],[112.58572585725858,-7.051018974720989],[112.62532625326253,-7.177747226847259],[112.65052650526508,-7.221147313191864],[112.75132751327516,-7.264547399536482],[112.79452794527947,-7.304475478973529],[112.78372783727838,-7.431203731099799],[112.79452794527947,-7.552723972864712],[113.01413014130145,-7.656884180091794],[113.24813248132483,-7.717644300974243],[113.49653496534967,-7.724588314789386],[113.74853748537487,-7.70375627334397],[113.87453874538744,-7.677716221537196],[114.03654036540365,-7.632580131738806],[114.06894068940693,-7.632580131738806],[114.3821438214382,-7.771460408041563],[114.41094410944112,-7.792292449486979],[114.44334443344434,-7.896452656714061],[114.44334443344434,-8.0040848708487],[114.38574385743857,-8.262749385462598],[114.3821438214382,-8.333925527067763],[114.38574385743857,-8.405101668672927],[114.45054450544507,-8.559605976059743],[114.48294482944829,-8.603006062404361],[114.59454594545946,-8.684598224732241],[114.59814598145982,-8.727998311076846],[114.58374583745837,-8.769662393967678],[114.4577445774458,-8.740150335253347],[114.3821438214382,-8.705430266177643],[114.3389433894339,-8.648142152202766],[114.27774277742776,-8.615158086580848],[114.15894158941592,-8.62731011075735],[113.93933939339394,-8.568285993328672],[113.6909369093691,-8.478013813731877],[113.2517325173252,-8.287053433815572],[113.1329313293133,-8.288789437269358],[113.01773017730176,-8.313093485622346],[112.89892898928991,-8.361701582328308],[112.77292772927728,-8.396421651403998],[112.67932679326793,-8.408573675580499],[112.58572585725858,-8.39989365831157],[112.3517235172352,-8.353021565059393],[112.1141211412114,-8.323509506345047],[111.50931509315092,-8.304413468353417],[111.34011340113403,-8.261013382008812],[111.05571055710556,-8.240181340563396],[110.8289082890829,-8.201989264580135],[110.60570605706056,-8.149909160966601],[110.03690036900372,-7.891244646352703],[109.85329853298532,-7.828748522016454],[109.28089280892812,-7.705492276797756],[109.19449194491943,-7.695076256075055],[108.9856898568986,-7.70375627334397],[108.85608856088561,-7.667300200814495],[108.74088740887407,-7.667300200814495],[108.57168571685719,-7.707228280251542],[108.51768517685178,-7.736740338965873],[108.45288452884529,-7.797500459848337],[108.33408334083344,-7.794028452940765],[108.21888218882191,-7.781876428764278],[107.91647916479167,-7.724588314789386],[107.8048780487805,-7.688132242259911],[107.69687696876969,-7.636052138646377],[107.5960759607596,-7.566612000494999],[107.54567545675457,-7.542307952142011],[107.28647286472864,-7.471131810536846],[107.07047070470708,-7.446827762183858],[106.63126631266312,-7.415579700015741],[106.5340653406534,-7.394747658570324],[106.4548645486455,-7.36870760676355],[106.41166411664119,-7.311419492788659],[106.41526415264156,-7.238507347729708],[106.44766447664477,-7.176011223393473],[106.49086490864909,-7.113515099057224],[106.519665196652,-7.054490981628547],[106.19926199261994,-6.927762729502277],[105.94365943659437,-6.858322591350898],[105.83565835658356,-6.846170567174411],[105.72405724057239,-6.846170567174411],[105.60165601656018,-6.860058594804684],[105.47925479254792,-6.853114580989541],[105.42165421654215,-6.834018542997924],[105.36045360453608,-6.825338525728995],[105.30285302853031,-6.840962556813054],[105.25605256052563,-6.835754546451696],[105.24165241652418,-6.778466432476819],[105.2740527405274,-6.729858335770842],[105.33525335253353,-6.674306225249737],[105.37125371253711,-6.663890204527036],[105.38565385653857,-6.750690377216259],[105.40365403654039,-6.768050411754103],[105.46125461254616,-6.787146449745734],[105.48285482854828,-6.781938439384376],[105.580055800558,-6.670834218342165],[105.60885608856091,-6.617018111274845],[105.65565655656559,-6.469457817703159],[105.70605706057063,-6.497233872963719],[105.75645756457567,-6.479873838425874],[105.78525785257852,-6.457305793526672],[105.86805868058684,-6.117049116584909],[105.93645936459365,-6.016360916265398],[106.030060300603,-5.934768753937533],[106.07326073260731,-5.9139367124921165],[106.16686166861672,-5.9642808126518645],[106.35046350463506,-5.983376850643495],[106.45846458464587,-6.018096919719184],[106.57006570065704,-6.021568926626756],[106.67446674466748,-6.038928961164601],[106.8256682566826,-6.097953078593278],[106.87966879668795,-6.09274506823192],[106.93006930069299,-6.07364903024029],[107.01287012870131,-6.007680898996483],[107.04527045270453,-5.903520691769401],[107.16047160471607,-5.957336798836721],[107.33327333273331,-5.978168840282137],[107.37287372873732,-6.007680898996483]]],[[[109.63009630096303,2.0282790885721482],[109.54009540095404,1.8963428260845205],[109.54729547295472,1.8477347293785584],[109.57249572495726,1.8060706464877256],[109.63729637296376,1.776558587773394],[109.65529655296552,1.6151102665714347],[109.73449734497348,1.523102083520854],[109.81729817298174,1.4397739177391884],[109.87849878498787,1.3981098348483556],[109.94329943299437,1.3373497139659065],[109.99009990099904,1.2817976034448009],[110.04050040500408,1.2349255101926104],[110.11610116101161,1.18978942039422],[110.31410314103141,0.9953570335703432],[110.40050400504003,0.9398049230492376],[110.46170461704617,0.8825168090743603],[110.50490504905048,0.8616847676289439],[110.61650616506165,0.8773087987130026],[110.93690936909371,1.0179250784695455],[110.99450994509948,1.026605095738475],[111.10251102511029,1.0509091440914489],[111.28611286112863,1.0439651302763195],[111.48411484114843,0.9953570335703432],[111.54531545315456,0.9936210301165715],[111.60651606516069,1.0231330888309031],[111.69291692916931,1.0144530715619737],[111.76851768517685,0.998829040477915],[111.8081180811808,1.0109810646544162],[111.92331923319233,1.113405268427698],[112.07812078120782,1.1429173271420296],[112.12852128521286,1.2436055274615399],[112.1681216812168,1.3373497139659065],[112.18612186121862,1.4397739177391884],[112.25092250922512,1.4797019971762353],[112.34092340923411,1.5144220662519245],[112.47772477724777,1.559558156050329],[112.94212942129423,1.5665021698654584],[112.9889298892989,1.547406131873828],[112.9997299973,1.49706203171408],[112.9889298892989,1.457133952277033],[113.00693006930072,1.4345659073778307],[113.0681306813068,1.4310939004702732],[113.12573125731257,1.408525855571071],[113.359733597336,1.3269336932431912],[113.45693456934572,1.3026296448902173],[113.51453514535149,1.3078376552515607],[113.62253622536224,1.2366615136463963],[113.68013680136801,1.2609655619993845],[113.75933759337596,1.3113096621591325],[113.83493834938349,1.380749800310511],[113.90333903339035,1.4345659073778307],[114.00054000540007,1.4553979488232471],[114.12654126541264,1.4519259419156896],[114.2741427414274,1.4710219799073059],[114.38574385743857,1.5005340386216517],[114.5117451174512,1.4519259419156896],[114.54414544145442,1.4675499729997483],[114.5657456574566,1.5144220662519245],[114.63054630546304,1.6168462700252206],[114.65934659346595,1.6862864081765991],[114.68454684546845,1.8182226706642268],[114.70254702547027,1.8512067362861302],[114.74934749347494,1.8685667708239748],[114.79974799747998,1.8946068226307347],[114.81414814148144,1.9345349020677816],[114.8321483214832,1.9796709918661861],[114.81414814148144,2.019599071303233],[114.78894788947889,2.0508471334713505],[114.76014760147604,2.161951354513562],[114.76734767347676,2.21229545467331],[114.78534785347853,2.250487530656571],[114.83574835748357,2.2695835686482013],[114.96894968949692,2.351175730976067],[115.08775087750877,2.4466559209342194],[115.15255152551526,2.49352801418641],[115.17775177751781,2.5230400729007414],[115.18135181351812,2.56644015924536],[115.13095130951308,2.6115762490437504],[115.08055080550804,2.6341442939429527],[115.07695076950773,2.6862243975564866],[115.08055080550804,2.7226804700859617],[115.0949509495095,2.757400539161651],[115.08775087750877,2.7903846047835543],[115.08775087750877,2.8407287049433165],[115.11655116551168,2.8945448120106363],[115.18855188551885,2.974400970884716],[115.24615246152462,3.026481074498264],[115.31095310953111,2.9934970088763464],[115.38295382953828,3.0091210399604194],[115.4549545495455,3.035161091767179],[115.49455494554945,3.128905278271546],[115.49815498154982,3.1723053646161645],[115.49095490954909,3.2087614371456397],[115.51255512555127,3.342433703087039],[115.519755197552,3.3615297410786695],[115.56655566555668,3.446593910314121],[115.57015570155704,3.5021460208352266],[115.5449554495545,3.63408228332284],[115.55935559355595,3.7330344801885644],[115.57015570155704,3.9396188911889283],[115.59535595355953,3.9760749637184034],[115.62775627756281,4.081971174399257],[115.67815678156785,4.193075395441468],[115.7825578255783,4.253835516323932],[115.83655836558364,4.333691675198011],[115.86175861758619,4.347579702828298],[115.89775897758977,4.34931570628207],[116.02016020160204,4.290291588853407],[116.13536135361352,4.354523716643428],[116.2361623616236,4.363203733912357],[116.31896318963192,4.354523716643428],[116.36936369363696,4.326747661382882],[116.41616416164163,4.307651623391251],[116.51336513365135,4.370147747727486],[116.5529655296553,4.359731727004785],[116.58896588965888,4.338899685559369],[116.63936639366392,4.338899685559369],[116.69696696966969,4.354523716643428],[116.84456844568444,4.340635689013155],[117.10017100171001,4.337163682105583],[117.27657276572768,4.298971606122322],[117.44937449374493,4.193075395441468],[117.53577535775361,4.172243353996052],[117.57537575375756,4.170507350542266],[117.56457564575646,4.161827333273351],[117.4961749617496,4.134051278012791],[117.46377463774638,4.076763164037899],[117.5609756097561,3.9882269878948904],[117.56457564575646,3.929202870466213],[117.64017640176405,3.877122766852679],[117.72657726577268,3.7972666079785995],[117.73017730177304,3.7694905527180396],[117.76257762577626,3.7330344801885644],[117.77697776977772,3.6896343938439458],[117.71577715777158,3.6444983040455554],[117.62937629376296,3.635818286776626],[117.56817568175683,3.677482369667459],[117.51057510575106,3.7295624732809927],[117.4961749617496,3.665330345490972],[117.44937449374493,3.6288742729614967],[117.28737287372877,3.6392902936841978],[117.17217172171723,3.6392902936841978],[117.0569705697057,3.621930259146353],[117.11457114571147,3.613250241877438],[117.1649716497165,3.5924182004320215],[117.34497344973448,3.4257618688687046],[117.38457384573849,3.3650017479862413],[117.32337323373235,3.243481506221329],[117.35217352173521,3.193137406061581],[117.42057420574207,3.165361350801021],[117.5069750697507,3.1046012299185577],[117.56817568175683,3.0976572161034284],[117.61137611376114,3.064673150481525],[117.61137611376114,3.0056490330528476],[117.63657636576369,2.950096922531742],[117.56817568175683,2.9292648810863255],[117.63657636576369,2.9153768534560527],[117.69777697776976,2.8876007981954928],[117.66537665376654,2.859824742934947],[117.64017640176405,2.825104673859258],[117.66537665376654,2.807744639321413],[117.7481774817748,2.7747605736994956],[117.78417784177844,2.74698451843895],[117.80577805778057,2.668864363018642],[117.88497884978852,2.542136110892372],[118.03258032580328,2.377215782782841],[118.0649806498065,2.3181916653541634],[118.0649806498065,2.262639554833058],[118.04338043380437,2.2157674615808816],[117.95697956979569,2.160215351059776],[117.88857888578889,2.0873032060008256],[117.88137881378816,2.0612631541940516],[117.78777787777881,2.0265430851183623],[117.83097830978312,2.002239036765374],[117.86337863378634,1.9692549711434708],[117.92817928179284,1.866830767370189],[118.07938079380796,1.7019104392606579],[118.15858158581585,1.6411503183781946],[118.47178471784719,1.4172058728399861],[118.63738637386376,1.318253675974276],[118.85338853388532,1.0960452338898534],[118.9649896498965,1.0439651302763195],[118.98658986589868,0.9814690059400704],[118.89298892988933,0.8877248194357037],[118.7561875618756,0.8391167227297416],[118.53298532985332,0.8130766709229675],[118.30978309783097,0.8477967399986568],[118.1945819458195,0.8738367918054308],[118.09378093780941,0.9293889023265365],[118.01458014580146,1.038757119914962],[117.91017910179102,1.0995172407974252],[117.95337953379533,1.0318131060998184],[117.97857978579788,0.9641089714022257],[117.96417964179642,0.8894608228894896],[117.92457924579247,0.832172708914598],[117.85257852578525,0.7887726225699936],[117.77697776977772,0.7540525534943043],[117.7445774457745,0.7297485051413162],[117.55377553775537,0.34088373149357665],[117.52137521375215,0.2367235242665089],[117.46377463774638,-0.20074934608719275],[117.46377463774638,-0.3240055913059052],[117.550175501755,-0.554894050659243],[117.55737557375573,-0.6746782889703695],[117.57537575375756,-0.7267583925839176],[117.5609756097561,-0.7701584789285221],[117.52137521375215,-0.7961985307352961],[117.35577355773557,-0.8673746723404605],[117.2405724057241,-0.9263987897691379],[117.14697146971469,-1.0097269555507893],[117.07137071370715,-1.1121511593240854],[117.0029700297003,-1.1885353112905932],[116.9129691296913,-1.2232553803662967],[116.84816848168481,-1.218047370004939],[116.79776797767977,-1.1833273009292498],[116.76176761767618,-1.1173591696854288],[116.740167401674,-1.0444470246264785],[116.7257672576726,-1.0982631316937983],[116.72936729367296,-1.1503432353073464],[116.75816758167582,-1.2076313492822237],[116.77256772567728,-1.2666554667109011],[116.75456754567546,-1.3274155875933644],[116.71496714967151,-1.3760236842993265],[116.61056610566106,-1.4281037879128604],[116.5529655296553,-1.473239877711265],[116.54576545765457,-1.5530960365853588],[116.51696516965171,-1.5982321263837491],[116.47736477364776,-1.6329521954594384],[116.33336333363337,-1.7128083543335322],[116.3009630096301,-1.7440564165016497],[116.2757627576276,-1.7857204993924825],[116.3549635496355,-1.778776485577339],[116.42336423364236,-1.7857204993924825],[116.43056430564309,-1.8638406548127904],[116.45216452164522,-1.9228647722414536],[116.42336423364236,-2.0530650312752954],[116.31536315363155,-2.1398652039645327],[116.36936369363696,-2.1589612419561632],[116.419764197642,-2.186737297216709],[116.5277652776528,-2.2075693386621253],[116.56376563765639,-2.299577521712706],[116.54936549365493,-2.4106817427549174],[116.5277652776528,-2.5113699430744134],[116.45216452164522,-2.5391459983349733],[116.40176401764018,-2.520049960343343],[116.35136351363514,-2.5217859637971287],[116.31536315363155,-2.5512980225114603],[116.30816308163082,-2.603378126124994],[116.37656376563768,-2.5773380743182344],[116.37296372963732,-2.707538333352076],[116.3549635496355,-2.8325305820245603],[116.32976329763301,-2.901970720175939],[116.290162901629,-2.9592588341508304],[116.22536225362256,-2.976618868688675],[116.1677616776168,-2.934954785797842],[116.15336153361534,-2.9835628825038185],[116.17136171361716,-3.025226965394637],[116.25776257762578,-3.1259151657141473],[116.20376203762038,-3.1484832106133496],[116.1677616776168,-3.183203279689039],[116.14976149761497,-3.233547379848787],[116.05616056160562,-3.34812360779857],[116.01656016560167,-3.433187777034007],[115.99855998559985,-3.523459956630802],[115.95535955359554,-3.5946360982359664],[115.25695256952571,-3.907116719917184],[114.69534695346954,-4.169253241438653],[114.65214652146523,-4.151893206900809],[114.62694626946268,-4.111965127463762],[114.60534605346055,-3.704004315824392],[114.53694536945369,-3.4939478979164704],[114.5261452614526,-3.3758996630591156],[114.4469444694447,-3.4817958737399692],[114.39654396543966,-3.471379853017268],[114.34254342543426,-3.443603797756708],[114.30294302943031,-3.410619732134805],[114.30294302943031,-3.3654836423364145],[114.34254342543426,-3.2352833833025727],[114.29214292142922,-3.306459524907737],[114.23454234542345,-3.360275631975057],[114.17694176941768,-3.355067621613699],[114.12654126541264,-3.3272915663531535],[114.10854108541088,-3.2856274834623207],[114.08334083340833,-3.278683469647177],[113.95733957339576,-3.394995701050746],[113.79533795337954,-3.4557558219332094],[113.70533705337056,-3.4557558219332094],[113.63333633336333,-3.4192997494037343],[113.6369363693637,-3.332499576714511],[113.62973629736297,-3.245699404025274],[113.6117361173612,-3.195355303865526],[113.56493564935653,-3.177995269327681],[113.52533525335252,-3.1849392831428247],[113.41013410134104,-3.228339369487429],[113.36693366933673,-3.2231313591260715],[113.34173341733418,-3.245699404025274],[113.03573035730358,-2.9332187823440563],[112.97092970929708,-3.1866752865965964],[112.75852758527589,-3.322083555991796],[112.60012600126004,-3.4002037114121038],[112.44532445324455,-3.370691652697758],[112.28332283322834,-3.32034755253801],[112.12492124921249,-3.3811076734204732],[111.95571955719561,-3.5304039704459456],[111.90891908919087,-3.5529720153451336],[111.85851858518583,-3.551236011891362],[111.82251822518225,-3.5321399738997314],[111.83331833318334,-3.4192997494037343],[111.8369183691837,-3.308195528361523],[111.82251822518225,-3.056475027562769],[111.8081180811808,-3.0078669308567925],[111.76131761317612,-2.938426792705414],[111.69651696516968,-2.889818695999452],[111.65691656916573,-2.926274768528927],[111.62451624516245,-2.974882865234889],[111.49491494914952,-2.973146861781103],[111.36891368913689,-2.9332187823440563],[111.26091260912608,-2.9557868272432586],[111.04491044910452,-3.056475027562769],[110.92970929709298,-3.0703630551930416],[110.86850868508685,-3.0495310137476253],[110.8289082890829,-2.9957149066803055],[110.85050850508509,-2.9453708065205575],[110.90090900909013,-2.9089147339910824],[110.81090810908108,-2.938426792705414],[110.73530735307355,-2.988770892865162],[110.70290702907027,-3.0217549584870653],[110.66690666906669,-3.0043949239492207],[110.57330573305734,-2.8915546994532377],[110.3789037890379,-2.9332187823440563],[110.350103501035,-2.9471068099743434],[110.30330303303032,-2.98529888595759],[110.25650256502564,-2.9662028479659597],[110.23130231302315,-2.924538765075141],[110.22410224102242,-2.6884422953604457],[110.12330123301234,-2.233609390468885],[110.0981009810098,-2.0009849276617615],[110.07650076500767,-1.9471688205944417],[109.96129961299613,-1.8621046513590045],[109.9648996489965,-1.7423204130478638],[110.02250022500226,-1.6433682161821537],[110.03690036900372,-1.5253199813247988],[110.0189001890019,-1.3985917291985288],[109.98289982899831,-1.2753354839798305],[109.939699396994,-1.1815912974754639],[109.8748987489875,-1.10173513860137],[109.78849788497888,-1.0114629590045752],[109.68049680496807,-0.9437588243069825],[109.45369453694536,-0.8691106757942464],[109.33489334893352,-0.8760546896093899],[109.28809288092884,-0.8465426308950441],[109.25929259292593,-0.8066145514579972],[109.27009270092702,-0.731966402945261],[109.31329313293134,-0.6798862993317272],[109.36729367293674,-0.6677342751552402],[109.37449374493747,-0.6382222164408944],[109.25569255692557,-0.5774620955584453],[109.16209162091621,-0.4941339297767797],[109.129691296913,-0.4455258330708176],[109.12249122491227,-0.39170972600349785],[109.12249122491227,-0.2649814738772278],[109.15129151291512,-0.185125315003134],[109.16569165691658,-0.14172522865852955],[109.19449194491943,-0.009788966170901858],[109.25929259292593,0.03187511671993093],[109.24849248492484,0.05617916507291909],[109.21969219692198,0.07353919961076372],[109.18009180091804,0.11693928595536818],[109.14769147691476,0.16728338611513038],[109.07569075690759,0.25234755535056763],[108.9460894608946,0.3565077625776354],[108.92448924489247,0.5335801148636676],[108.90648906489065,0.793980632931337],[108.91728917289174,0.9120288677886919],[108.95688956889569,1.1342373098731144],[109.03249032490328,1.203677448024493],[109.09009090090905,1.2245094894699093],[109.13329133291336,1.254021548184241],[109.09729097290972,1.2574935550918127],[109.0648906489065,1.2470775343691116],[109.0108901089011,1.240133520553968],[109.0540905409054,1.4380379142854025],[109.07569075690759,1.495326028260294],[109.16569165691658,1.6064302493025053],[109.27369273692739,1.7053824461682296],[109.3168931689317,1.8216946775717844],[109.37809378093783,1.9223828778912946],[109.63009630096303,2.0282790885721482]]],[[[127.73107731077312,0.8477967399986568],[127.8066780667807,0.8252286950994687],[127.88227882278824,0.832172708914598],[127.91827918279182,0.8773087987130026],[127.92907929079291,0.9345969126878941],[127.96867968679686,1.0422291268225337],[128.05508055080554,1.115141271881484],[128.11628116281162,1.127293296057971],[128.159481594816,1.1585413582261026],[128.15228152281526,1.2383975171001822],[128.15588155881562,1.3165176725204901],[128.22068220682206,1.3998458383021415],[128.4258842588426,1.5178940731594963],[128.53748537485376,1.559558156050329],[128.68868688686888,1.571710180226816],[128.7066870668707,1.5283100938821974],[128.68868688686888,1.4640779660921766],[128.71748717487174,1.3668617726802381],[128.70308703087034,1.1064612546125545],[128.6670866708667,1.0700051820830794],[128.51588515885157,0.9797330024862845],[128.3466834668347,0.9068208574273342],[128.29988299883001,0.8773087987130026],[128.2566825668257,0.8043966536540523],[128.26028260282607,0.7332205120488879],[128.39708397083973,0.6394763255445213],[128.60948609486098,0.5492041459477264],[128.65628656286566,0.5075400630568936],[128.68508685086852,0.4380999249055151],[128.69228692286924,0.35997976948520716],[128.74268742687428,0.323523696955732],[128.8146881468815,0.3061636624178874],[128.86148861488618,0.2679715864346264],[128.90108901089013,0.2158914828210925],[128.54108541085412,0.3374117245860049],[128.44748447484477,0.39122783165332464],[128.33228332283323,0.3981718454684682],[128.22068220682206,0.4137958765525269],[128.10548105481058,0.46066796980471736],[127.98307983079832,0.47108399052741845],[127.92547925479255,0.4380999249055151],[127.90027900279006,0.37213179366169413],[127.8858788587886,0.297483645148958],[127.91467914679146,0.2054754620983772],[127.91107911079109,0.14992335157728576],[127.88947889478897,0.049235151257775556],[127.97947979479795,-0.2476214393393832],[128.09108091080913,-0.4854539125078645],[128.25308253082534,-0.731966402945261],[128.3358833588336,-0.8170305721807125],[128.4258842588426,-0.8934147241472346],[128.27828278282783,-0.8708466792480323],[128.23508235082352,-0.7875185134663667],[128.0478804788048,-0.7059263511385012],[128.01188011880117,-0.6573182544325249],[127.88947889478897,-0.42295778817161533],[127.85347853478538,-0.3795577018270109],[127.74187741877421,-0.29970154295291707],[127.69147691476917,-0.24241342897802554],[127.67347673476735,-0.16255727010393173],[127.6878768787688,-0.07922910432228036],[127.68067680676808,0.0353471236275027],[127.68427684276844,0.14818734812349987],[127.70947709477093,0.28880362788004277],[127.66987669876698,0.3374117245860049],[127.61587615876158,0.38254781438440943],[127.5546755467555,0.49018002851904896],[127.53667536675368,0.6117002702839613],[127.54027540275405,0.6811404084353541],[127.56547565475654,0.7419005293178031],[127.60147601476018,0.7957166363851229],[127.60867608676085,0.8477967399986568],[127.51867518675186,0.9241808919651788],[127.42867428674288,1.139445320234472],[127.42147421474215,1.252285544730455],[127.53667536675368,1.4675499729997483],[127.53307533075332,1.571710180226816],[127.55827558275581,1.6342063045630653],[127.5690756907569,1.700174435806872],[127.63027630276304,1.8442627224709867],[127.73107731077312,1.965782964235899],[127.90027900279006,2.1376473061605736],[127.9650796507965,2.1741033786900488],[128.03708037080372,2.198407427043037],[128.04428044280445,2.156743344152204],[128.029880298803,2.120287271622729],[127.90747907479079,1.9449509227904969],[127.88947889478897,1.9067588468072358],[127.8858788587886,1.8321106982944997],[127.94707947079473,1.790446615403667],[128.01188011880117,1.7019104392606579],[128.02268022680227,1.583862204403303],[128.02628026280263,1.458869955730819],[128.01188011880117,1.3321417036045489],[127.98667986679868,1.2887416172599302],[127.8858788587886,1.1620133651336602],[127.65187651876522,1.0144530715619737],[127.6338763387634,0.9779969990324986],[127.6338763387634,0.93633291614168],[127.67707677076771,0.8859888159819178],[127.73107731077312,0.8477967399986568]]],[[[129.75429754297545,-2.8655146476464637],[129.98469984699847,-2.976618868688675],[130.10350103501037,-2.9922428997727337],[130.30510305103053,-2.978354872142461],[130.38070380703806,-2.988770892865162],[130.57150571505719,-3.1311231760754907],[130.6255062550626,-3.228339369487429],[130.639906399064,-3.3116675352690947],[130.67230672306727,-3.3915236941431743],[130.71910719107194,-3.410619732134805],[130.77310773107735,-3.4192997494037343],[130.8451084510845,-3.5338759773535173],[130.85950859508597,-3.5703320498829925],[130.80550805508057,-3.858508623211222],[130.57870578705786,-3.7491404056227964],[130.3627036270363,-3.625884160404098],[130.26910269102694,-3.5790120671519077],[130.0207002070021,-3.47485185992484],[129.9810998109981,-3.4383957873953648],[129.95229952299525,-3.3915236941431743],[129.84429844298444,-3.3272915663531535],[129.62829628296282,-3.316875545630438],[129.54549545495456,-3.318611549084224],[129.51309513095134,-3.3290275698069394],[129.520295202952,-3.3637476388826286],[129.520295202952,-3.433187777034007],[129.46629466294667,-3.4540198184794235],[129.3330933309333,-3.408883728681019],[129.2106921069211,-3.3932596975969602],[129.10629106291066,-3.3498596112523558],[128.96588965889657,-3.3255555628993676],[128.95148951489517,-3.304723521453951],[128.96228962289626,-3.271739455832048],[128.9586895868959,-3.2404913936639304],[128.92628926289262,-3.230075372941215],[128.86148861488618,-3.2352833833025727],[128.80028800288005,-3.2647954420169043],[128.749887498875,-3.3012515145463794],[128.6778867788678,-3.396731704504532],[128.63828638286384,-3.433187777034007],[128.51588515885157,-3.448811808118066],[128.46548465484653,-3.4401317908491507],[128.41868418684186,-3.4158277424961625],[128.27828278282783,-3.2404913936639304],[128.23148231482315,-3.2022993176806693],[128.1810818108181,-3.1710512555125376],[128.13068130681307,-3.1571632278822648],[128.0838808388084,-3.1849392831428247],[128.05508055080554,-3.2387553902101445],[128.04428044280445,-3.3029875180001653],[128.029880298803,-3.3411795939834263],[127.96867968679686,-3.443603797756708],[127.92187921879218,-3.5060999220929574],[127.90387903879042,-3.4956839013702563],[127.92907929079291,-3.396731704504532],[127.92907929079291,-3.3411795939834263],[127.8966789667897,-3.282155476554749],[127.87867878678787,-3.2213953556723],[128.11268112681125,-2.934954785797842],[128.19908199081993,-2.8655146476464637],[128.56988569885698,-2.8429466027472614],[128.78948789487896,-2.8568346303775343],[128.91188911889122,-2.849890616562405],[128.99108991089912,-2.8290585751169885],[129.05949059490598,-2.8377385923859038],[129.07389073890738,-2.8950267063607953],[129.1170911709117,-2.936690789251628],[129.17469174691746,-2.9332187823440563],[129.2790927909279,-2.889818695999452],[129.37269372693726,-2.820378557848059],[129.42669426694266,-2.7908664991337275],[129.48429484294843,-2.78565848877237],[129.5418954189542,-2.7908664991337275],[129.59949599495997,-2.8064905302177863],[129.75429754297545,-2.8655146476464637]]],[[[126.85986859868598,-3.0877230897308863],[127.02547025470255,-3.165843245151194],[127.06147061470614,-3.216187345310942],[127.09387093870941,-3.2769474661934055],[127.12627126271263,-3.3116675352690947],[127.16227162271622,-3.3377075870758546],[127.22707227072272,-3.3915236941431743],[127.24507245072454,-3.471379853017268],[127.23067230672308,-3.6328281742192274],[127.15507155071549,-3.6467162018495003],[127.08667086670869,-3.6710202502024885],[126.9426694266943,-3.764764436706855],[126.87066870668707,-3.7821244712446997],[126.79506795067954,-3.7890684850598433],[126.74106741067413,-3.8133725334128172],[126.68706687066873,-3.8237885541355325],[126.5466654666547,-3.7717084505219987],[126.40986409864098,-3.7109483296395354],[126.21546215462155,-3.6050521189586817],[126.17946179461796,-3.5790120671519077],[126.14706147061474,-3.523459956630802],[126.0570605706057,-3.42103575285752],[126.03546035460357,-3.355067621613699],[126.02826028260284,-3.1710512555125376],[126.04986049860497,-3.127651169167933],[126.08946089460898,-3.105083124268731],[126.21906219062191,-3.1484832106133496],[126.30546305463054,-3.103347120814945],[126.55386553865537,-3.065155044831684],[126.80946809468094,-3.0686270517392558],[126.85986859868598,-3.0877230897308863]]],[[[124.92304923049232,-8.943262739346125],[124.9158491584916,-9.031798915489148],[124.93744937449378,-9.05263095693455],[124.97344973449736,-9.064782981111051],[125.09945099450994,-9.004022860228588],[125.12465124651249,-9.016174884405075],[125.14985149851498,-9.042214936211849],[125.14985149851498,-9.123807098539729],[125.09945099450994,-9.189775229783535],[124.97704977049773,-9.194983240144893],[124.95904959049591,-9.214079278136523],[124.95904959049591,-9.25400735757357],[124.969849698497,-9.293935437010603],[124.99864998649986,-9.325183499178735],[125.0346503465035,-9.382471613153612],[125.06705067050672,-9.512671872187454],[124.99864998649986,-9.564751975801002],[124.96264962649627,-9.665440176120498],[124.84024840248401,-9.759184362624865],[124.70704707047071,-9.913688670011695],[124.60264602646026,-9.993544828885774],[124.50904509045091,-10.085553011936355],[124.42624426244265,-10.148049136272604],[124.32544325443257,-10.170617181171806],[124.17424174241745,-10.182769205348293],[123.97263972639729,-10.29560942984429],[123.85743857438575,-10.344217526550253],[123.74583745837458,-10.347689533457824],[123.6450364503645,-10.31123346092835],[123.60543605436055,-10.269569378037517],[123.61263612636128,-10.215753270970197],[123.64863648636486,-10.167145174264235],[123.69183691836918,-10.128953098280974],[123.71703717037173,-10.078608998121226],[123.59823598235982,-10.01437687033119],[123.5910359103591,-9.967504777079014],[123.63423634236341,-9.837304518045173],[123.66663666636668,-9.705368255557545],[123.709837098371,-9.61509607596075],[123.87543875438757,-9.45364775475879],[123.97623976239765,-9.373791595884697],[124.03744037440373,-9.340807530262794],[124.05184051840519,-9.375527599338483],[124.09144091440913,-9.417191682229316],[124.11664116641168,-9.422399692590659],[124.1346413464135,-9.413719675321744],[124.28224282242826,-9.427607702952017],[124.31824318243184,-9.413719675321744],[124.37584375843761,-9.349487547531709],[124.4118441184412,-9.31476747845602],[124.43704437044374,-9.238383326489497],[124.44424444244441,-9.189775229783535],[124.57384573845741,-9.155055160707846],[124.64584645846458,-9.116863084724585],[124.70704707047071,-9.06131097420348],[124.89064890648905,-8.969302791152899],[124.92304923049232,-8.943262739346125]]],[[[134.7475474754748,-5.707352301491753],[134.74034740347406,-5.745544377475014],[134.7367473674737,-5.816720519080178],[134.75474754747546,-5.882688650323985],[134.71154711547115,-5.950392785021592],[134.75114751147515,-6.049344981887302],[134.75834758347582,-6.099689082047064],[134.75474754747546,-6.170865223652228],[134.74394743947443,-6.202113285820346],[134.7151471514715,-6.2958574723247125],[134.6827468274683,-6.328841537946616],[134.6611466114661,-6.337521555215545],[134.63594635946362,-6.365297610476091],[134.44154441544418,-6.3340495483079735],[134.3551435514355,-6.2698174205179384],[134.27954279542797,-6.20037728236656],[134.26514265142652,-6.170865223652228],[134.17514175141753,-6.0910090647781345],[134.15354153541534,-6.063233009517589],[134.15354153541534,-6.01983292317297],[134.22554225542257,-6.007680898996483],[134.3011430114301,-6.009416902450255],[134.2975429754298,-5.971224826467008],[134.34434344343447,-5.832344550164237],[134.22554225542257,-5.743808374021228],[134.20394203942038,-5.707352301491753],[134.24714247142475,-5.681312249684979],[134.3407434074341,-5.71256031185311],[134.45594455944558,-5.55805600446628],[134.49194491944922,-5.525071938844377],[134.50634506345062,-5.438271766155154],[134.57114571145712,-5.4278557454324385],[134.6179461794618,-5.438271766155154],[134.6467464674647,-5.492087873222474],[134.65754657546574,-5.53895996647465],[134.6467464674647,-5.580624049365483],[134.7007470074701,-5.603192094264685],[134.7475474754748,-5.707352301491753]]],[[[134.53514535145354,-6.441681762442613],[134.52074520745208,-6.512857904047777],[134.50274502745026,-6.590978059468085],[134.41274412744127,-6.679514235611094],[134.3551435514355,-6.814922505006294],[134.32274322743228,-6.847906570628197],[134.20034200342002,-6.908666691510646],[134.09234092340927,-6.834018542997924],[134.059940599406,-6.769786415207889],[134.10674106741067,-6.471193821156945],[134.15354153541534,-6.48160984187966],[134.18594185941862,-6.479873838425874],[134.19314193141935,-6.459041796980458],[134.1247412474125,-6.426057731358554],[134.11034110341103,-6.255929392887666],[134.1139411394114,-6.189961261643859],[134.1679416794168,-6.176073234013572],[134.2327423274233,-6.226417334173334],[134.31914319143192,-6.316689513770129],[134.41634416344164,-6.386129651921507],[134.53514535145354,-6.441681762442613]]],[[[138.53478534785347,-8.2731654061853],[138.29718297182973,-8.405101668672927],[137.9839798397984,-8.382533623773725],[137.87237872378722,-8.379061616866153],[137.68877688776888,-8.412045682488056],[137.64917649176493,-8.386005630681296],[137.68517685176852,-8.262749385462598],[137.83277832778327,-7.932908729243536],[138.00918009180094,-7.641260149007721],[138.0811808118081,-7.566612000494999],[138.18558185581855,-7.49543585888982],[138.29718297182973,-7.438147744914943],[138.54558545585456,-7.3791236274862655],[138.7687876878769,-7.3912756516627525],[138.80118801188013,-7.413843696561955],[138.89838898388984,-7.511059889973893],[138.96318963189634,-7.587444041940401],[138.98838988389883,-7.696812259528826],[138.89118891188912,-7.882564629083774],[138.78678786787867,-8.059636981369806],[138.61038610386106,-8.198517257672563],[138.53478534785347,-8.2731654061853]]],[[[140.97200972009722,-2.6103221399401377],[140.97200972009722,-2.6137941468477095],[140.97200972009722,-2.681498281545302],[140.97200972009722,-2.8030185233102145],[140.97200972009722,-3.0061309274030066],[140.97200972009722,-3.2092433314957987],[140.97560975609758,-3.4140917390423766],[140.97560975609758,-3.6172041431351687],[140.97560975609758,-3.8203165472279608],[140.97560975609758,-4.023428951320753],[140.97560975609758,-4.226541355413545],[140.97560975609758,-4.429653759506337],[140.97560975609758,-4.632766163599129],[140.97560975609758,-4.835878567691921],[140.97560975609758,-5.038990971784699],[140.97560975609758,-5.242103375877491],[140.97560975609758,-5.446951783424069],[140.97560975609758,-5.650064187516861],[140.97560975609758,-5.853176591609653],[140.97560975609758,-6.056288995702445],[140.97560975609758,-6.259401399795237],[140.97560975609758,-6.3462015724844605],[140.9432094320943,-6.452097783165314],[140.8748087480875,-6.611810100913502],[140.8640086400864,-6.740274356493558],[140.91800918009181,-6.839226553359268],[140.97560975609758,-6.905194684603089],[140.97560975609758,-7.071851016166406],[140.97560975609758,-7.276699423712969],[140.97560975609758,-7.4798118278057615],[140.97560975609758,-7.682924231898554],[140.97560975609758,-7.886036635991346],[140.97560975609758,-8.089149040084138],[140.97560975609758,-8.29226144417693],[140.97560975609758,-8.495373848269722],[140.97560975609758,-8.698486252362514],[140.97560975609758,-8.901598656455306],[140.97560975609758,-9.104711060548098],[140.97560975609758,-9.118599088178371],[140.92520925209254,-9.085615022556468],[140.78480784807851,-8.974510801514256],[140.66240662406625,-8.8460465459342],[140.579605796058,-8.727998311076846],[140.48960489604895,-8.620366096942206],[140.10080100801008,-8.300941461445845],[140.00360003600036,-8.195045250764991],[139.98199981999824,-8.167269195504446],[139.99279992799927,-8.139493140243886],[140.03600036000358,-8.08394102972278],[140.11520115201154,-7.924228711974607],[140.03240032400328,-8.023180908840331],[139.9351993519935,-8.101301064260625],[139.7911979119791,-8.106509074621982],[139.65079650796508,-8.125605112613613],[139.51759517595178,-8.172477205865789],[139.38439384393843,-8.189837240403648],[139.319593195932,-8.16553319205066],[139.27999279992804,-8.106509074621982],[139.25839258392585,-8.045748953739519],[139.24759247592476,-7.983252829403284],[139.19359193591936,-8.085677033176566],[139.08199081990819,-8.142965147151457],[138.93438934389343,-8.262749385462598],[138.89118891188912,-8.23844533710961],[138.86598865988663,-8.19157324385742],[138.85518855188553,-8.144701150605243],[138.8839888398884,-8.094357050445495],[138.90558905589057,-8.040540943378176],[138.93438934389343,-7.913812691251906],[139.0027900279003,-7.8374285392853835],[139.0459904599046,-7.691604249167483],[139.0747907479075,-7.639524145553949],[139.0891908919089,-7.587444041940401],[139.04959049590497,-7.528419924511738],[138.98478984789847,-7.507587883066321],[138.9379893798938,-7.472867813990632],[138.8839888398884,-7.373915617124908],[138.85158851588517,-7.339195548049219],[138.7939879398794,-7.299267468612172],[138.74718747187472,-7.25065937190621],[138.79758797587976,-7.21593930283052],[138.86598865988663,-7.202051275200233],[138.91998919989203,-7.203787278654019],[139.01719017190175,-7.226355323553221],[139.06399063990642,-7.226355323553221],[139.1755917559176,-7.189899251023746],[139.11439114391146,-7.202051275200233],[139.04959049590497,-7.200315271746462],[138.84438844388444,-7.1360831439564265],[138.71838718387187,-7.07011501271262],[138.59958599585997,-6.936442746771206],[138.59958599585997,-6.910402694964432],[138.68238682386823,-6.886098646611458],[138.86598865988663,-6.858322591350898],[138.80838808388086,-6.790618456653306],[138.7255872558726,-6.731594339224628],[138.69678696786968,-6.625698128543775],[138.64278642786428,-6.559729997299954],[138.52038520385207,-6.4538337866191],[138.43758437584376,-6.342729565576889],[138.36918369183695,-6.1187851200386945],[138.29718297182973,-5.948656781567806],[138.31518315183155,-5.8878966606853425],[138.37638376383762,-5.844496574340724],[138.28278282782827,-5.83928856397938],[138.19998199982,-5.806304498357477],[138.24318243182432,-5.724712336029597],[138.34038340383404,-5.676104239323635],[138.25038250382505,-5.688256263500122],[138.1675816758168,-5.71256031185311],[138.1279812798128,-5.716032318760668],[138.08838088380884,-5.7090883049455385],[138.0667806678067,-5.676104239323635],[138.06318063180635,-5.629232146071445],[138.07398073980738,-5.545903980289793],[138.05958059580598,-5.4660478214157],[137.9839798397984,-5.4278557454324385],[137.92277922779226,-5.370567631457547],[137.88677886778868,-5.347999586558359],[137.839978399784,-5.349735590012131],[137.7967779677797,-5.311543514028884],[137.7607776077761,-5.255991403507778],[137.30717307173074,-5.014686923431725],[137.27837278372783,-4.945246785280347],[137.23877238772388,-4.976494847448464],[137.19557195571957,-4.990382875078737],[137.14517145171453,-4.95045479564169],[137.08757087570876,-4.92441474383493],[137.029970299703,-4.927886750742488],[136.9759697596976,-4.9070547092970855],[136.91836918369182,-4.894902685120584],[136.85716857168575,-4.8931666816667985],[136.61956619566195,-4.818518533154062],[136.3927639276393,-4.700470298296722],[136.20916209162095,-4.650126198136974],[136.09756097560978,-4.584158066893153],[135.97875978759788,-4.530341959825833],[135.7159571595716,-4.478261856212299],[135.449554495545,-4.44354178713661],[135.35235352353527,-4.441805783682824],[135.27315273152732,-4.453957807859311],[135.19395193951942,-4.450485800951753],[134.75474754747546,-4.195293293245413],[134.67914679146793,-4.0789810618418585],[134.68634686346866,-4.011276927144252],[134.70794707947078,-3.9539888131693743],[134.88794887948882,-3.9383647820853014],[134.75834758347582,-3.9227407510012426],[134.70794707947078,-3.929684764816386],[134.60354603546034,-3.9765568580685624],[134.54594545945463,-3.980028864976134],[134.46674466744668,-3.9487808028080167],[134.39114391143914,-3.9105887268247557],[134.26514265142652,-3.945308795900445],[134.20394203942038,-3.8862846784717675],[134.1787417874179,-3.8255245575893184],[134.14634146341467,-3.7960124988749726],[134.09954099540994,-3.7994845057825444],[134.03834038340386,-3.8220525506817467],[133.97353973539737,-3.818580543774175],[133.93393933939342,-3.775180457429556],[133.9051390513905,-3.7196283469084506],[133.8619386193862,-3.679700267471418],[133.8079380793808,-3.650188208757072],[133.72153721537217,-3.577276063698122],[133.67833678336785,-3.4800598702861834],[133.68193681936822,-3.309931531815309],[133.69633696336962,-3.2474354074790597],[133.7827378273783,-3.1484832106133496],[133.84033840338407,-3.054739024108983],[133.76833768337684,-3.0443230033862676],[133.69993699936998,-3.0877230897308863],[133.67113671136713,-3.1311231760754907],[133.66033660336603,-3.1849392831428247],[133.6531365313653,-3.3637476388826286],[133.5991359913599,-3.4158277424961625],[133.519935199352,-3.4123557355885907],[133.5415354153542,-3.5165159428156585],[133.5091350913509,-3.615468139681383],[133.41553415534156,-3.7317803710849518],[133.40833408334083,-3.7855964781522715],[133.4227342273423,-3.842884592127163],[133.4011340113401,-3.8984367026482687],[133.24993249932498,-4.061621027304014],[133.19953199531994,-4.070301044572929],[133.08433084330846,-4.068565041119143],[132.96912969129693,-4.094605092925917],[132.91512915129152,-4.056413016942656],[132.86832868328685,-4.007804920236694],[132.83592835928363,-3.9487808028080167],[132.78912789127895,-3.8272605610431043],[132.7531275312753,-3.704004315824392],[132.86832868328685,-3.551236011891362],[132.8287282872829,-3.4123557355885907],[132.7531275312753,-3.29430750073125],[132.55512555125551,-3.1311231760754907],[132.349923499235,-2.974882865234889],[132.25632256322564,-2.9436348030667716],[132.10152101521015,-2.9297467754364845],[132.05472054720548,-2.914122744352426],[132.0079200792008,-2.8568346303775343],[131.97191971919722,-2.7891304956799416],[132.06552065520657,-2.75961843696561],[132.23112231122315,-2.6797622780915162],[132.3247232472325,-2.684970288452874],[132.5767257672577,-2.7266343713437067],[132.65232652326523,-2.7665624507807394],[132.72432724327246,-2.7891304956799416],[132.8971289712897,-2.6589302366461],[133.03393033930342,-2.4870658947214395],[133.12033120331205,-2.4506098221919643],[133.19233192331922,-2.438457798015463],[133.26433264332644,-2.454081829099522],[133.4119341193412,-2.5131059465281993],[133.52713527135273,-2.5408820017887592],[133.609936099361,-2.5478260156038885],[133.6531365313653,-2.5999061192174224],[133.69993699936998,-2.6242101675704106],[133.71073710737107,-2.544354008696331],[133.75393753937539,-2.4506098221919643],[133.83313833138334,-2.4210977634776185],[133.87633876338765,-2.415889753116275],[133.9051390513905,-2.391585704763287],[133.89793897938978,-2.304785532074064],[133.78993789937903,-2.2943695113513485],[133.8511385113851,-2.2197213628386123],[133.90153901539014,-2.183265290309137],[133.91953919539196,-2.146809217779662],[133.92313923139233,-2.1016731279812717],[133.71073710737107,-2.188473300670495],[133.48753487534879,-2.22492937319997],[133.3579335793358,-2.2162493559310406],[133.2247322473225,-2.2145133524772547],[132.9619296192962,-2.271801466452146],[132.86472864728648,-2.2700654629983603],[132.6307263072631,-2.2474974180991723],[132.5011250112501,-2.2179853593848264],[132.4039240392404,-2.2405534042840287],[132.30672306723068,-2.2422894077378146],[132.2059220592206,-2.176321276494008],[132.12312123121234,-2.0929931107123423],[132.07992079920803,-2.033968993283665],[132.02232022320226,-1.9905689069390604],[131.9971199711997,-1.9332807929641689],[131.93591935919358,-1.714544357787318],[131.9287192871929,-1.560040050400488],[131.8315183151832,-1.5565680434929163],[131.7307173071731,-1.5409440124088576],[131.2951129511295,-1.3933837188371712],[131.2411124111241,-1.4298397913666463],[131.17991179911797,-1.4489358293582768],[131.1187111871119,-1.4558798431734203],[131.05751057510577,-1.447199825904491],[130.99630996309963,-1.4246317810053029],[130.9999099991,-1.384703701568256],[131.04671046710467,-1.2840155012487457],[131.089910899109,-1.2475594287192706],[131.15111151111512,-1.218047370004939],[131.19071190711907,-1.1659672663914051],[131.25551255512556,-1.0062549486432175],[131.25911259112593,-0.9524388415758978],[131.2519125191252,-0.8968867310547921],[131.25551255512556,-0.8552226481639735],[131.2951129511295,-0.8343906067185571],[131.4607146071461,-0.7823105031050233],[131.80271802718028,-0.7041903476847153],[131.8891188911889,-0.6573182544325249],[131.96111961119612,-0.582670105919803],[132.04752047520475,-0.5375340161213984],[132.0835208352084,-0.49066192286922217],[132.1267212672127,-0.45420585033974703],[132.3931239312393,-0.3552536534740227],[132.50832508325084,-0.3483096396588792],[132.62352623526237,-0.3587256603815945],[132.85752857528576,-0.4177497778102719],[133.07713077130774,-0.5114939643146243],[133.2679326793268,-0.6364862129871227],[133.47313473134733,-0.7267583925839176],[133.72513725137253,-0.7406464202141905],[133.8511385113851,-0.731966402945261],[133.97353973539737,-0.7441184271217622],[134.0239402394024,-0.7701584789285221],[134.11034110341103,-0.8465426308950441],[134.08514085140854,-0.8968867310547921],[134.07074070740708,-1.001046938281874],[134.11754117541176,-1.10173513860137],[134.18954189541898,-1.2024233389208803],[134.24714247142475,-1.3100555530555198],[134.2579425794258,-1.3621356566690537],[134.23634236342366,-1.4749758811650509],[134.21834218342184,-1.5287919882323706],[134.14634146341467,-1.6208001712829514],[134.10674106741067,-1.7214883716024474],[134.13194131941322,-1.8447446168211599],[134.14634146341467,-1.9680008620398581],[134.1427414274143,-2.082577089989641],[134.1571415714157,-2.1954173144856384],[134.19314193141935,-2.3082575389816213],[134.36234362343623,-2.620738160662839],[134.45954459544595,-2.8325305820245603],[134.49194491944922,-2.7144823471672055],[134.4847448474485,-2.582546084679578],[134.51714517145172,-2.5356739914274016],[134.56754567545676,-2.5096339396206275],[134.6287462874629,-2.5374099948811875],[134.64314643146434,-2.5894900984947213],[134.65034650346507,-2.7058023298982903],[134.7007470074701,-2.9332187823440563],[134.76914769147692,-2.9436348030667716],[134.8447484474845,-2.9089147339910824],[134.85554855548554,-2.978354872142461],[134.85194851948523,-3.106819127722517],[134.88794887948882,-3.2092433314957987],[134.91674916749167,-3.2491714109328456],[135.03915039150394,-3.332499576714511],[135.09315093150934,-3.34812360779857],[135.2515525155252,-3.3689556492439863],[135.37035370353703,-3.3741636596053297],[135.48555485554857,-3.344651600890998],[135.5611556115561,-3.268267448924476],[135.6259562595626,-3.1866752865965964],[135.85995859958598,-2.9957149066803055],[135.92475924759248,-2.9037067236297247],[135.98955989559897,-2.7648264473269535],[136.01476014760146,-2.733578385158836],[136.24156241562417,-2.582546084679578],[136.27036270362703,-2.528729977612258],[136.3027630276303,-2.426305773838976],[136.35316353163535,-2.325617573519466],[136.38916389163893,-2.273537469905932],[136.61236612366127,-2.22492937319997],[136.8427684276843,-2.19715331793941],[137.0731707317073,-2.1051451348888293],[137.17037170371702,-2.0252889760147497],[137.17757177571775,-1.9732088724012158],[137.1271712717127,-1.881200689350635],[137.12357123571235,-1.841272609913588],[137.17757177571775,-1.8013445304765412],[137.3791737917379,-1.6850322990729723],[137.6167761677617,-1.5652480607618457],[137.80757807578078,-1.483655898433966],[137.91197911979123,-1.483655898433966],[138.00918009180094,-1.5565680434929163],[138.10998109981102,-1.6155921609215937],[138.649986499865,-1.79092850975384],[138.73638736387363,-1.8447446168211599],[138.81198811988122,-1.9176567618801101],[138.91998919989203,-1.9680008620398581],[139.03879038790387,-1.9923049103928463],[139.15039150391505,-2.0391770036450225],[139.25119251192513,-2.099937124527486],[139.4815948159482,-2.211041345569697],[139.7911979119791,-2.3481856184186682],[139.8667986679867,-2.3568656356875977],[140.15480154801548,-2.349921621872454],[140.20520205202052,-2.375961673679228],[140.2520025200252,-2.4124177462087033],[140.2952029520295,-2.4210977634776185],[140.6228062280623,-2.4454018118306067],[140.67320673206734,-2.4714418636373665],[140.72000720007202,-2.5078979361668416],[140.74880748807487,-2.606850133032566],[140.97200972009722,-2.6103221399401377]]],[[[138.89478894788948,-8.389477637588868],[138.84438844388444,-8.401629661765355],[138.5959859598596,-8.372117603051024],[138.56718567185675,-8.33045352016019],[138.56358563585638,-8.309621478714774],[138.62118621186215,-8.267957395823942],[138.67518675186756,-8.198517257672563],[138.76158761587618,-8.174213209319575],[138.79758797587976,-8.174213209319575],[138.89838898388984,-8.337397533975334],[138.89478894788948,-8.389477637588868]]],[[[101.70641706417064,2.078623188731896],[101.7640176401764,1.9970310264040307],[101.7748177481775,1.943214919336711],[101.73521735217355,1.8824547984542477],[101.7208172081721,1.788710611949881],[101.60201602016019,1.7157984668909307],[101.50121501215011,1.7331585014287754],[101.46881468814689,1.7591985532355494],[101.4040140401404,1.9015508364458782],[101.41121411214112,2.0213350747570047],[101.45081450814507,2.068207168009195],[101.54441544415442,2.0612631541940516],[101.6416164161642,2.1272312854378725],[101.70641706417064,2.078623188731896]]],[[[102.42642426424266,0.9901490232089998],[102.37962379623798,0.9589009610408681],[102.32562325623257,1.0075090577468444],[102.2788227882279,1.075213192444437],[102.25722257222571,1.1463893340496014],[102.23562235622359,1.2644375689069562],[102.22842228422286,1.3477657346886076],[102.25722257222571,1.396373831394584],[102.27522275222753,1.394637827940798],[102.3580235802358,1.3460297312348217],[102.4120241202412,1.2609655619993845],[102.44442444424448,1.2349255101926104],[102.44802448024484,1.1568053547723167],[102.43002430024302,1.0665331751755218],[102.42642426424266,0.9901490232089998]]],[[[102.49122491224915,1.458869955730819],[102.49842498424988,1.330405700150763],[102.42642426424266,1.3651257692264522],[102.36522365223652,1.4154698693862002],[102.27522275222753,1.4536619453694613],[102.160021600216,1.4658139695459624],[102.07722077220774,1.4987980351678658],[102.01962019620197,1.5578221525965432],[102.01962019620197,1.585598207857089],[102.02322023220233,1.6081662527562912],[102.04122041220415,1.6255262872941358],[102.46962469624697,1.509214055890567],[102.49122491224915,1.458869955730819]]],[[[103.02763027630277,0.7471085396791608],[103.00963009630095,0.7089164636958998],[102.970029700297,0.7366925189564597],[102.77562775627757,0.7800926053010642],[102.71082710827108,0.7835646122086359],[102.54162541625419,0.832172708914598],[102.49122491224915,0.8564767572675862],[102.45522455224551,0.8894608228894896],[102.4660246602466,0.9502209437719529],[102.49122491224915,0.986677016301428],[102.50562505625055,1.0891012200747099],[102.54882548825492,1.1307653029655427],[102.63162631626318,1.0543811509990206],[102.72522725227253,0.9884130197552139],[102.77922779227794,0.9589009610408681],[102.94482944829451,0.8929328297970613],[103.00243002430028,0.859948764175158],[103.02763027630277,0.7471085396791608]]],[[[103.1680316803168,0.8703647848978591],[103.13563135631358,0.8408527261835275],[103.08523085230854,0.8477967399986568],[103.0348303483035,0.8825168090743603],[102.96282962829628,0.9432769299568093],[102.88722887228874,0.9970930370241291],[102.78642786427866,1.0318131060998184],[102.72522725227253,1.0404931233687478],[102.70362703627035,1.0543811509990206],[102.72522725227253,1.1585413582261026],[102.79002790027903,1.165485372041232],[102.99882998829992,1.0682691786292935],[103.06723067230672,1.0144530715619737],[103.1680316803168,0.8703647848978591]]],[[[103.28323283232834,0.5422601321325828],[103.17163171631717,0.5353161183174535],[103.13923139231395,0.5492041459477264],[103.15363153631534,0.642948332452093],[103.18603186031862,0.7002364464269846],[103.23643236432366,0.6985004429731987],[103.29403294032943,0.6134362737377472],[103.28323283232834,0.5422601321325828]]],[[[103.44883448834491,0.6637803738974952],[103.4308343083431,0.6516283497210082],[103.34443344433447,0.7783566018472783],[103.3660336603366,0.8512687469062286],[103.38763387633878,0.8703647848978591],[103.43443434434346,0.8252286950994687],[103.47043470434704,0.7783566018472783],[103.49923499234995,0.7228044913261726],[103.44883448834491,0.6637803738974952]]],[[[104.02484024840248,1.1811094031252907],[104.08964089640898,1.1377093167806862],[104.14004140041402,1.165485372041232],[104.13644136441366,1.1290292995117568],[104.12564125641256,1.0925732269822817],[104.06444064440643,0.9901490232089998],[103.96363963639635,1.0127170681081878],[103.93843938439386,1.0457011337301054],[103.93123931239313,1.0717411855368653],[103.94563945639459,1.087365216620924],[103.95643956439568,1.1377093167806862],[103.99963999639999,1.1377093167806862],[104.02484024840248,1.1811094031252907]]],[[[104.58644586445865,1.21582947220098],[104.59004590045902,1.1411813236882438],[104.64764647646479,1.1047252511587686],[104.66204662046624,1.049173140637663],[104.65124651246515,0.960636964494654],[104.60084600846011,0.8582127607213721],[104.57564575645756,0.832172708914598],[104.5036450364504,0.8530047503600144],[104.48204482044821,0.8859888159819178],[104.47124471244712,0.9137648712424777],[104.48204482044821,0.9328609092341082],[104.4280442804428,0.9571649575870822],[104.46404464044639,0.9953570335703432],[104.4388443884439,1.0509091440914489],[104.2948429484295,1.0161890750157596],[104.25164251642519,1.0144530715619737],[104.24444244442446,1.076949195898223],[104.25164251642519,1.102989247704997],[104.36324363243631,1.1811094031252907],[104.4280442804428,1.1967334342093494],[104.50004500045003,1.1793733996715048],[104.58644586445865,1.21582947220098]]],[[[104.77724777247772,-0.1764452977342188],[104.80604806048063,-0.19206932881827754],[104.84204842048422,-0.13998922520474366],[104.91044910449108,-0.21116536680990805],[104.95004950049503,-0.2476214393393832],[105.00405004050043,-0.28234150841507244],[104.95004950049503,-0.2840775118688583],[104.92844928449284,-0.3170615774907617],[104.91404914049144,-0.3240055913059052],[104.70164701647019,-0.20942936335612217],[104.56484564845647,-0.2458854358855973],[104.47484474844748,-0.21290137026369393],[104.44604446044463,-0.18859732191070577],[104.49644496444967,-0.1261011975744566],[104.54324543245434,0.01798708908965807],[104.6368463684637,-0.018468983439817066],[104.65844658446588,-0.06360507323822162],[104.65124651246515,-0.0757570974147086],[104.71244712447128,-0.10353315267526852],[104.77724777247772,-0.1764452977342188]]],[[[104.47484474844748,-0.3344216120286063],[104.56844568445683,-0.43163780544054475],[104.59004590045902,-0.466357874516234],[104.54324543245434,-0.5201739815835538],[104.50724507245076,-0.5965581335500758],[104.48564485644857,-0.6121821646341346],[104.41364413644135,-0.5844061093735746],[104.36324363243631,-0.6590542578863108],[104.33084330843309,-0.5392700195751843],[104.25884258842592,-0.46288586760866224],[104.30204302043023,-0.3865017156421402],[104.320043200432,-0.3795577018270109],[104.34164341643418,-0.38302970873456843],[104.36324363243631,-0.40212574672619894],[104.47484474844748,-0.3344216120286063]]],[[[103.7368373683737,-0.3483096396588792],[103.6072360723607,-0.38302970873456843],[103.45963459634595,-0.3569896569278086],[103.47763477634777,-0.2979655394991312],[103.549635496355,-0.2267893978939668],[103.61083610836107,-0.23026140480153856],[103.72243722437224,-0.2771334980537148],[103.76563765637655,-0.3170615774907617],[103.7368373683737,-0.3483096396588792]]],[[[109.70929709297093,-1.179855294021678],[109.51129511295113,-1.2822794977949599],[109.46449464494646,-1.2770714874336164],[109.42849428494287,-1.2406154149041413],[109.450094500945,-1.0444470246264785],[109.47529475294755,-0.9854229071978153],[109.61569615696158,-0.9784788933826718],[109.69849698496984,-1.0079909520970034],[109.7416974169742,-1.039239014265135],[109.75969759697597,-1.1052071455089418],[109.75249752497524,-1.1451352249459887],[109.70929709297093,-1.179855294021678]]],[[[113.84573845738458,-7.104835081788309],[113.8241382413824,-7.120459112872368],[113.65493654936552,-7.111779095603438],[113.54693546935471,-7.193371257931318],[113.47133471334712,-7.217675306284306],[113.19773197731979,-7.217675306284306],[113.16533165331657,-7.207259285561591],[113.14013140131402,-7.207259285561591],[113.12573125731257,-7.2246193200994355],[113.03933039330394,-7.2124672959229486],[112.76212762127625,-7.139555150863998],[112.72612726127261,-7.073587019620177],[112.76932769327692,-7.000674874561227],[112.86652866528664,-6.899986674241731],[113.0681306813068,-6.879154632796315],[113.97533975339752,-6.872210618981171],[114.07254072540724,-6.960746795124194],[114.08334083340833,-6.98852285038474],[113.88533885338853,-7.049282971267203],[113.84573845738458,-7.104835081788309]]],[[[134.96354963549635,-1.115623166231643],[134.91674916749167,-1.1347192042232734],[134.86274862748627,-1.1138871627778713],[134.80874808748086,-1.0375030108113492],[134.82674826748269,-0.9784788933826718],[134.88794887948882,-0.9385508139456249],[134.94194941949422,-0.9784788933826718],[134.95634956349562,-1.0305589969962057],[134.99594995949963,-1.0340310039037774],[134.96354963549635,-1.115623166231643]]],[[[127.2486724867249,-0.4958699332305656],[127.18747187471877,-0.5219099850373397],[127.1190711907119,-0.5201739815835538],[127.10467104671045,-0.4142777709027001],[127.12627126271263,-0.27886950150750067],[127.19107191071913,-0.2563014566082984],[127.28827288272885,-0.2840775118688583],[127.25227252272526,-0.3187975809445476],[127.28107281072812,-0.39170972600349785],[127.2486724867249,-0.4958699332305656]]],[[[127.56547565475654,-0.3187975809445476],[127.68067680676808,-0.4680938779700199],[127.60507605076054,-0.6104461611803487],[127.65907659076589,-0.6903023200544425],[127.80307803078034,-0.693774326962],[127.83907839078392,-0.7232863856763458],[127.86427864278642,-0.759742458205821],[127.87867878678787,-0.8083505549117831],[127.84267842678429,-0.84827863434883],[127.75987759877597,-0.8829987034245192],[127.66627666276662,-0.8326546032647713],[127.64107641076413,-0.7840465065588091],[127.62307623076231,-0.7666864720209503],[127.49707497074974,-0.8031425445504254],[127.4610746107461,-0.8066145514579972],[127.43947439474397,-0.7389104167604046],[127.46827468274682,-0.643430226802252],[127.3818738187382,-0.6000301404576476],[127.29907299072994,-0.5010779435919233],[127.29547295472958,-0.45941386070109047],[127.3278732787328,-0.39170972600349785],[127.32427324273243,-0.3361576154823922],[127.37107371073711,-0.33094960512103455],[127.45387453874542,-0.4055977536337707],[127.49347493474937,-0.3361576154823922],[127.52587525875259,-0.3066455567680606],[127.56547565475654,-0.3187975809445476]]],[[[132.92592925929262,-5.901784688315615],[132.84672846728466,-5.988584861004853],[132.92232922329225,-5.785472456912061],[132.9367293672937,-5.6830482531387645],[133.00873008730088,-5.6205521288025295],[133.11313113131132,-5.309807510575098],[133.13833138331387,-5.318487527844013],[133.17433174331745,-5.347999586558359],[133.12033120331205,-5.575416039004125],[132.9727297272973,-5.735128356752298],[132.92592925929262,-5.901784688315615]]],[[[132.80712807128072,-5.851440588155867],[132.74592745927458,-5.94692077811402],[132.70632706327063,-5.9139367124921165],[132.68112681126814,-5.912200709038331],[132.6667266672667,-5.856648598517225],[132.68112681126814,-5.73860036365987],[132.6307263072631,-5.6066641011722425],[132.6991269912699,-5.608400104626028],[132.71712717127173,-5.648328184063075],[132.7387273872739,-5.662216211693348],[132.80352803528035,-5.788944463819632],[132.80712807128072,-5.851440588155867]]],[[[128.27468274682747,-3.6744922571100602],[128.24948249482497,-3.7109483296395354],[128.1918819188192,-3.7352523779925235],[128.14148141481417,-3.7335163745387376],[128.159481594816,-3.6970603020092625],[128.14508145081453,-3.677964264017632],[128.10908109081095,-3.686644281286547],[128.05148051480518,-3.714420336547107],[127.97947979479795,-3.7717084505219987],[127.93267932679328,-3.7439323952614387],[127.92547925479255,-3.6987963054630484],[127.92907929079291,-3.679700267471418],[128.01548015480154,-3.60158011205111],[128.11988119881198,-3.587692084420837],[128.26388263882637,-3.513043935908101],[128.32868328683287,-3.5165159428156585],[128.3142831428314,-3.563388036067849],[128.2926829268293,-3.598108105143538],[128.27828278282783,-3.6328281742192274],[128.27468274682747,-3.6744922571100602]]],[[[126.81666816668167,4.033363077693295],[126.77706777067772,4.0125310362478785],[126.71226712267122,4.019475050063008],[126.7050670506705,4.071555153676556],[126.76986769867699,4.161827333273351],[126.8130681306813,4.259043526685275],[126.76626766267663,4.283347575038263],[126.72306723067231,4.3441076959207265],[126.71946719467195,4.415283837525891],[126.7590675906759,4.547220100013519],[126.8130681306813,4.536804079290803],[126.86346863468634,4.479515965315912],[126.88506885068853,4.371883751181272],[126.92106921069211,4.290291588853407],[126.84906849068494,4.1791873678111955],[126.81666816668167,4.033363077693295]]],[[[125.65745657456574,3.4361778895914057],[125.63225632256325,3.404929827423288],[125.50985509855099,3.460481937944394],[125.51705517055171,3.549018114087403],[125.50265502655026,3.5924182004320215],[125.47025470254704,3.6392902936841978],[125.45585455854558,3.6844263834826023],[125.47025470254704,3.7330344801885644],[125.54225542255426,3.6705383558523152],[125.58545585455857,3.571586158986605],[125.64305643056434,3.4761059690284526],[125.65745657456574,3.4361778895914057]]],[[[130.86310863108633,-8.318301495983704],[130.7767077670777,-8.349549558151821],[130.83430834308342,-8.271429402731513],[131.02151021510218,-8.090885043537924],[131.08631086310862,-8.123869109159827],[131.17631176311767,-8.13081312297497],[131.0431104311043,-8.212405285302836],[130.90630906309065,-8.245389350924754],[130.86310863108633,-8.318301495983704]]],[[[129.8370983709837,-7.953740770688938],[129.77949779497794,-8.045748953739519],[129.7146971469715,-8.040540943378176],[129.59229592295924,-7.917284698159463],[129.59949599495997,-7.83048452547024],[129.61029610296106,-7.802708470209694],[129.65709657096573,-7.794028452940765],[129.81189811898122,-7.820068504747539],[129.84429844298444,-7.889508642898917],[129.8370983709837,-7.953740770688938]]],[[[127.82467824678247,-8.099565060806839],[127.99747997479977,-8.139493140243886],[128.09828098280985,-8.134285129882542],[128.11988119881198,-8.170741202412017],[128.02268022680227,-8.255805371647455],[127.8210782107821,-8.189837240403648],[127.78507785077852,-8.120397102252255],[127.82467824678247,-8.099565060806839]]],[[[130.3519035190352,-1.69024030943433],[130.36630366303666,-1.7492644268630073],[130.42390423904243,-1.804816537384113],[130.4059040590406,-1.8898807066195502],[130.38070380703806,-1.9020327307960514],[130.39510395103952,-1.941960810233084],[130.42030420304206,-1.97147286894743],[130.3735037350374,-1.9923049103928463],[130.33750337503375,-1.981888889670131],[130.28350283502834,-2.009664944930691],[130.24750247502476,-2.047857020913952],[130.13230132301322,-2.0634810519980107],[130.09270092700928,-2.0287609829223214],[129.88749887498875,-1.9870969000314886],[129.75429754297545,-1.8950887169809079],[129.73629736297363,-1.867312661720348],[129.9918999189992,-1.7596804475857084],[130.10710107101073,-1.7301683888713768],[130.20070200702008,-1.7319043923251627],[130.31950319503198,-1.6919763128881158],[130.3519035190352,-1.69024030943433]]],[[[102.36882368823689,-5.4781998455921865],[102.28602286022863,-5.483407855953544],[102.1348213482135,-5.360151610734846],[102.10962109621096,-5.321959534751585],[102.15282152821527,-5.28550346222211],[102.19962199621995,-5.2889754691296815],[102.37242372423725,-5.3670956245499895],[102.40482404824047,-5.405287700533236],[102.36882368823689,-5.4781998455921865]]],[[[100.4248042480425,-3.183203279689039],[100.46440464404645,-3.3290275698069394],[100.34560345603455,-3.228339369487429],[100.34920349203492,-3.1588992313360507],[100.33120331203315,-3.113763141537646],[100.25920259202593,-3.056475027562769],[100.20520205202052,-2.987034889411376],[100.18000180001803,-2.820378557848059],[100.1980019800198,-2.78565848877237],[100.24480244802447,-2.783922485318584],[100.45360453604536,-3.002658920495449],[100.46800468004682,-3.039114993024924],[100.46440464404645,-3.117235148445218],[100.4356043560436,-3.141539196798206],[100.4248042480425,-3.183203279689039]]],[[[100.20520205202052,-2.7405223989739795],[100.13320133201336,-2.822114561301845],[100.01440014400146,-2.820378557848059],[99.99279992799927,-2.770034457688311],[99.99639996399964,-2.6485142159233988],[99.96759967599678,-2.6103221399401377],[99.96759967599678,-2.594698108856079],[99.98919989199891,-2.5252579707047005],[100.01080010800109,-2.5096339396206275],[100.20160201602016,-2.6797622780915162],[100.20520205202052,-2.7405223989739795]]],[[[99.84159841598415,-2.3429776080573106],[99.84879848798488,-2.3690176598640846],[99.68679686796867,-2.2822174871748615],[99.60759607596077,-2.2579134388218733],[99.53919539195391,-2.160697245409935],[99.55719557195573,-2.1155611556115446],[99.5607956079561,-2.0513290278215095],[99.57159571595719,-2.0252889760147497],[99.62199621996223,-2.0166089587458202],[99.68679686796867,-2.0634810519980107],[99.73359733597334,-2.1780572799477795],[99.81639816398166,-2.2839534906286474],[99.84159841598415,-2.3429776080573106]]],[[[98.45918459184594,-0.5305900023062549],[98.39798397983981,-0.5774620955584453],[98.30798307983082,-0.5323260057600407],[98.34038340383404,-0.4680938779700199],[98.3547835478355,-0.3795577018270109],[98.4087840878409,-0.3083815602218323],[98.42678426784266,-0.2267893978939668],[98.32238322383228,-0.0011089489019724397],[98.37278372783732,0.007571068366942768],[98.41598415984163,-0.016732979986031182],[98.48438484384843,-0.16776528046528938],[98.54558545585456,-0.2580374600620843],[98.52038520385207,-0.3795577018270109],[98.45918459184594,-0.5305900023062549]]],[[[96.46476464764646,2.359855748244996],[96.39996399964002,2.351175730976067],[96.34236342363425,2.372007772421483],[96.29196291962921,2.4292958863963747],[96.02196021960219,2.5959522179596917],[95.93915939159393,2.5976882214134775],[95.88155881558816,2.641088307758096],[95.80955809558094,2.654976335388369],[95.73395733957341,2.7660805564305804],[95.71595715957159,2.8268406773130437],[95.77355773557736,2.8546167325735894],[95.80595805958063,2.9153768534560527],[95.89595895958962,2.8893368016492786],[95.9967599675997,2.781704587514639],[96.10116101161015,2.741776508077592],[96.129961299613,2.720944466632176],[96.18036180361804,2.6619203492035126],[96.41796417964179,2.514360055631826],[96.44316443164433,2.46575195892585],[96.46116461164615,2.415407858766102],[96.46476464764646,2.359855748244996]]],[[[122.04302043020431,-5.438271766155154],[121.97821978219781,-5.464311817961914],[121.85941859418597,-5.349735590012131],[121.80901809018093,-5.255991403507778],[121.81981819818202,-5.202175296440458],[121.8558185581856,-5.157039206642054],[121.87381873818737,-5.144887182465567],[121.8666186661867,-5.0962790857595905],[121.91341913419137,-5.071975037406617],[121.96741967419678,-5.075447044314174],[121.9998199982,-5.141415175557995],[122.03942039420394,-5.15877521009584],[122.06102061020613,-5.221271334432075],[122.04302043020431,-5.438271766155154]]],[[[123.21303213032132,-1.1711752767527486],[123.23463234632345,-1.2336714010889978],[123.19863198631987,-1.2874875081563175],[123.23823238232382,-1.3899117119295994],[123.3390333903339,-1.2545034425344141],[123.43623436234361,-1.2371434079965695],[123.49023490234902,-1.2597114528957718],[123.52623526235266,-1.2857515047025316],[123.54783547835478,-1.3378316083160655],[123.5118351183512,-1.447199825904491],[123.4470344703447,-1.499279929518039],[123.36783367833681,-1.5079599467869542],[123.32823328233286,-1.4437278189969334],[123.27423274232746,-1.4367838051817898],[123.23823238232382,-1.5774000849383327],[123.22023220232205,-1.5982321263837491],[123.17343173431738,-1.6155921609215937],[123.130231302313,-1.5774000849383327],[123.12303123031234,-1.5565680434929163],[123.18423184231841,-1.4923359157028955],[123.15183151831519,-1.3048475426941621],[123.10503105031052,-1.3395676117698514],[122.98262982629825,-1.511431953694526],[122.8890288902889,-1.587816105661048],[122.86022860228604,-1.5478880262240011],[122.809828098281,-1.4315757948204322],[122.83142831428313,-1.2822794977949599],[122.90702907029072,-1.1815912974754639],[122.97182971829722,-1.1885353112905932],[123.15903159031592,-1.1572872491224757],[123.21303213032132,-1.1711752767527486]]],[[[121.86301863018633,-0.4073337570875566],[121.90621906219064,-0.45073384343217526],[121.8810188101881,-0.5028139470457091],[121.84861848618488,-0.49066192286922217],[121.75501755017552,-0.49066192286922217],[121.72261722617225,-0.4941339297767797],[121.67941679416793,-0.5253819919449114],[121.65421654216544,-0.5253819919449114],[121.6722167221672,-0.478509898692721],[121.7478174781748,-0.4073337570875566],[121.79821798217984,-0.4177497778102719],[121.86301863018633,-0.4073337570875566]]],[[[120.52740527405274,-6.297593475778498],[120.48780487804879,-6.464249807341815],[120.46620466204661,-6.406961693366924],[120.45900459004594,-6.25419338943388],[120.43380433804339,-6.1795452409211435],[120.45180451804521,-6.094481071685706],[120.44820448204484,-5.8757446365088555],[120.4770047700477,-5.775056436189345],[120.53460534605347,-5.903520691769401],[120.54900549005492,-5.969488823013222],[120.52740527405274,-6.297593475778498]]],[[[115.37575375753761,-6.9711628158468955],[115.29655296552966,-6.98852285038474],[115.22095220952212,-6.952066777855265],[115.22095220952212,-6.905194684603089],[115.23895238952389,-6.86179459825847],[115.35415354153542,-6.839226553359268],[115.41535415354156,-6.839226553359268],[115.48015480154805,-6.8704746155273995],[115.52335523355237,-6.901722677695517],[115.5449554495545,-6.938178750224992],[115.42255422554229,-6.939914753678778],[115.37575375753761,-6.9711628158468955]]],[[[116.30456304563046,-3.868924643933923],[116.0921609216092,-4.05467701348887],[116.05976059760599,-4.006068916782908],[116.0777607776078,-3.816844540320389],[116.01656016560167,-3.70053230891682],[116.0237602376024,-3.611996132773811],[116.06336063360635,-3.4574918253869953],[116.11736117361176,-3.3394435905296405],[116.23976239762396,-3.2595874316555467],[116.26856268562688,-3.2509074143866314],[116.26136261362615,-3.394995701050746],[116.28656286562864,-3.448811808118066],[116.29376293762937,-3.4956839013702563],[116.28296282962833,-3.535611980807289],[116.30456304563046,-3.7178923434546647],[116.31896318963192,-3.7630284332530692],[116.290162901629,-3.8203165472279608],[116.30456304563046,-3.868924643933923]]],[[[122.95022950229503,-10.908418649030224],[122.85662856628568,-10.91015465248401],[122.82782827828277,-10.89973863176131],[122.81702817028173,-10.8112024556183],[122.84582845828459,-10.762594358912324],[123.0618306183062,-10.698362231122303],[123.14463144631446,-10.639338113693626],[123.26703267032673,-10.517817871928713],[123.3390333903339,-10.486569809760582],[123.35703357033572,-10.472681782130309],[123.37143371433717,-10.474417785584095],[123.38223382233821,-10.568161972088461],[123.41463414634148,-10.621978079155781],[123.41823418234185,-10.651490137870113],[123.31023310233104,-10.698362231122303],[123.21663216632169,-10.805994445256943],[123.00423004230043,-10.877170586862107],[122.95022950229503,-10.908418649030224]]],[[[124.28584285842862,-8.328717516706405],[124.22464224642249,-8.391213641042654],[124.18504185041854,-8.498845855177294],[124.14544145441454,-8.531829920799197],[124.06624066240664,-8.550925958790828],[124.0158401584016,-8.443293744656188],[123.92943929439298,-8.448501755017531],[123.97263972639729,-8.354757568513179],[124.01224012240124,-8.318301495983704],[124.069840698407,-8.318301495983704],[124.0950409504095,-8.35649357196695],[124.10944109441095,-8.363437585782094],[124.23904239042389,-8.20372526803392],[124.26424264242644,-8.201989264580135],[124.28584285842862,-8.208933278395278],[124.30384303843039,-8.228029316386895],[124.28584285842862,-8.328717516706405]]],[[[123.92583925839261,-8.2731654061853],[123.78543785437853,-8.299205457992073],[123.6990369903699,-8.424197706664557],[123.6306363063631,-8.422461703210772],[123.5910359103591,-8.478013813731877],[123.58383583835837,-8.502317862084865],[123.58743587435873,-8.523149903530268],[123.58023580235806,-8.54571794842947],[123.55143551435515,-8.566549989874886],[123.49023490234902,-8.531829920799197],[123.43263432634325,-8.575230007143816],[123.41103411034112,-8.587382031320303],[123.32823328233286,-8.535301927706769],[123.25263252632527,-8.53877393461434],[123.23103231032309,-8.530093917345411],[123.3246332463325,-8.439821737748616],[123.45423454234543,-8.353021565059393],[123.47583475834762,-8.321773502891261],[123.42543425434258,-8.313093485622346],[123.39663396633966,-8.300941461445845],[123.38943389433894,-8.280109420000443],[123.47223472234725,-8.267957395823942],[123.52983529835302,-8.26448538891637],[123.57303573035733,-8.29226144417693],[123.60183601836019,-8.290525440723144],[123.7746377463775,-8.189837240403648],[123.84663846638466,-8.214141288756622],[123.8970389703897,-8.23844533710961],[123.92583925839261,-8.2731654061853]]],[[[123.31743317433177,-8.354757568513179],[123.29583295832958,-8.398157654857783],[123.02583025830262,-8.394685647950212],[123.03303033030329,-8.337397533975334],[123.10863108631088,-8.274901409639085],[123.13383133831337,-8.254069368193669],[123.21663216632169,-8.234973330202038],[123.33543335433353,-8.269693399277728],[123.31743317433177,-8.354757568513179]]],[[[134.7151471514715,-6.549313976577253],[134.6611466114661,-6.559729997299954],[134.63234632346325,-6.476401831518302],[134.67914679146793,-6.455569790072886],[134.72954729547297,-6.505913890232634],[134.7151471514715,-6.549313976577253]]],[[[103.42363423634237,1.049173140637663],[103.4308343083431,0.9936210301165715],[103.36243362433623,1.0075090577468444],[103.31563315633156,1.0717411855368653],[103.3552335523355,1.1168772753352698],[103.38043380433805,1.1342373098731144],[103.40563405634055,1.0717411855368653],[103.42363423634237,1.049173140637663]]],[[[103.82683826838269,0.8009246467464806],[103.83403834038342,0.771412588032149],[103.74403744037443,0.8304367054608122],[103.74043740437406,0.872100788351645],[103.75123751237516,0.8911968263432755],[103.80523805238056,0.8460607365448851],[103.82683826838269,0.8009246467464806]]],[[[104.2408424084241,0.8339087123683839],[104.1760417604176,0.8043966536540523],[104.09684096840971,0.8964048367046331],[104.10044100441007,0.9172368781500495],[104.1076410764108,0.9328609092341082],[104.1220412204122,0.9432769299568093],[104.16884168841688,0.8964048367046331],[104.22644226442264,0.8790448021667885],[104.2408424084241,0.8339087123683839]]],[[[104.6908469084691,0.05965117198047665],[104.69804698046983,0.0353471236275027],[104.65124651246515,0.06312317888804841],[104.62244622446224,0.08048321342589304],[104.60444604446047,0.09437124105618011],[104.50004500045003,0.23151551390515124],[104.54324543245434,0.22283549663623603],[104.65844658446588,0.10305125832509532],[104.6908469084691,0.05965117198047665]]],[[[106.28566285662856,3.156681333532106],[106.2820628206282,3.088977198834499],[106.2136621366214,3.128905278271546],[106.19926199261994,3.205289430238068],[106.22446224462243,3.229593478591056],[106.27126271262716,3.215705450960769],[106.28566285662856,3.156681333532106]]],[[[105.76005760057603,2.863296749842519],[105.71685716857172,2.859824742934947],[105.70605706057063,2.8893368016492786],[105.709657096571,2.9396809018090266],[105.70245702457026,2.9813449846998594],[105.69165691656917,3.010857043414191],[105.69165691656917,3.062937147027739],[105.73125731257312,3.036897095220965],[105.76005760057603,3.012593046867977],[105.79605796057962,2.9952330123301323],[105.82125821258211,2.984816991607431],[105.83565835658356,2.9761369743385018],[105.81045810458107,2.9032248292795515],[105.76005760057603,2.863296749842519]]],[[[108.88848888488889,2.9049608327333374],[108.83808838088385,2.8528807291198035],[108.7876878768788,2.885864794741707],[108.8668886688867,2.9917610054225747],[108.88488884888852,2.998705019237704],[108.88848888488889,2.9049608327333374]]],[[[108.95328953289533,-1.6190641678291655],[108.83808838088385,-1.6624642541737842],[108.8020880208802,-1.5669840642156316],[108.8776887768878,-1.5392080089550717],[108.95688956889569,-1.5635120573080599],[108.95328953289533,-1.6190641678291655]]],[[[107.4736747367474,-2.900234716722153],[107.4340743407434,-2.924538765075141],[107.4088740887409,-2.900234716722153],[107.40167401674017,-2.872458661461607],[107.419674196742,-2.8377385923859038],[107.4736747367474,-2.834266585478346],[107.49887498874989,-2.8446826062010473],[107.4736747367474,-2.900234716722153]]],[[[106.88686886868868,-3.0061309274030066],[106.86886868868692,-3.025226965394637],[106.81486814868151,-3.014810944671936],[106.77526775267756,-2.987034889411376],[106.75006750067502,-2.9609948376046162],[106.74286742867429,-2.9332187823440563],[106.79686796867969,-2.898498713268367],[106.91206912069123,-2.9332187823440563],[106.88686886868868,-3.0061309274030066]]],[[[114.41094410944112,-7.134347140502641],[114.39654396543966,-7.172539216485902],[114.34614346143462,-7.163859199216986],[114.29934299342995,-7.0978910679731655],[114.32094320943213,-7.080531033435321],[114.34974349743499,-7.073587019620177],[114.3821438214382,-7.080531033435321],[114.41094410944112,-7.134347140502641]]],[[[112.71892718927188,-5.81151250871882],[112.69732697326975,-5.84623257779451],[112.6037260372604,-5.844496574340724],[112.58572585725858,-5.802832491449905],[112.64692646926471,-5.731656349844741],[112.69012690126902,-5.726448339483383],[112.72612726127261,-5.752488391290157],[112.71892718927188,-5.81151250871882]]],[[[105.25245252452527,-6.6395861561740475],[105.19125191251914,-6.66215420107325],[105.14445144451446,-6.643058163081619],[105.12285122851227,-6.615282107821059],[105.19125191251914,-6.545841969669681],[105.22725227252272,-6.528481935131836],[105.259652596526,-6.5232739247704785],[105.27765277652776,-6.5614660007537395],[105.25245252452527,-6.6395861561740475]]],[[[97.3359733597336,2.0751511818243387],[97.32877328773287,2.0525831369251364],[97.22437224372243,2.15847934760599],[97.10917109171095,2.2175034650346674],[97.15597155971562,2.2313914926649403],[97.25317253172534,2.2157674615808816],[97.29277292772929,2.200143430496823],[97.32877328773287,2.148063326883289],[97.3359733597336,2.0751511818243387]]],[[[95.3631536315363,5.812766617822447],[95.34155341553418,5.784990562561887],[95.28395283952841,5.79887859019216],[95.21915219152191,5.889150769788955],[95.2407524075241,5.906510804326814],[95.28395283952841,5.8978307870578845],[95.35955359553594,5.876998745612468],[95.36675366753667,5.842278676536779],[95.3631536315363,5.812766617822447]]],[[[123.59823598235982,-1.7041283370646028],[123.52983529835302,-1.7110723508797463],[123.48303483034829,-1.6815602921654147],[123.48663486634865,-1.5339999985937283],[123.52983529835302,-1.5027519364255966],[123.54783547835478,-1.5079599467869542],[123.56223562235624,-1.551360033131573],[123.58023580235806,-1.5912881125686056],[123.61623616236164,-1.627744185098095],[123.59823598235982,-1.7041283370646028]]],[[[123.24183241832418,-4.113701130917548],[123.14463144631446,-4.233485369228674],[123.07623076230766,-4.226541355413545],[122.99342993429934,-4.148421199993237],[122.97182971829722,-4.061621027304014],[122.96822968229685,-4.030372965135882],[123.02583025830262,-3.98176486842992],[123.21303213032132,-3.997388899513979],[123.24543245432454,-4.0407889858585975],[123.24183241832418,-4.113701130917548]]],[[[123.84663846638466,-1.9558488378633712],[123.86463864638648,-1.9957769173004039],[123.80343803438035,-1.9940409138466322],[123.77823778237786,-1.919392765333896],[123.78183781837822,-1.8777286824430632],[123.84663846638466,-1.9558488378633712]]],[[[123.15183151831519,-1.8169685615606],[123.07983079830797,-1.8985607238884796],[123.0726307263073,-1.855160637543861],[123.0870308703087,-1.815232558106814],[123.10503105031052,-1.7874565028462683],[123.13743137431373,-1.7718324717622096],[123.15183151831519,-1.8169685615606]]],[[[119.46539465394653,-8.740150335253347],[119.42579425794258,-8.750566355976048],[119.38619386193864,-8.736678328345775],[119.40059400594009,-8.64640614874898],[119.37899378993791,-8.587382031320303],[119.41859418594186,-8.53877393461434],[119.42939429394295,-8.455445768832675],[119.44739447394477,-8.429405717025901],[119.4689946899469,-8.455445768832675],[119.48339483394835,-8.47280580337052],[119.50139501395017,-8.481485820639449],[119.54819548195485,-8.483221824093235],[119.55899558995588,-8.51967789662271],[119.55539555395558,-8.552661962244613],[119.53739537395376,-8.589118034774089],[119.48339483394835,-8.629046114211135],[119.4437944379444,-8.67244620055574],[119.46539465394653,-8.740150335253347]]],[[[119.0729907299073,-8.23844533710961],[119.02979029790299,-8.240181340563396],[119.02259022590226,-8.200253261126349],[119.03699036990372,-8.158589178235516],[119.08019080190803,-8.139493140243886],[119.09819098190985,-8.139493140243886],[119.12699126991271,-8.177685216227147],[119.13419134191344,-8.196781254218777],[119.10539105391052,-8.222821306025551],[119.0729907299073,-8.23844533710961]]],[[[115.60975609756099,-8.769662393967678],[115.58095580955813,-8.804382463043368],[115.50175501755018,-8.743622342160904],[115.48015480154805,-8.715846286900359],[115.54135541355413,-8.675918207463312],[115.56295562955631,-8.670710197101954],[115.61335613356135,-8.712374279992787],[115.60975609756099,-8.769662393967678]]],[[[117.64737647376472,4.16877134708848],[117.7445774457745,4.167035343634694],[117.88497884978852,4.186131381626325],[117.91737917379174,4.0906511916681865],[117.92457924579247,4.054195119138711],[117.73737737377377,4.003851018978949],[117.6257762577626,4.121899253836304],[117.64737647376472,4.16877134708848]]],[[[117.65817658176582,3.279937578750804],[117.64737647376472,3.2469535131289007],[117.5609756097561,3.328545675456766],[117.53577535775361,3.3858337894316577],[117.54657546575464,3.432705882683834],[117.63657636576369,3.4361778895914057],[117.679776797768,3.406665830877074],[117.65817658176582,3.279937578750804]]],[[[124.05184051840519,-5.97296082992078],[124.0410404104041,-6.021568926626756],[124.00504005040051,-5.96601681610565],[123.97263972639729,-5.939976764298876],[123.97623976239765,-5.880952646870199],[124.02304023040233,-5.901784688315615],[124.05184051840519,-5.97296082992078]]],[[[123.62703627036274,-5.271615434591837],[123.62343623436237,-5.372303634911333],[123.58383583835837,-5.3670956245499895],[123.55143551435515,-5.332375555474286],[123.54063540635406,-5.297655486398597],[123.54423544235442,-5.271615434591837],[123.56223562235624,-5.249047389692635],[123.62703627036274,-5.271615434591837]]],[[[120.77580775807758,-7.118723109418582],[120.67140671406713,-7.1239311197799395],[120.64260642606428,-7.11525110251101],[120.63180631806318,-7.018034909099072],[120.74700747007472,-7.0596989919899045],[120.7830078300783,-7.063170998897476],[120.77580775807758,-7.118723109418582]]],[[[117.55737557375573,-8.366909592689666],[117.53217532175324,-8.368645596143452],[117.48897488974893,-8.349549558151821],[117.5069750697507,-8.307885475260989],[117.4817748177482,-8.23844533710961],[117.48897488974893,-8.182893226588504],[117.54657546575464,-8.151645164420387],[117.66537665376654,-8.148173157512815],[117.66897668976691,-8.189837240403648],[117.55737557375573,-8.366909592689666]]],[[[116.42336423364236,-3.4644358392021246],[116.38736387363872,-3.636300181126799],[116.32616326163264,-3.5390839877148608],[116.39456394563945,-3.422771756311306],[116.42696426964272,-3.4002037114121038],[116.42336423364236,-3.4644358392021246]]],[[[127.37107371073711,0.7905086260237795],[127.33867338673389,0.7592605638556478],[127.30627306273061,0.7696765845783631],[127.28467284672848,0.8113406674691817],[127.29187291872921,0.8425887296373133],[127.32067320673207,0.8616847676289439],[127.35307353073534,0.8477967399986568],[127.37107371073711,0.7905086260237795]]],[[[134.37314373143732,-2.1242411728804598],[134.34434344343447,-2.138129200510747],[134.33354333543338,-2.094729114166128],[134.35154351543514,-2.0374410001912366],[134.36954369543696,-2.0270249794685355],[134.39114391143914,-2.0304969863761073],[134.419944199442,-2.0513290278215095],[134.37314373143732,-2.1242411728804598]]],[[[133.57033570335705,-4.245637393405175],[133.62073620736209,-4.299453500472495],[133.50193501935019,-4.257789417581662],[133.3327333273333,-4.169253241438653],[133.3219332193322,-4.110229124009976],[133.4659346593466,-4.200501303606771],[133.57033570335705,-4.245637393405175]]],[[[130.90630906309065,-0.7771024927436656],[130.8811088110881,-0.8291825963571995],[130.83070830708306,-0.8621666619791029],[130.40230402304024,-0.924662786315352],[130.43830438304383,-0.8882067137858769],[130.45630456304565,-0.8517506412564018],[130.4851048510485,-0.8326546032647713],[130.52830528305282,-0.8378626136261289],[130.549905499055,-0.8257105894496277],[130.56790567905682,-0.822238582542056],[130.5931059310593,-0.8274465929034136],[130.63630636306362,-0.8118225618193549],[130.7227072270723,-0.822238582542056],[130.8127081270813,-0.8135585652731407],[130.80550805508057,-0.7649504685671786],[130.90630906309065,-0.7771024927436656]]],[[[130.6255062550626,-0.528853998852469],[130.56790567905682,-0.5305900023062549],[130.46710467104674,-0.4871899159616504],[130.5247052470525,-0.4489978399783894],[130.56430564305646,-0.44031782270945996],[130.59670596705968,-0.4177497778102719],[130.6147061470615,-0.4177497778102719],[130.6579065790658,-0.4368458158018882],[130.6831068310683,-0.4698298814238058],[130.6255062550626,-0.528853998852469]]],[[[129.54909549095493,-0.1868613184569199],[129.5058950589506,-0.19033332536449166],[129.46989469894697,-0.13130920793581424],[129.3690936909369,-0.06707708014579339],[129.30789307893082,0.04576314435020379],[129.5418954189542,-0.13998922520474366],[129.54909549095493,-0.1868613184569199]]],[[[127.45387453874542,-0.006316959263330091],[127.45027450274506,-0.03582901797766169],[127.41787417874178,0.005835064913156884],[127.39627396273966,0.016251085635872187],[127.41787417874178,0.12388329977051171],[127.43227432274324,0.14297933776214222],[127.45027450274506,0.06833118924940607],[127.45387453874542,-0.006316959263330091]]],[[[127.42147421474215,0.642948332452093],[127.38547385473856,0.6307963082755919],[127.37467374673747,0.6342683151831636],[127.36387363873638,0.6759323980739964],[127.3818738187382,0.743636532771589],[127.42507425074251,0.743636532771589],[127.44307443074433,0.7332205120488879],[127.4466744667447,0.6828764118891257],[127.42147421474215,0.642948332452093]]],[[[127.29907299072994,-0.7805744996512374],[127.28827288272885,-0.8014065410966538],[127.1838718387184,-0.7753664892898797],[127.15507155071549,-0.7614784616596069],[127.2090720907209,-0.6191261784492781],[127.25947259472593,-0.6225981853568356],[127.3026730267303,-0.7580064547520351],[127.29907299072994,-0.7805744996512374]]],[[[128.7210872108721,-3.5460280015300043],[128.7210872108721,-3.5894280878746088],[128.71388713887143,-3.603316115504896],[128.65988659886602,-3.587692084420837],[128.62028620286202,-3.5894280878746088],[128.58428584285843,-3.513043935908101],[128.59508595085953,-3.4956839013702563],[128.6670866708667,-3.5165159428156585],[128.69228692286924,-3.525195960084588],[128.7210872108721,-3.5460280015300043]]],[[[128.5626856268563,-3.585956080967051],[128.389883898839,-3.638036184580585],[128.42948429484295,-3.5408199911686467],[128.45108451084513,-3.514779939361887],[128.53748537485376,-3.5408199911686467],[128.5626856268563,-3.585956080967051]]],[[[126.71946719467195,3.875386763398893],[126.72306723067231,3.8319866770542887],[126.66186661866618,3.929202870466213],[126.63666636666369,4.04204309496221],[126.68706687066873,4.002115015525163],[126.74106741067413,3.917050846289726],[126.71946719467195,3.875386763398893]]],[[[126.85266852668525,3.7677545492642537],[126.83466834668349,3.7573385285415526],[126.7986679866799,3.7833785803483124],[126.77706777067772,3.8128906390626582],[126.78066780667808,3.84240269777699],[126.80586805868057,3.8580267288610486],[126.85626856268561,3.8128906390626582],[126.85626856268561,3.786850587255884],[126.85266852668525,3.7677545492642537]]],[[[125.4090540905409,2.6515043284807973],[125.39825398253981,2.628936283581595],[125.35865358653587,2.74698451843895],[125.39105391053914,2.8060086358676273],[125.43425434254345,2.783440590968425],[125.44505445054449,2.7626085495230086],[125.40545405454054,2.707056439001903],[125.4090540905409,2.6515043284807973]]],[[[131.9827198271983,-7.202051275200233],[131.96831968319685,-7.25065937190621],[131.92511925119254,-7.2246193200994355],[131.88551885518854,-7.167331206124544],[131.82431824318246,-7.158651188855629],[131.77751777517778,-7.144763161225356],[131.75231752317524,-7.116987105964796],[131.92151921519218,-7.104835081788309],[131.9827198271983,-7.202051275200233]]],[[[128.67068670686706,-7.182955237208603],[128.62388623886238,-7.208995289015377],[128.55188551885522,-7.156915185401843],[128.53028530285303,-7.134347140502641],[128.5770857708577,-7.084003040342893],[128.62748627486275,-7.068379009258834],[128.65988659886602,-7.090947054158022],[128.67428674286742,-7.113515099057224],[128.6670866708667,-7.137819147410212],[128.67068670686706,-7.182955237208603]]],[[[127.41787417874178,-7.623900114469876],[127.35667356673565,-7.646468159369078],[127.37467374673747,-7.571820010856342],[127.37107371073711,-7.512795893427665],[127.47547475474755,-7.531891931419295],[127.47547475474755,-7.578764024671486],[127.46467464674646,-7.59612405920933],[127.41787417874178,-7.623900114469876]]],[[[123.41463414634148,-10.30255344365942],[123.3246332463325,-10.33727351273511],[123.3246332463325,-10.264361367676159],[123.39663396633966,-10.170617181171806],[123.4578345783458,-10.139369119003675],[123.49383493834938,-10.177561194986936],[123.49743497434974,-10.193185226070995],[123.40383403834039,-10.227905295146684],[123.41463414634148,-10.30255344365942]]],[[[121.88461884618846,-10.590730016987663],[121.83421834218342,-10.60288204116415],[121.72621726217261,-10.573369982449819],[121.70461704617048,-10.55600994791196],[121.79461794617947,-10.507401851205998],[121.8666186661867,-10.439697716508405],[121.94941949419496,-10.432753702693262],[121.9998199982,-10.446641730323535],[121.98181981819818,-10.528233892651414],[121.88461884618846,-10.590730016987663]]],[[[134.81954819548196,-6.4347377486274695],[134.79434794347947,-6.441681762442613],[134.79434794347947,-6.393073665736651],[134.82314823148232,-6.349673579392032],[134.85194851948523,-6.325369531039044],[134.88434884348845,-6.323633527585258],[134.81954819548196,-6.4347377486274695]]],[[[134.67554675546756,-6.748954373762473],[134.65754657546574,-6.764578404846532],[134.63234632346325,-6.733330342678414],[134.6287462874629,-6.712498301232998],[134.66474664746647,-6.656946190711892],[134.69714697146975,-6.625698128543775],[134.7367473674737,-6.623962125089989],[134.7259472594726,-6.669098214888393],[134.67554675546756,-6.748954373762473]]],[[[127.98667986679868,-2.936690789251628],[127.93627936279364,-3.0200189550332937],[127.84987849878502,-3.016546948125722],[127.83547835478356,-3.0043949239492207],[127.939879398794,-2.952314820335687],[127.98667986679868,-2.936690789251628]]],[[[127.60507605076054,-3.3151395421766523],[127.63027630276304,-3.358539628521271],[127.52947529475296,-3.3307635732607253],[127.48627486274864,-3.2873634869161066],[127.52947529475296,-3.2613234351093325],[127.5546755467555,-3.254379421294203],[127.60507605076054,-3.3151395421766523]]],[[[122.97902979029789,-8.54571794842947],[122.94662946629467,-8.604742065858147],[122.8890288902889,-8.587382031320303],[122.90342903429035,-8.530093917345411],[122.93222932229321,-8.497109851723508],[123.01143011430116,-8.448501755017531],[123.09063090630906,-8.439821737748616],[123.13743137431373,-8.45718177228646],[123.15183151831519,-8.476277810278091],[123.02943029430293,-8.495373848269722],[122.97902979029789,-8.54571794842947]]]]}},{"type":"Feature","id":"356","properties":{"name":"India","code":"IN","label":[79.56373385813113,22.77663124583421]},"geometry":{"type":"MultiPolygon","coordinates":[[[[68.1648816488165,23.856786516458925],[68.23328233282334,23.900186602803544],[68.28368283682838,23.92796265806409],[68.38088380883809,23.95053070296329],[68.4888848888489,23.967890737501136],[68.58608586085862,23.96615473404735],[68.72288722887231,23.964418730593565],[68.72648726487265,24.26648333155208],[68.7408874088741,24.292523383358855],[68.7588875888759,24.306411410989128],[68.78048780487805,24.313355424804257],[68.79848798487987,24.3098834178967],[68.82728827288273,24.264747328098295],[68.86328863288634,24.26648333155208],[68.89928899288995,24.292523383358855],[68.98568985689857,24.273427345367224],[69.05049050490507,24.28557936954371],[69.1188911889119,24.268219335005867],[69.23409234092341,24.268219335005867],[69.4428944289443,24.27516334882101],[69.55809558095581,24.273427345367224],[69.63369633696337,24.224819248661248],[69.71649716497166,24.172739145047714],[69.80649806498067,24.165795131232585],[69.93249932499324,24.17100314159393],[70.02250022500226,24.191835183039345],[70.06570065700657,24.240443279745307],[70.09810098100982,24.287315372997497],[70.28890288902889,24.356755511148876],[70.49050490504905,24.41230762166998],[70.54810548105482,24.41751563203134],[70.56610566105661,24.386267569863207],[70.55530555305555,24.330715459342116],[70.58050580505807,24.278635355728568],[70.65970659706599,24.245651290106665],[70.71730717307173,24.238707276291535],[70.76770767707677,24.245651290106665],[70.80370803708038,24.261275321190723],[70.88650886508867,24.34460348697239],[70.92970929709298,24.361963521510233],[70.98370983709839,24.360227518056448],[71.04491044910449,24.400155597493494],[71.04491044910449,24.429667656207826],[71.00531005310054,24.4435556838381],[70.9729097290973,24.486955770182718],[70.98010980109802,24.521675839258407],[70.96930969309693,24.572019939418155],[70.97650976509766,24.618892032670345],[71.00171001710018,24.653612101746035],[71.04851048510486,24.688332170821724],[71.01971019710197,24.757772308973102],[70.95130951309514,24.891444574914516],[70.87930879308794,25.06330891683919],[70.80010800108002,25.20566120004952],[70.7029070290703,25.330653448722003],[70.65250652506526,25.422661631772584],[70.65610656106563,25.625774035865376],[70.6489064890649,25.66743811875621],[70.61650616506165,25.691742167109183],[70.56970569705697,25.70563019473947],[70.5049050490505,25.684798153294054],[70.44730447304474,25.681326146386482],[70.3249032490325,25.68653415674784],[70.26370263702637,25.70736619819324],[70.10170101701019,25.910478602286034],[70.08010080100803,25.990334761160128],[70.07650076500767,26.071926923488007],[70.1341013410134,26.214279206698336],[70.14850148501486,26.347951472639735],[70.15570155701559,26.471207717858448],[70.14850148501486,26.505927786934137],[70.11610116101161,26.54759186982497],[70.05850058500585,26.578839931993087],[69.91089910899109,26.585783945808217],[69.73449734497345,26.62744802869905],[69.60129601296015,26.698624170304214],[69.50769507695077,26.742024256648833],[69.48249482494825,26.771536315363164],[69.47169471694718,26.804520380985082],[69.49329493294934,26.95381667801054],[69.53649536495365,27.122209013027643],[69.5688956889569,27.174289116641177],[69.6228962289623,27.228105223708496],[69.66249662496625,27.26456129623797],[69.72369723697238,27.313169392943948],[69.89649896498966,27.47288171069212],[70.05130051300515,27.695090152776544],[70.1449014490145,27.849594460163374],[70.19530195301954,27.894730549961764],[70.24570245702458,27.93465862939881],[70.31770317703177,27.981530722650987],[70.40410404104043,28.024930808995606],[70.48690486904869,28.02319480554182],[70.56970569705697,27.983266726104773],[70.62730627306274,27.938130636306383],[70.6489064890649,27.835706432533087],[70.69210692106921,27.76973830128928],[70.73890738907389,27.729810221852233],[70.79650796507966,27.708978180406817],[70.87570875708758,27.714186190768174],[71.18531185311855,27.83223442562553],[71.289712897129,27.854802470524717],[71.5417154171542,27.870426501608776],[71.71811718117183,27.91556259140718],[71.86931869318695,27.962434684659357],[71.88731887318875,28.04749885389481],[71.94851948519485,28.17769911292865],[72.12852128521286,28.34609144794574],[72.1789217892179,28.42247559991226],[72.2329223292233,28.566563886576375],[72.29052290522907,28.696764145610217],[72.34092340923411,28.752316256131323],[72.62532625326253,28.896404542795437],[72.90252902529025,29.028340805283065],[72.94932949329495,29.08910092616553],[73.12933129331293,29.363389471863485],[73.23013230132301,29.55087784487222],[73.2589325893259,29.609901962300896],[73.31653316533166,29.77308628695664],[73.38133381333813,29.9345346081586],[73.46773467734678,29.970990680688075],[73.65853658536585,30.03348680502431],[73.80973809738097,30.092510922452988],[73.88533885338853,30.161951060604366],[73.93213932139324,30.22271118148683],[73.92493924939251,30.281735298915507],[73.8817388173882,30.35291144052067],[73.89253892538926,30.394575523411504],[73.89973899738999,30.43450360284855],[74.0077400774008,30.519567772083988],[74.21654216542166,30.769552269428956],[74.3389433894339,30.89280851464767],[74.38214382143823,30.89280851464767],[74.50814508145083,30.96051264934526],[74.63414634146343,31.035160797857998],[74.6269462694627,31.0681448634799],[74.60894608946091,31.113280953278306],[74.54054540545405,31.132376991269922],[74.5189451894519,31.186193098337256],[74.53334533345335,31.260841246849978],[74.59454594545946,31.465689654396556],[74.58014580145803,31.524713771825233],[74.51174511745117,31.712202144833967],[74.52614526145263,31.7642822484475],[74.55494554945551,31.81809835551482],[74.63414634146343,31.889274497119985],[74.73854738547385,31.948298614548662],[75.06975069750698,32.088914894305205],[75.13815138151384,32.104538925389264],[75.25335253352534,32.14099499791874],[75.32535325353254,32.215643146431475],[75.33255332553327,32.27987527422151],[75.30375303753038,32.31806735020477],[75.23535235352355,32.37188345727209],[75.10575105751059,32.42049155397805],[74.98694986949872,32.462155636868886],[74.78894788947889,32.45694762650753],[74.68454684546847,32.493403699037],[74.65934659346595,32.51944375084378],[74.6449464494645,32.607979926986786],[74.66294662946629,32.75727622401226],[74.63414634146343,32.77116425164253],[74.58734587345873,32.75380421710469],[74.48294482944831,32.77116425164253],[74.35334353343535,32.769428248188746],[74.30654306543067,32.81109233107958],[74.3317433174332,32.861436431239326],[74.32454324543247,32.92740456248315],[74.30294302943031,32.99163669027317],[74.28494284942849,33.00552471790344],[74.22374223742239,33.0211487489875],[74.12654126541267,33.074964856054834],[74.04734047340474,33.142668990752426],[74.00414004140043,33.1895410840046],[73.98973989739898,33.220789146172734],[73.99333993339934,33.241621187618136],[74.05094050940511,33.300645305046814],[74.11934119341194,33.38397347082848],[74.1409414094141,33.455149612433644],[74.15174151741519,33.50722971604718],[74.13014130141303,33.54542179203044],[74.0689406894069,33.592293885282615],[74.00414004140043,33.63222196471966],[73.97893978939791,33.66867803724914],[73.97533975339755,33.72075814086267],[74.00054000540007,33.78846227556028],[74.079740797408,33.838806375720026],[74.21654216542166,33.88741447242599],[74.25254252542527,33.946438589854665],[74.24534245342454,33.989838676199284],[74.20934209342093,34.00372670382956],[74.11214112141121,34.00372670382956],[73.95013950139503,34.019350734913615],[73.92133921339214,34.043654783266604],[73.90333903339035,34.07490284543472],[73.90333903339035,34.107886911056625],[73.93933939339394,34.1443429835861],[73.97893978939791,34.19121507683829],[73.97173971739718,34.23635116663668],[73.92493924939251,34.288431270250214],[73.80973809738097,34.32488734277969],[73.79533795337954,34.37870344984701],[73.81333813338134,34.42210353619163],[73.84933849338495,34.48459966052788],[73.8817388173882,34.52973575032627],[73.96093960939609,34.652991995544966],[74.05454054540547,34.680768050805526],[74.17334173341735,34.72069613024257],[74.29934299342995,34.76583222004096],[74.49734497344974,34.73284815441906],[74.59454594545946,34.715488119881215],[74.78894788947889,34.677296043897954],[74.9509495094951,34.646047981729836],[75.12015120151202,34.63736796446091],[75.18855188551888,34.63910396791469],[75.26415264152644,34.60091189193143],[75.45135451354514,34.53667976414141],[75.60615606156063,34.50195969506572],[75.71055710557107,34.50369569851951],[75.86175861758619,34.560983812494385],[75.93735937359375,34.61306391610793],[76.04176041760417,34.67035203008281],[76.17136171361716,34.66688002317525],[76.45576455764558,34.75541619931826],[76.50976509765098,34.74152817168799],[76.59616596165961,34.73632016132663],[76.69696696966969,34.78666426148638],[76.74736747367473,34.84742438236884],[76.75816758167582,34.87867244453696],[76.78336783367837,34.899504485982376],[76.89136891368912,34.93943256541942],[76.99936999369993,34.99151266903296],[77.0317703177032,35.06268881063812],[77.04977049770497,35.10956090389031],[77.16857168571687,35.17205702822655],[77.29457294572944,35.23628915601658],[77.42417424174243,35.30225728726039],[77.57177571775719,35.37864143922691],[77.69777697776976,35.44287356701693],[77.79857798577984,35.49668967408425],[77.80217802178021,35.493217667176694],[77.80937809378094,35.484537649907764],[77.85257852578525,35.460233601554776],[77.89577895778956,35.449817580832075],[77.9461794617946,35.47238562573128],[78.0109801098011,35.48974566026912],[78.04338043380437,35.47932963954641],[78.04698046980468,35.449817580832075],[78.00738007380073,35.30746529762175],[78.0109801098011,35.250177183646855],[78.07578075780759,35.13560095569707],[78.15858158581585,34.94637657923455],[78.2377823778238,34.769304226948535],[78.28098280982812,34.65472799899875],[78.3277832778328,34.60611990229279],[78.5149851498515,34.55751180558683],[78.66978669786698,34.51758372614978],[78.76338763387633,34.453351598359745],[78.86418864188641,34.39085547402351],[78.93618936189364,34.35266339804025],[78.96858968589686,34.3023192978805],[78.97578975789759,34.25891921153588],[78.97218972189722,34.227671149367765],[78.93258932589328,34.189479073384504],[78.75258752587524,34.08705486961121],[78.73098730987311,34.05580680744309],[78.72738727387275,34.01414272455226],[78.76338763387633,33.88741447242599],[78.78498784987852,33.80929431700568],[78.78858788587888,33.64958199925751],[78.80298802988028,33.500285702232034],[78.86418864188641,33.430845564080656],[78.91818918189182,33.38744547773604],[78.94698946989473,33.34578139484522],[79.01179011790117,33.2919652877779],[79.06579065790658,33.250301204887066],[79.11259112591125,33.22599715653408],[79.13419134191344,33.17218104946676],[79.12339123391234,33.10794892167674],[79.10179101791022,33.05239681115563],[79.10899108991089,33.022884752441286],[79.14499144991453,33.00205271099588],[79.2025920259203,32.94650060047478],[79.20979209792097,32.8649084381469],[79.2061920619206,32.80935632762579],[79.22779227792279,32.759012227466044],[79.23499234992352,32.70346011694494],[79.2169921699217,32.56457984064217],[79.22059220592206,32.507291726667276],[79.22059220592206,32.50034771285215],[79.17019170191702,32.496875705944575],[79.12699126991271,32.47604366449916],[79.06579065790658,32.38750748835615],[78.99738997389977,32.36493944345695],[78.91818918189182,32.35799542964182],[78.83898838988392,32.41181153670914],[78.77058770587706,32.46736364723024],[78.75258752587524,32.49861170939836],[78.73818738187384,32.55763582682704],[78.7021870218702,32.597563906264085],[78.63018630186303,32.578467868272455],[78.52578525785259,32.57152385445731],[78.41418414184142,32.55763582682704],[78.39258392583929,32.54548380265054],[78.38898388983893,32.51944375084378],[78.41778417784178,32.46736364723024],[78.44298442984433,32.39792350907885],[78.45378453784537,32.300707315666926],[78.48618486184864,32.23647518787689],[78.49698496984973,32.215643146431475],[78.67698676986771,32.0229467630614],[78.72378723787239,31.98301868362435],[78.73458734587348,31.958714635271363],[78.72018720187202,31.8875384936662],[78.6877868778688,31.805946331338333],[78.69498694986953,31.739978200094512],[78.75258752587524,31.668802058489348],[78.80298802988028,31.6184579583296],[78.7561875618756,31.550753823632007],[78.72738727387275,31.4726336682117],[78.75978759787597,31.436177595682224],[78.7417874178742,31.323337371186227],[78.7561875618756,31.30250532974081],[78.79218792187925,31.293825312471895],[78.84618846188465,31.300769326287025],[78.90018900189006,31.332017388455156],[78.94698946989473,31.3372253988165],[78.97218972189722,31.328545381547585],[79.01179011790117,31.413609550783022],[79.04419044190445,31.42576157495951],[79.10539105391052,31.40319353006032],[79.23139231392315,31.24174520885836],[79.33939339393396,31.106336939463162],[79.36819368193682,31.080296887656388],[79.389793897939,31.06467285657233],[79.49419494194944,30.993496714967165],[79.56619566195661,30.948360625168775],[79.66339663396633,30.96572065970662],[79.79299792997932,30.96745666316039],[79.87219872198722,30.924056576815786],[79.91539915399153,30.89454451810144],[79.9189991899919,30.889336507740097],[79.92619926199262,30.889336507740097],[80.0810008100081,30.781704293605458],[80.14940149401497,30.790384310874373],[80.19260192601928,30.759136248706255],[80.20700207002074,30.68448810019352],[80.18540185401855,30.604631941319425],[80.19260192601928,30.56817586878995],[80.26100261002608,30.56123185497482],[80.4086040860409,30.509151751361273],[80.5418054180542,30.464015661562883],[80.61020610206106,30.448391630478824],[80.68220682206822,30.41540756485692],[80.74700747007472,30.359855454335815],[80.87300873008729,30.290415316184422],[80.98460984609846,30.236599209117102],[81.00981009810101,30.163687064058152],[80.96660966609664,30.17931109514221],[80.90900909009093,30.17236708132708],[80.8478084780848,30.139383015705178],[80.81900819008189,30.11855097425976],[80.68580685806859,29.993558725587278],[80.61380613806136,29.955366649604017],[80.54900549005492,29.89981453908291],[80.40140401404017,29.729686200612022],[80.31860318603185,29.571709886317635],[80.25380253802541,29.424149592745948],[80.25740257402578,29.31825338206508],[80.23220232202323,29.194997136846382],[80.1710017100171,29.123820995241218],[80.13140131401315,29.101252950342015],[80.08460084600847,28.993620736207376],[80.05220052200525,28.870364490988678],[80.07020070200701,28.83043641155163],[80.14940149401497,28.77662030448431],[80.2250022500225,28.72280419741699],[80.32580325803258,28.667252086895886],[80.41940419404193,28.61169997637478],[80.48060480604806,28.604755962559636],[80.49500495004952,28.636004024727768],[80.51660516605165,28.6655160834421],[80.58860588605887,28.64989205235804],[80.67140671406713,28.59607594529072],[80.72540725407254,28.55441186239989],[80.75060750607508,28.540523834769616],[80.89460894608948,28.46934769316445],[81.01701017010168,28.410323575735774],[81.1682116821168,28.335675427223038],[81.20781207812081,28.28880333397086],[81.24021240212403,28.240195237264885],[81.31221312213125,28.175963109474864],[81.4850148501485,28.06138688152508],[81.63621636216362,27.9797947191972],[81.75861758617589,27.913826587953395],[81.85221852218524,27.86695449470122],[81.89541895418955,27.873898508516348],[81.94581945819459,27.899938560323122],[81.9890198901989,27.913826587953395],[82.03582035820358,27.899938560323122],[82.11142111421117,27.865218491247433],[82.28782287822878,27.755850273659007],[82.449824498245,27.67252210787734],[82.62982629826297,27.686410135507614],[82.67662676626765,27.674258111331127],[82.71262712627129,27.59613795591082],[82.73422734227341,27.51975380394431],[82.93222932229321,27.467673700330764],[83.06543065430657,27.445105655431576],[83.21303213032132,27.401705569086957],[83.28863288632886,27.37045750691884],[83.36783367833681,27.410385586355886],[83.38223382233821,27.445105655431576],[83.4470344703447,27.465937696876978],[83.55143551435515,27.455521676154277],[83.74583745837458,27.3964975587256],[83.8286382863829,27.37740152073397],[83.8970389703897,27.43468963470886],[84.02304023040233,27.46246568996942],[84.09144091440913,27.49197774868375],[84.22824228242285,27.42774562089373],[84.48024480244806,27.347889462019637],[84.60984609846099,27.299281365313675],[84.64224642246421,27.2506732686077],[84.6530465304653,27.203801175355522],[84.6530465304653,27.090960950859525],[84.68544685446858,27.040616850699777],[84.93744937449378,26.926040622749994],[85.02025020250204,26.879168529497804],[85.0886508865089,26.863544498413745],[85.12465124651249,26.86180849495996],[85.14985149851498,26.8461844638759],[85.17505175051753,26.78195233608588],[85.19305193051929,26.76632830500182],[85.23985239852402,26.750704273917762],[85.29385293852937,26.740288253195047],[85.45585455854558,26.79757636716994],[85.56745567455675,26.83924045006077],[85.64665646656465,26.828824429338056],[85.70065700657005,26.78195233608588],[85.70785707857078,26.7125121979345],[85.7366573665737,26.63960005287555],[85.79425794257946,26.604879983799847],[85.85545855458554,26.599671973438504],[86.00666006660066,26.650016073598252],[86.12906129061292,26.61182399761499],[86.2406624066241,26.597935969984718],[86.36666366663667,26.57363192163173],[86.41346413464134,26.556271887093885],[86.54306543065434,26.495511766211422],[86.70146701467013,26.434751645328973],[86.76266762667626,26.441695659144102],[87.01467014670146,26.556271887093885],[87.03627036270365,26.542383859463612],[87.09027090270905,26.433015641875187],[87.16587165871658,26.394823565891926],[87.28827288272885,26.360103496816237],[87.41427414274142,26.42259962115247],[87.51147511475114,26.405239586614627],[87.6338763387634,26.398295572799498],[87.74907749077494,26.429543634967615],[87.84987849878502,26.43648764878276],[87.99387993879941,26.38267154171544],[88.02628026280263,26.394823565891926],[88.05508055080554,26.429543634967615],[88.11268112681125,26.585783945808217],[88.1630816308163,26.724664222110988],[88.15588155881562,26.80799238789264],[88.11268112681125,26.92777662620378],[87.99387993879941,27.085752940498168],[87.98307983079832,27.134361037204144],[88.02268022680227,27.4086495829021],[88.06948069480694,27.566625897196488],[88.10548105481058,27.64301004916301],[88.1486814868149,27.748906259843864],[88.15588155881562,27.79925036000361],[88.1486814868149,27.84265044634823],[88.10908109081089,27.870426501608776],[88.09828098280985,27.90514657068448],[88.10908109081089,27.932922625945025],[88.14148141481417,27.948546657029084],[88.27468274682747,27.9693786984745],[88.42588425884259,28.011042781365333],[88.48708487084872,28.033610826264535],[88.53028530285303,28.05791487461751],[88.5770857708577,28.0926349436932],[88.62028620286202,28.0926349436932],[88.75708757087574,28.040554840079665],[88.80388803888042,28.00757077445776],[88.82908829088291,27.90688257413825],[88.84708847088473,27.868690498155004],[88.82908829088291,27.768002297835494],[88.74988749887501,27.521489807398083],[88.76428764287641,27.429481624347503],[88.83268832688327,27.363513493103696],[88.89028890288904,27.31664139985152],[88.88308883088831,27.29754536185989],[88.7606876068761,27.217689202985795],[88.73908739087392,27.176025120094963],[88.76428764287641,27.134361037204144],[88.81468814688145,27.09964096812844],[88.83628836288364,27.06492089905275],[88.85788857888582,26.960760691825683],[88.9190891908919,26.932984636565138],[89.04149041490416,26.86528050186753],[89.14949149491497,26.81667240516157],[89.33309333093331,26.847920467329686],[89.38349383493835,26.82708842588427],[89.47349473494734,26.802784377531296],[89.54549545495456,26.795840363716152],[89.58509585095851,26.778480329178308],[89.61029610296106,26.76285629809425],[89.6066960669607,26.740288253195047],[89.61029610296106,26.71945621174963],[89.71109711097114,26.714248201388273],[89.76509765097654,26.702096177211786],[89.94149941499415,26.724664222110988],[90.12150121501219,26.75417628082532],[90.20430204302045,26.847920467329686],[90.2439024390244,26.85486448114483],[90.34470344703448,26.88958455022052],[90.44910449104492,26.851392474237258],[90.5607056070561,26.795840363716152],[90.62190621906223,26.780216332632094],[90.74070740707407,26.771536315363164],[90.8559085590856,26.778480329178308],[91.1331113311133,26.802784377531296],[91.28791287912878,26.790632353354795],[91.42831428314287,26.867016505321317],[91.45711457114572,26.867016505321317],[91.51831518315186,26.80799238789264],[91.67311673116734,26.802784377531296],[91.75231752317524,26.83056043279184],[91.84231842318422,26.853128477691044],[91.89991899918999,26.860072491506187],[91.9431194311943,26.860072491506187],[91.99711997119971,26.85486448114483],[92.05112051120511,26.875696522590246],[92.0727207272073,26.915624602027293],[92.06912069120693,26.974648719455956],[92.02952029520299,27.040616850699777],[91.99711997119971,27.07880892668304],[91.99351993519934,27.09964096812844],[92.00432004320044,27.14651306138063],[92.02952029520299,27.214217196078224],[92.08352083520839,27.290601348044746],[92.04392043920438,27.36524949655748],[91.98991989919898,27.45031366579292],[91.95031950319503,27.45899368306185],[91.84951849518495,27.438161641616432],[91.74151741517414,27.44336965197779],[91.65871658716588,27.493713752137538],[91.59391593915939,27.55794587992756],[91.57951579515799,27.611761986994892],[91.59751597515975,27.6777301182387],[91.62631626316266,27.736754235667377],[91.63351633516334,27.759322280566565],[91.71271712717129,27.759322280566565],[91.82431824318246,27.747170256390078],[91.91071910719108,27.729810221852233],[91.97911979119795,27.729810221852233],[92.10152101521015,27.80793037727254],[92.15912159121592,27.811402384180113],[92.22392223922242,27.82702641526417],[92.24912249122491,27.840914442894444],[92.2707227072271,27.830498422171743],[92.34272342723426,27.820082401449028],[92.41472414724149,27.825290411810386],[92.47952479524798,27.846122453255802],[92.54792547925479,27.879106518877705],[92.66312663126632,27.948546657029084],[92.68832688326881,27.98847473646613],[92.68832688326881,28.024930808995606],[92.66672666726669,28.049234857348594],[92.6451264512645,28.06138688152508],[92.65232652326523,28.0926349436932],[92.70272702727027,28.14645105076052],[92.8827288272883,28.228043213088398],[93.03393033930342,28.326995409954122],[93.12033120331205,28.401643558466844],[93.15633156331563,28.491915738063653],[93.20673206732067,28.590867934929364],[93.25353253532535,28.629060010912625],[93.36153361533616,28.653364059265613],[93.6639366393664,28.689820131795088],[93.76113761137611,28.729748211232135],[93.90153901539014,28.802660356291085],[93.97353973539737,28.859948470265962],[94.01314013140131,28.906820563518153],[94.01674016740168,28.958900667131687],[94.11034110341103,28.97626070166953],[94.19314193141935,29.059588867451197],[94.29394293942943,29.144653036686634],[94.46674466744668,29.2158291782918],[94.62154621546216,29.313045371703737],[94.67554675546756,29.297421340619678],[94.73314733147333,29.252285250821274],[94.76194761947619,29.201941150661526],[94.76914769147692,29.17590109885475],[94.96714967149671,29.144653036686634],[94.99954999549999,29.14986104704799],[95.14355143551438,29.104724957249587],[95.28035280352805,29.04917284672848],[95.35235352353527,29.03528481909821],[95.38835388353885,29.037020822551995],[95.42075420754207,29.05438085708984],[95.45675456754566,29.1029889537958],[95.4927549275493,29.13770902287149],[95.51795517955179,29.151597050501778],[95.51435514355143,29.207149161022883],[95.70875708757086,29.313045371703737],[95.88515885158853,29.39116552712403],[96.03636036360365,29.446717637645136],[96.07956079560796,29.424149592745948],[96.129961299613,29.38074950640133],[96.1947619476195,29.27311729226669],[96.23436234362345,29.24534123700613],[96.33876338763389,29.260965268090203],[96.35676356763571,29.248813243913702],[96.33876338763389,29.21062116793044],[96.27036270362703,29.16201307122448],[96.18036180361804,29.116876981426074],[96.12276122761227,29.082156912350385],[96.1407614076141,28.964108677493044],[96.13716137161373,28.92244459460221],[96.16236162361622,28.910292570425725],[96.34596345963462,29.02660480182928],[96.4359643596436,29.050908850182267],[96.46836468364683,29.02313279492172],[96.47556475564755,28.958900667131687],[96.55116551165514,28.83043641155163],[96.579965799658,28.764468280307824],[96.39636396363966,28.606491966013422],[96.3279632796328,28.524899803685557],[96.33156331563316,28.497123748424997],[96.3279632796328,28.46934769316445],[96.27756277562776,28.42768361027362],[96.28116281162812,28.41205957918956],[96.32076320763207,28.386019527382786],[96.36756367563675,28.366923489391155],[96.38916389163893,28.36865949284494],[96.42876428764288,28.406851568828202],[96.60156601566018,28.46066767589552],[96.65196651966522,28.45025165517282],[96.77436774367743,28.366923489391155],[96.8319683196832,28.36171547902981],[96.97956979569796,28.337411430676823],[97.07677076770767,28.36865949284494],[97.14517145171453,28.340883437584395],[97.28917289172892,28.236723230357313],[97.32157321573214,28.217627192365683],[97.31077310773111,28.155131068029448],[97.30357303573038,28.08569092987807],[97.33957339573396,28.030138819356964],[97.34317343173433,27.981530722650987],[97.3359733597336,27.938130636306383],[97.30717307173074,27.90688257413825],[97.22437224372243,27.889522539600407],[97.15957159571599,27.837442435986873],[97.04797047970482,27.759322280566565],[96.96156961569619,27.698562159684116],[96.90036900369006,27.64301004916301],[96.87516875168751,27.587457938641904],[96.88236882368824,27.514545793582954],[96.90036900369006,27.439897645070218],[97.10197101971022,27.163873095918476],[97.10197101971022,27.115264999212513],[97.03717037170372,27.101376971582226],[96.95436954369546,27.132625033750358],[96.87876878768787,27.17776112354875],[96.79956799567998,27.295809358406103],[96.73116731167312,27.33226543093558],[96.66636666366662,27.339209444750708],[96.2739627396274,27.27844932386826],[96.19116191161913,27.261089289330414],[96.06156061560614,27.217689202985795],[95.97155971559715,27.127417023389],[95.90675906759071,27.04582486106112],[95.83835838358385,27.014576798893003],[95.73755737557377,26.950344671102982],[95.46395463954639,26.755912284279106],[95.30555305553054,26.672584118497454],[95.20115201152015,26.641336056329322],[95.12915129151293,26.597935969984718],[95.08955089550898,26.525023824925768],[95.06075060750607,26.47467972476602],[95.04995049950503,26.347951472639735],[95.0679506795068,26.191711161799134],[95.10755107551074,26.091022961479624],[95.12915129151293,26.07019092003422],[95.13275132751329,26.040678861319876],[95.09315093150934,25.986862754252556],[95.03915039150394,25.941726664454166],[95.01395013950139,25.91221460573982],[94.99234992349926,25.76986232252949],[94.94554945549459,25.700422184378112],[94.86274862748627,25.597997980604816],[94.78714787147874,25.519877825184523],[94.66834668346684,25.45911770430206],[94.62154621546216,25.410509607596097],[94.57834578345785,25.320237427999302],[94.5531455314553,25.24385327603278],[94.5531455314553,25.21607722077222],[94.56754567545676,25.191773172419246],[94.61434614346143,25.163997117158686],[94.67554675546756,25.137957065351912],[94.70434704347042,25.09802898591488],[94.70794707947078,25.049420889208903],[94.66474664746647,24.931372654351563],[94.58554585545858,24.76645232624203],[94.49194491944922,24.637988070661976],[94.39834398343987,24.514731825443263],[94.37674376743769,24.473067742552445],[94.29394293942943,24.322035442073187],[94.21834218342184,24.113715027619037],[94.17154171541716,23.973098747862494],[94.12834128341285,23.875882554450556],[94.07434074340745,23.872410547542998],[94.00954009540095,23.903658609711115],[93.85473854738547,23.943586689148162],[93.75753757537575,23.976570754770066],[93.68193681936822,24.006082813484397],[93.63153631536318,24.006082813484397],[93.56313563135632,23.98525077203898],[93.49473494734946,23.973098747862494],[93.45153451534514,23.986986775492767],[93.35433354333543,24.073786948182004],[93.32553325533257,24.06337092745929],[93.30753307533075,24.021706844568456],[93.37233372333725,23.773458350677274],[93.41553415534156,23.681450167626693],[93.40833408334083,23.52868186369365],[93.39033390333907,23.339457487231144],[93.36513365133652,23.13287307623078],[93.35073350733506,23.084264979524804],[93.30753307533075,23.030448872457484],[93.25353253532535,23.014824841373425],[93.20313203132031,23.037392886272627],[93.16353163531636,23.03218487591127],[93.15273152731527,22.99746480683558],[93.16353163531636,22.907192627238786],[93.11313113131132,22.80650442691929],[93.07713077130774,22.717968250776266],[93.08793087930883,22.63290408154083],[93.10593105931059,22.547839912305392],[93.16353163531636,22.36035153929666],[93.16353163531636,22.292647404599066],[93.15273152731527,22.230151280262817],[93.12033120331205,22.20584723190983],[93.06993069930701,22.2093192388174],[93.04473044730446,22.18327918701064],[93.02313023130233,22.14508711102738],[92.96552965529656,22.004470831270822],[92.9079290792908,21.988846800186764],[92.85392853928539,22.00967884163218],[92.77112771127713,22.105159031590333],[92.72072720727209,22.13293508685088],[92.68832688326881,22.131199083397092],[92.67392673926742,22.105159031590333],[92.65232652326523,22.049606921069227],[92.6307263072631,22.011414845085966],[92.57312573125733,21.978430779464063],[92.56232562325624,22.04787091761544],[92.53352533525339,22.410695639456407],[92.50832508325084,22.52527186740619],[92.49032490324902,22.684984185154363],[92.46512465124653,22.73359228186034],[92.42912429124294,22.82212845800335],[92.3931239312393,22.896776606516084],[92.36072360723608,22.929760672137988],[92.34272342723426,23.07037695189453],[92.33552335523359,23.242241293819205],[92.33552335523359,23.32383345614707],[92.28872288722886,23.492225791164174],[92.24552245522455,23.68318617108048],[92.18792187921878,23.676242157265335],[92.1519215192152,23.72137824706374],[92.1267212672127,23.72137824706374],[92.04392043920438,23.67797816071912],[91.97911979119795,23.691866188349394],[91.9287192871929,23.68665817798805],[91.9287192871929,23.598122001845027],[91.93951939519394,23.504377815340675],[91.91791917919181,23.471393749718757],[91.78831788317882,23.360289528676546],[91.7559175591756,23.287377383617596],[91.75951759517596,23.209257228197302],[91.77391773917742,23.106833024424006],[91.75231752317524,23.053016917356686],[91.69471694716947,23.004408820650724],[91.61911619116194,22.980104772297736],[91.55431554315544,22.992256796474237],[91.51111511115113,23.033920879365056],[91.47151471514718,23.141553093499695],[91.43551435514354,23.200577210928373],[91.39951399513996,23.214465238558645],[91.3707137071371,23.198841207474587],[91.36711367113674,23.131137072776994],[91.36711367113674,23.073848958802103],[91.35991359913601,23.068640948440745],[91.33831338313382,23.077320965709674],[91.3167131671317,23.10509702097022],[91.25551255512556,23.374177556306833],[91.16551165511657,23.580761967307183],[91.16191161911621,23.660618126181276],[91.19071190711907,23.76304232995456],[91.23031230312301,23.92101864424896],[91.33471334713346,24.0182348376609],[91.34911349113491,24.059898920551717],[91.36711367113674,24.09288298617362],[91.39231392313923,24.099826999988764],[91.52551525515258,24.09114698271985],[91.57231572315726,24.106771013803908],[91.61191611916121,24.153643107056084],[91.66951669516698,24.19009917958556],[91.72711727117274,24.205723210669618],[91.77391773917742,24.210931221030975],[91.84591845918459,24.1744751485015],[91.87831878318786,24.195307189946917],[91.89991899918999,24.261275321190723],[91.93231932319327,24.32550744898076],[91.95031950319503,24.356755511148876],[92.00072000720007,24.37064353877915],[92.06552065520657,24.37411554568672],[92.08352083520839,24.386267569863207],[92.10152101521015,24.40883561476241],[92.11592115921161,24.49389978399786],[92.19872198721987,24.686596167367938],[92.22752227522278,24.771660336603375],[92.23112231122315,24.785548364233662],[92.22752227522278,24.8810285541918],[92.25272252722527,24.894916581822088],[92.38592385923863,24.848044488569897],[92.44352443524434,24.849780492023683],[92.47592475924762,24.868876530015314],[92.48672486724865,24.903596599091003],[92.46872468724689,24.94352467852805],[92.37512375123754,25.014700820133214],[92.2059220592206,25.110181010091367],[92.05112051120511,25.169205127520044],[91.76311763117633,25.160525110251115],[91.47871478714791,25.141429072259484],[91.39591395913959,25.1518450929822],[91.29151291512915,25.17788514478896],[91.03951039510395,25.174413137881388],[90.72990729907298,25.15878910679733],[90.6147061470615,25.16746912406626],[90.55350553505536,25.16746912406626],[90.43830438304383,25.157053103343543],[90.25110251102512,25.184829158604103],[90.11790117901182,25.219549227679792],[90.00270002700029,25.257741303663053],[89.86589865898662,25.292461372738742],[89.83349833498335,25.292461372738742],[89.81549815498158,25.30461339691523],[89.80109801098013,25.33586145908336],[89.79749797497976,25.375789538520408],[89.82629826298262,25.559805904621555],[89.80109801098013,25.83930246068087],[89.82269822698225,25.941726664454166],[89.71109711097114,26.170879120353717],[89.67149671496713,26.214279206698336],[89.61749617496179,26.216015210152122],[89.58509585095851,26.186503151437776],[89.57429574295742,26.132687044370456],[89.59229592295924,26.071926923488007],[89.54909549095493,26.005958792244186],[89.46629466294667,25.983390747344984],[89.3690936909369,26.005958792244186],[89.289892898929,26.037206854412304],[89.18549185491855,26.106646992563697],[89.10989109891102,26.202127182521835],[89.10269102691029,26.308023393202703],[89.06669066690665,26.37746353135408],[89.01989019890198,26.410447596975985],[88.98388983889839,26.419127614244914],[88.95148951489517,26.41218360042977],[88.92268922689226,26.375727527900295],[88.94788947889481,26.337535451917034],[88.98028980289803,26.2854553483035],[88.96948969489694,26.25073527922781],[88.94068940689408,26.245527268866454],[88.89748897488977,26.261151299950512],[88.82908829088291,26.252471282681597],[88.7606876068761,26.280247337942143],[88.7210872108721,26.28198334139593],[88.68148681486815,26.292399362118644],[88.68148681486815,26.353159483001093],[88.62028620286202,26.4312796384214],[88.51948519485194,26.518079811110624],[88.41868418684186,26.571895918177944],[88.36828368283682,26.564951904362815],[88.34668346683469,26.50419178348035],[88.35028350283505,26.483359742034935],[88.38628386283864,26.471207717858448],[88.43668436684368,26.43648764878276],[88.44748447484477,26.40176757970707],[88.44028440284404,26.368783514085152],[88.37908379083791,26.31149540011026],[88.33228332283323,26.25767929304294],[88.23508235082352,26.17782313416886],[88.15228152281526,26.087550954572066],[88.13068130681307,26.018110816420673],[88.09828098280985,25.95561469208444],[88.0838808388084,25.887910557386846],[88.10548105481058,25.841038464134655],[88.1486814868149,25.811526405420324],[88.25308253082534,25.78895836052112],[88.36468364683645,25.698686180924327],[88.45108451084513,25.573693932251842],[88.50148501485018,25.537237859722367],[88.59508595085953,25.495573776831534],[88.76788767887678,25.490365766470177],[88.79668796687969,25.455645697394488],[88.82188821888218,25.365373517797693],[88.85428854288546,25.334125455629575],[88.94428944289444,25.290725369284957],[88.95148951489517,25.25947730711684],[88.92988929889299,25.223021234587364],[88.89028890288904,25.195245179326804],[88.81828818288182,25.176149141335173],[88.74628746287465,25.169205127520044],[88.67788677886779,25.179621148242745],[88.57348573485734,25.188301165511675],[88.4546845468455,25.188301165511675],[88.37188371883718,24.960884713065894],[88.31428314283141,24.8810285541918],[88.27828278282783,24.882764557645586],[88.18828188281884,24.920956633628847],[88.1486814868149,24.914012619813718],[88.04428044280445,24.712636219174712],[88.029880298803,24.664028122468736],[88.02268022680227,24.62757204993926],[88.08028080280803,24.549451894518967],[88.14508145081453,24.48521976672893],[88.22428224282243,24.460915718375944],[88.28548285482856,24.480011756367574],[88.3358833588336,24.453971704560814],[88.39708397083973,24.38973957677078],[88.49788497884981,24.346339490426175],[88.6418864188642,24.32550744898076],[88.72468724687246,24.27516334882101],[88.73188731887319,24.23176326247639],[88.72828728287283,24.186627172677987],[88.71388713887137,24.070314941274432],[88.69948699486997,24.002610806576826],[88.62388623886238,23.825538454290808],[88.56628566285661,23.67450615381155],[88.59508595085953,23.6015940087526],[88.61668616686165,23.572081950038267],[88.63468634686348,23.549513905139065],[88.69588695886961,23.492225791164174],[88.73908739087392,23.436673680643068],[88.70308703087034,23.292585393978953],[88.72468724687246,23.254393317995692],[88.80748807488078,23.23008926964272],[88.89748897488977,23.210993231651088],[88.92988929889299,23.1866891832981],[88.85068850688509,23.0408648931802],[88.86868868688686,22.938440689406903],[88.90108901089013,22.842960499448765],[88.92268922689226,22.68672018860815],[88.92628926289262,22.67109615752409],[88.9190891908919,22.631168078087043],[88.9730897308973,22.511383839775917],[89.04869048690489,22.27528737006122],[89.05589055890562,22.186751193918198],[89.05229052290525,22.093007007413846],[89.0270902709027,21.93676669657323],[88.94788947889481,21.938502700027016],[89.01989019890198,21.834342492799948],[89.04149041490416,21.757958340833426],[89.05229052290525,21.653798133606358],[88.96588965889657,21.641646109429857],[88.90828908289086,21.653798133606358],[88.85788857888582,21.744070313203153],[88.83268832688327,21.660742147421487],[88.74628746287465,21.584357995454965],[88.71388713887137,21.622550071438226],[88.69588695886961,21.662478150875273],[88.69228692286924,21.733654292480438],[88.73908739087392,22.00620683472461],[88.73188731887319,22.035718893438954],[88.7066870668707,22.05655093488437],[88.65988659886602,22.06696695560707],[88.6418864188642,22.122519066128177],[88.56628566285661,21.832606489346162],[88.59868598685989,21.714558254488807],[88.58428584285843,21.6590061439677],[88.44748447484477,21.61387005416931],[88.30708307083074,21.723238271757737],[88.28908289082892,21.757958340833426],[88.27828278282783,21.697198219950963],[88.25308253082534,21.622550071438226],[88.12348123481235,21.6364380990685],[88.05508055080554,21.69372621304339],[88.09828098280985,21.7944144133629],[88.18108181081811,22.032246886531382],[88.19548195481957,22.139879100666022],[88.08748087480876,22.21799925608633],[87.99387993879941,22.264871349338506],[87.939879398794,22.37423956692693],[87.96147961479613,22.254455328615805],[88.01188011880117,22.212791245724972],[88.0838808388084,22.18327918701064],[88.15948159481593,22.122519066128177],[88.10548105481058,22.04787091761544],[88.05148051480518,22.000998824363265],[87.94707947079473,21.82566247553102],[87.82467824678247,21.72671027866531],[87.67707677076771,21.653798133606358],[87.20187201872022,21.54442991601792],[87.10107101071014,21.501029829673314],[86.95346953469533,21.365621560278115],[86.85986859868598,21.23715730469806],[86.84186841868421,21.106957045664217],[86.89586895868962,20.966340765907674],[86.93906939069393,20.745868327277037],[86.97506975069751,20.700732237478647],[86.92466924669247,20.619140075150767],[86.83466834668349,20.53407590591533],[86.76266762667626,20.419499677965547],[86.76986769867699,20.355267550175512],[86.75186751867517,20.313603467284693],[86.49986499864997,20.17125118407435],[86.44586445864462,20.089659021746485],[86.37746377463776,20.00633085596482],[86.2946629466295,20.05320294921701],[86.24426244262446,20.05320294921701],[86.31266312663126,19.98723481797319],[86.30186301863017,19.943834731628584],[86.28026280262804,19.919530683275596],[86.21546215462155,19.895226634922608],[85.85185851858517,19.79106642769554],[85.57465574655748,19.69211423082983],[85.49545495454953,19.697322241191173],[85.50985509855099,19.72683429990552],[85.56025560255603,19.75287435171228],[85.55665556655566,19.867450579662062],[85.50265502655026,19.88828262110748],[85.45945459454595,19.895226634922608],[85.2470524705247,19.758082362073637],[85.16425164251643,19.62093808922465],[85.18225182251825,19.59489803741789],[85.22905229052293,19.60184205123302],[85.36945369453696,19.678226203199543],[85.43785437854382,19.657394161754127],[85.44145441454418,19.62614609958601],[85.22545225452257,19.50809786472867],[84.7718477184772,19.12617710489606],[84.75024750247502,19.04979295292955],[84.68904689046889,18.9647287836941],[84.60984609846099,18.88487262482002],[84.46224462244624,18.690440237996143],[84.18144181441818,18.400527661214127],[84.10584105841059,18.292895447079488],[83.65583655836559,18.070687004995065],[83.57303573035733,18.002982870297473],[83.38943389433894,17.785982438574408],[83.19863198631987,17.608910086288375],[82.97542975429758,17.46134979271669],[82.59382593825939,17.273861419707956],[82.359823598236,17.096789067421938],[82.28782287822878,16.978740832564597],[82.28062280622805,16.93534074621998],[82.3058230582306,16.878052632245087],[82.34902349023491,16.825972528631553],[82.359823598236,16.782572442286934],[82.33822338223382,16.706188290320412],[82.32742327423273,16.664524207429594],[82.25902259022592,16.56036400020251],[82.14022140221402,16.485715851689775],[81.76221762217625,16.329475540849174],[81.71181711817121,16.33468355121053],[81.40221402214024,16.36593161337865],[81.2870128701287,16.336419554664317],[81.24021240212403,16.263507409605367],[81.13221132211322,15.96144280864685],[81.03141031410314,15.881586649772757],[80.9918099180992,15.808674504713807],[80.97740977409774,15.758330404554059],[80.9162091620916,15.760066408007845],[80.86580865808656,15.782634452907047],[80.82620826208262,15.765274418369202],[80.7830078300783,15.867698622142484],[80.70740707407077,15.8885306635879],[80.64620646206464,15.895474677403044],[80.38340383403835,15.793050473629748],[80.29340293402936,15.711458311301882],[80.10260102601029,15.324329541107929],[80.05220052200525,15.074345043762946],[80.09900099000993,14.798320494611204],[80.16380163801637,14.577848055980581],[80.17820178201782,14.478895859114857],[80.1710017100171,14.348695600081015],[80.13500135001351,14.286199475744766],[80.11340113401133,14.21155132723203],[80.14220142201424,14.058783023299],[80.2250022500225,13.857406622659994],[80.24300243002432,13.774078456878328],[80.24660246602468,13.68554228073532],[80.30780307803082,13.485901883550099],[80.26460264602645,13.520621952625788],[80.23220232202323,13.60568612186124],[80.1566015660157,13.71331833599588],[80.06300063000629,13.60568612186124],[80.11340113401133,13.529301969894718],[80.289802898029,13.437293786844137],[80.3438034380344,13.360909634877615],[80.22860228602286,12.690812301716775],[80.14220142201424,12.451243825094522],[80.0378003780038,12.295003514253906],[79.98019980199803,12.235979396825229],[79.85779857798576,11.989466906387833],[79.77139771397714,11.690874312336888],[79.75339753397537,11.574562080933319],[79.79299792997932,11.446097825353263],[79.74979749797501,11.371449676840527],[79.69219692196924,11.312425559411864],[79.80019800198005,11.338465611218624],[79.83619836198363,11.269025473067245],[79.84699846998473,11.196113328008295],[79.85059850598509,10.769056478377294],[79.839798397984,10.322903590754677],[79.75699756997568,10.303807552763047],[79.6669966699667,10.300335545855475],[79.5877958779588,10.312487570031962],[79.53019530195303,10.329847604569807],[79.389793897939,10.305543556216833],[79.31419314193141,10.256935459510856],[79.25299252992534,10.175343297182991],[79.25659256592564,10.034727017426434],[78.99738997389977,9.682318316308184],[78.939789397894,9.566006084904615],[78.91818918189182,9.453165860408618],[78.9541895418954,9.39414174297994],[79.0189901899019,9.333381622097491],[79.10539105391052,9.309077573744503],[79.27459274592746,9.284773525391515],[79.35739357393572,9.251789459769611],[79.41139411394113,9.192765342340934],[79.21339213392133,9.255261466677183],[78.97938979389795,9.269149494307456],[78.42138421384215,9.104229166197925],[78.27378273782739,8.989652938248142],[78.19098190981913,8.890700741382432],[78.13698136981372,8.663284288936651],[78.12618126181263,8.510515985003607],[78.06138061380614,8.383787732877337],[77.76977769777699,8.189355346053475],[77.58617586175865,8.130331228624797],[77.51777517775179,8.078251125011263],[77.30177301773017,8.145955259708856],[77.06417064170643,8.316083598179745],[76.96696966969671,8.408091781230326],[76.61776617766179,8.847300655037813],[76.5529655296553,8.902852765558919],[76.48456484564849,9.090341138567652],[76.47016470164704,9.161517280172816],[76.45216452164522,9.189293335433362],[76.419764197642,9.208389373424993],[76.40176401764018,9.236165428685553],[76.32616326163264,9.451429856954832],[76.29376293762937,9.677110305946826],[76.24336243362433,9.927094803291794],[76.28296282962833,9.90973476875395],[76.34416344163441,9.828142606426084],[76.37296372963732,9.706622364661158],[76.37656376563768,9.53996603309784],[76.419764197642,9.52086999510621],[76.45936459364594,9.536494026190283],[76.34776347763477,9.921886792930437],[76.24696246962469,10.01736698288859],[76.2217622176222,10.024310996703733],[76.19656196561965,10.086807121039968],[76.19296192961929,10.16319127300649],[76.20016200162001,10.20138334898975],[76.12456124561248,10.326375597662235],[76.09576095760957,10.402759749628757],[75.9229592295923,10.784680509461353],[75.8437584375844,11.057233051705538],[75.7249572495725,11.361033656117826],[75.64575645756457,11.468665870252465],[75.52335523355234,11.703026336513375],[75.42255422554226,11.8123945541018],[75.31455314553148,11.9582188442197],[75.22815228152282,12.024186975463522],[75.19575195751958,12.057171041085425],[74.94374943749438,12.564084049590505],[74.86814868148682,12.845316609103605],[74.80334803348035,12.977252871591233],[74.7709477094771,13.077941071910729],[74.68094680946811,13.506733924995515],[74.68094680946811,13.583118076962037],[74.67014670146702,13.668182246197475],[74.60894608946091,13.85046260884485],[74.49734497344974,14.046630999122499],[74.4649446494465,14.168151240887426],[74.46854468544686,14.216759337593388],[74.39654396543966,14.407719717509693],[74.38214382143823,14.494519890198916],[74.33534335343353,14.576112052526796],[74.28134281342815,14.649024197585746],[74.22374223742239,14.708048315014409],[74.09054090540906,14.902480701838286],[74.04014040140402,14.949352795090462],[73.95013950139503,15.074345043762946],[73.88533885338853,15.306969506570084],[73.80253802538027,15.397241686166879],[73.93213932139324,15.397241686166879],[73.85293852938531,15.482305855402316],[73.81333813338134,15.537857965923422],[73.77013770137702,15.572578034999111],[73.83133831338316,15.659378207688349],[73.73413734137341,15.657642204234563],[73.68013680136804,15.709722307848097],[73.60813608136081,15.871170629050056],[73.47493474934751,16.05345099169743],[73.45333453334536,16.152403188563156],[73.33813338133382,16.459675799883016],[73.2409324093241,17.199213271195234],[73.14733147331475,17.52731792396051],[73.15453154531545,17.621062110464877],[73.04653046530467,17.90750268033932],[72.99252992529927,18.09846306025561],[72.97092970929711,18.259911381457584],[72.94212942129423,18.365807592138438],[72.9169291692917,18.57586401004636],[72.8737287372874,18.643568144743966],[72.87012870128703,18.683496224181013],[72.89892898928991,18.77897641413915],[72.97812978129781,18.926536707710838],[73.0069300693007,19.020280894215205],[72.97092970929711,19.153953160156618],[72.89892898928991,19.015072883853847],[72.83412834128342,18.975144804416814],[72.80172801728017,19.079305011643882],[72.80172801728017,19.21818528794664],[72.79452794527947,19.25290535702233],[72.81252812528126,19.29977745027452],[72.9889298892989,19.277209405375316],[72.78732787327874,19.362273574610768],[72.76572765727659,19.412617674770516],[72.7549275492755,19.450809750753777],[72.79812798127983,19.520249888905155],[72.72612726127261,19.577538002880047],[72.69732697326975,19.75634635861985],[72.67572675726757,19.798010441510684],[72.66852668526687,19.830994507132587],[72.70812708127082,20.077506997569998],[72.8809288092881,20.56358796462966],[72.89532895328955,20.672956182218087],[72.87732877328773,20.829196493058703],[72.84132841328415,20.9524527382774],[72.82332823328235,21.08438900076503],[72.81252812528126,21.117373066386932],[72.75132751327513,21.12952509056342],[72.69372693726939,21.17813318726938],[72.62532625326253,21.372565574093258],[72.68652686526866,21.435061698429493],[72.73332733327334,21.471517770958968],[72.66852668526687,21.45589373987491],[72.61452614526146,21.461101750236267],[72.71892718927191,21.551373929833062],[72.8089280892809,21.619078064530655],[73.02133021330215,21.69893422340475],[73.11133111331114,21.751014327018282],[72.97812978129781,21.704142233766106],[72.84132841328415,21.68678219922826],[72.54252542525427,21.697198219950963],[72.59292592925931,21.877742579144552],[72.64332643326435,21.938502700027016],[72.70092700927009,21.97148676564892],[72.61812618126183,21.961070744926218],[72.52092520925211,21.976694776010277],[72.55332553325533,22.160711142111438],[72.62892628926289,22.1989032180947],[72.70812708127082,22.207583235363614],[72.8089280892809,22.23362328717039],[72.70092700927009,22.26313534588472],[72.58932589325894,22.27875937696878],[72.45612456124562,22.24751131480066],[72.33372333723338,22.270079359699864],[72.18252182521826,22.270079359699864],[72.24372243722439,22.245775311346875],[72.3049230492305,22.188487197371984],[72.27612276122761,22.089535000506274],[72.24372243722439,22.027038876170025],[72.1609216092161,21.985374793279192],[72.0961209612096,21.919406662035385],[72.07452074520745,21.86385455151428],[72.03852038520387,21.822190468623447],[72.10332103321034,21.7944144133629],[72.17172171721717,21.773582371917485],[72.21132211322114,21.72844628211908],[72.25812258122582,21.660742147421487],[72.25452254522546,21.530541888387646],[72.07812078120782,21.223269277067786],[72.01692016920171,21.155565142370193],[71.57051570515705,20.969812772815246],[71.39771397713977,20.869124572495735],[71.02331023310234,20.738924313461894],[70.87930879308794,20.71462026510892],[70.7209072090721,20.74066031691568],[70.48330483304835,20.839612513781404],[70.1269012690127,21.09480502148773],[70.03330033300333,21.17813318726938],[69.7488974889749,21.50623784003467],[69.54369543695438,21.678102181959332],[69.38529385293853,21.83955050316129],[69.1908919089191,21.992318807094335],[69.00729007290073,22.197167214640913],[68.97128971289715,22.29091140114528],[68.98208982089821,22.384655587649647],[69.05049050490507,22.43673569126318],[69.12969129691297,22.415903649817764],[69.19449194491946,22.33604749094367],[69.23769237692377,22.299591418414195],[69.27729277292775,22.285703390783922],[69.55089550895511,22.40895963600262],[69.65529655296555,22.403751625641277],[69.72729727297275,22.464511746523726],[69.81729817298174,22.45235972234724],[70.00450004500047,22.547839912305392],[70.08370083700837,22.553047922666735],[70.17730177301775,22.572143960658366],[70.32850328503287,22.815184444188205],[70.44010440104401,22.969688751575035],[70.5121051210512,23.002672817196938],[70.50850508505087,23.0408648931802],[70.49050490504905,23.08947298988616],[70.43290432904331,23.077320965709674],[70.3969039690397,23.030448872457484],[70.36810368103681,22.973160758482607],[70.33930339303393,22.94017669286069],[70.2529025290253,22.97142475502882],[70.19170191701917,22.966216744667463],[70.11970119701198,22.947120706675832],[69.84969849698498,22.856848527079038],[69.73809738097381,22.775256364751158],[69.66609666096662,22.7596323336671],[69.23769237692377,22.848168509810108],[68.81648816488166,23.053016917356686],[68.64008640086402,23.19016119020567],[68.52848528485285,23.363761535584118],[68.4168841688417,23.572081950038267],[68.45288452884529,23.62937006401316],[68.62568625686256,23.754362312685643],[68.77688776887769,23.85157850609758],[68.64368643686439,23.808178419752963],[68.49608496084963,23.7474182988705],[68.4240842408424,23.70575421597968],[68.34488344883451,23.617218039836658],[68.23328233282334,23.596385998391256],[68.19368193681939,23.72832226087887],[68.1648816488165,23.856786516458925]]],[[[93.8907389073891,6.831800645193965],[93.82953829538297,6.748472479412314],[93.71073710737107,7.000192980211068],[93.65673656736567,7.015817011295127],[93.65673656736567,7.135601249606253],[93.68553685536858,7.18420934631223],[93.82233822338225,7.2362894499257635],[93.85833858338583,7.206777391211432],[93.93033930339305,6.974152928404294],[93.8907389073891,6.831800645193965]]],[[[93.73233732337326,7.35607368823689],[93.6387363873639,7.2623295017325376],[93.59553595535954,7.319617615707415],[93.61353613536136,7.357809691690676],[93.6531365313653,7.380377736589878],[93.69273692736931,7.409889795304224],[93.73233732337326,7.35607368823689]]],[[[93.14193141931418,8.250115466935938],[93.17073170731709,8.211923390952677],[93.11673116731168,8.218867404767806],[93.06273062730628,8.274419515288912],[93.07713077130774,8.328235622356232],[93.09873098730986,8.349067663801648],[93.14193141931418,8.250115466935938]]],[[[93.44433444334442,7.878610727826043],[93.36513365133652,7.876874724372257],[93.34353343533434,7.91853880726309],[93.31113311133112,7.96367489706148],[93.3327333273333,8.007074983406099],[93.37593375933761,8.0174910041288],[93.43353433534338,7.948050865977422],[93.44793447934478,7.8994427692714595],[93.44433444334442,7.878610727826043]]],[[[93.53793537935383,8.057419083565847],[93.49113491134915,8.019227007582586],[93.4767347673477,8.024435017943944],[93.47313473134733,8.05221107320449],[93.46953469534697,8.073043114649906],[93.46233462334624,8.107763183725595],[93.45513455134551,8.17199531151563],[93.49473494734946,8.224075415129164],[93.5307353073531,8.213659394406463],[93.51273512735128,8.159843287339143],[93.53793537935383,8.057419083565847]]],[[[92.7891278912789,9.137213231819828],[92.74232742327422,9.130269218004699],[92.71712717127173,9.164989287080388],[92.71352713527136,9.204917366517435],[92.73872738727385,9.230957418324195],[92.76032760327604,9.243109442500696],[92.78552785527859,9.24137343904691],[92.81072810728108,9.173669304349303],[92.7891278912789,9.137213231819828]]],[[[92.50112501125011,10.555528053561801],[92.47232472324725,10.520807984486112],[92.36792367923681,10.546848036292872],[92.3787237872379,10.651008243519954],[92.35352353523535,10.75169644383945],[92.37152371523717,10.793360526730282],[92.4471244712447,10.866272671789233],[92.5119251192512,10.89752073395735],[92.55512555125551,10.800304540545426],[92.57312573125733,10.704824350587273],[92.50112501125011,10.555528053561801]]],[[[92.69192691926918,11.381865697563242],[92.6451264512645,11.361033656117826],[92.59472594725946,11.3870737079246],[92.63432634326347,11.427001787361633],[92.64152641526414,11.508593949689512],[92.68832688326881,11.463457859891108],[92.68832688326881,11.411377756277574],[92.69192691926918,11.381865697563242]]],[[[92.72432724327246,11.536370004950058],[92.6991269912699,11.512065956597084],[92.66672666726669,11.538106008403844],[92.5767257672577,11.718650367597434],[92.55872558725588,11.833226595547217],[92.53352533525339,11.873154674984264],[92.5659256592566,11.930442788959155],[92.60912609126092,11.949538826950786],[92.6307263072631,12.013770954740806],[92.64152641526414,12.11272315160653],[92.67752677526778,12.192579310480625],[92.69552695526954,12.215147355379813],[92.76752767527677,12.215147355379813],[92.7891278912789,12.225563376102528],[92.77832778327786,12.30194752806905],[92.73512735127355,12.33666759714474],[92.72072720727209,12.357499638590156],[92.72072720727209,12.541516004691317],[92.73152731527318,12.616164153204053],[92.76032760327604,12.668244256817587],[92.73872738727385,12.779348477859799],[92.75312753127531,12.821012560750617],[92.80712807128072,12.878300674725509],[92.83232832328326,13.003292923397993],[92.81072810728108,13.039748995927468],[92.86112861128612,13.230709375843773],[92.85752857528576,13.357437627970043],[92.92592925929262,13.485901883550099],[93.03033030330306,13.54318999752499],[93.06273062730628,13.544926000978776],[93.06633066330664,13.437293786844137],[93.07713077130774,13.400837714314662],[93.0159301593016,13.336605586524627],[93.07353073530737,13.25154141728919],[93.06633066330664,13.222029358574844],[93.04473044730446,13.154325223877251],[93.00513005130051,13.09009309608723],[92.95112951129511,13.06231704082667],[92.91152911529116,12.975516868137447],[92.88632886328867,12.942532802515544],[92.96552965529656,12.850524619464963],[92.99072990729906,12.538043997783745],[92.93312933129334,12.452979828548294],[92.86472864728648,12.43561979401045],[92.87912879128794,12.227299379556314],[92.86832868328685,12.18216328975791],[92.79992799927999,12.079739085984627],[92.78552785527859,12.034602996186223],[92.74592745927458,11.992938913295404],[92.7639276392764,11.940858809681856],[92.79632796327962,11.918290764782668],[92.79632796327962,11.87489067843805],[92.76752767527677,11.763786457395838],[92.7639276392764,11.638794208723354],[92.72432724327246,11.536370004950058]]],[[[93.0159301593016,12.036338999640009],[93.06273062730628,11.899194726791038],[92.98352983529838,11.959954847673487],[92.95472954729547,12.00161893056432],[92.99432994329942,12.031130989278651],[93.0159301593016,12.036338999640009]]],[[[92.71712717127173,12.864412647095236],[92.68472684726851,12.8001805193052],[92.68112681126814,12.939060795607972],[92.69552695526954,12.956420830145817],[92.709927099271,12.961628840507174],[92.73152731527318,12.947740812876887],[92.71712717127173,12.864412647095236]]],[[[72.78012780127801,11.203057341823438],[72.77292772927731,11.196113328008295],[72.77292772927731,11.21347336254614],[72.78012780127801,11.242985421260471],[72.7909279092791,11.262081459252101],[72.79452794527947,11.260345455798316],[72.79452794527947,11.2412494178067],[72.78732787327874,11.215209365999925],[72.78012780127801,11.203057341823438]]],[[[73.06813068130683,8.269211504927569],[73.05373053730537,8.257059480751067],[73.03933039330394,8.251851470389724],[73.02853028530285,8.253587473843496],[73.02493024930251,8.265739498019997],[73.02493024930251,8.276155518742698],[73.03933039330394,8.26400349456621],[73.05733057330573,8.274419515288912],[73.07533075330755,8.305667577457044],[73.07893078930789,8.316083598179745],[73.08253082530825,8.310875587818387],[73.07893078930789,8.293515553280542],[73.06813068130683,8.269211504927569]]]]}},{"type":"Feature","id":"268","properties":{"name":"Georgia","code":"GE","label":[43.524173704732675,42.173099001180866]},"geometry":{"type":"MultiPolygon","coordinates":[[[[43.439834398344004,41.10745283671588],[43.439834398344004,41.12654887470751],[43.432634326343276,41.156060933421855],[43.40383403834039,41.17689297486726],[43.36063360633608,41.190781002497545],[43.27783277832779,41.1855729921362],[43.205832058320595,41.19946101976646],[43.15183151831519,41.23591709229595],[43.1410314103141,41.26542915101027],[43.16983169831698,41.28799719590947],[43.14823148231483,41.3070932339011],[43.05823058230584,41.352229323699504],[42.90702907029072,41.46680555164929],[42.820628206282066,41.49284560345606],[42.78822788227882,41.56402174506121],[42.7558275582756,41.57964577614527],[42.6838268382684,41.586589789960414],[42.60822608226084,41.57964577614527],[42.59022590225902,41.570965758876355],[42.568625686256865,41.55881373469987],[42.50742507425076,41.47027755855686],[42.467824678246785,41.43902949638874],[42.36342363423634,41.4546535274728],[42.28062280622808,41.4754855689182],[42.21222212222122,41.48590158964092],[42.07902079020792,41.49458160690983],[41.924219242192436,41.49631761036363],[41.823418234182355,41.4320854825736],[41.78021780217804,41.44076549984251],[41.70101701017012,41.47201356201063],[41.57501575015752,41.498053613817405],[41.51021510215102,41.517149651809035],[41.70101701017012,41.70463802481777],[41.75861758617586,41.81747824931375],[41.76221762217622,41.88518238401136],[41.76221762217622,41.970246553246795],[41.66501665016651,42.14731890553281],[41.57861578615788,42.39730340287781],[41.488614886148866,42.659439924399265],[41.420214202142034,42.73756007981956],[41.12861128611286,42.82783225941637],[41.060210602106025,42.930256463189636],[40.83700837008371,43.06392872913105],[40.523805238052375,43.12121684310594],[40.46260462604627,43.14552089145894],[40.189001890018915,43.312177223022246],[39.97659976599766,43.419809437156886],[40.02340023400234,43.48404156494692],[40.08460084600847,43.5534817030983],[40.14940149401494,43.56910573418236],[40.3438034380344,43.543065682375584],[40.52020520205204,43.51181762020747],[40.649806498064976,43.53438566510667],[40.801008010080096,43.48056955803935],[40.94140941409415,43.418073433703114],[41.08181081810818,43.37467334735848],[41.3590135901359,43.33300926446765],[41.45981459814598,43.275721150492785],[41.58221582215822,43.218433036517894],[42.050220502205036,43.19065698125732],[42.08622086220862,43.19933699852626],[42.12222122221223,43.20801701579518],[42.28062280622808,43.22884905724058],[42.417424174241745,43.22364104687924],[42.5650256502565,43.15593691218163],[42.65862658626588,43.1594089190892],[42.75942759427596,43.16982493981192],[42.8890288902889,43.13336886728243],[42.98982989829898,43.091704784391624],[43.00063000630007,43.05004070150079],[43.09063090630906,42.98928058061833],[43.346233462334624,42.89727239756775],[43.55863558635588,42.8451922939542],[43.623436234362345,42.80700021797094],[43.78183781837819,42.746240097088474],[43.799837998379985,42.72714405909687],[43.79623796237962,42.70284001074387],[43.749437494374945,42.657703920945465],[43.73863738637388,42.61777584150843],[43.76023760237604,42.59347179315546],[43.825038250382505,42.57090374825626],[43.958239582395834,42.565695737894885],[44.00504005040051,42.59520779660923],[44.102241022410226,42.61603983805466],[44.19944199441994,42.654231914037894],[44.32904329043291,42.70284001074387],[44.50544505445055,42.747976100542274],[44.57744577445774,42.747976100542274],[44.645846458464604,42.73408807291199],[44.69264692646928,42.70978402455901],[44.771847718477204,42.61603983805466],[44.8510485104851,42.746240097088474],[44.872648726487284,42.75665611781119],[44.94464944649448,42.730616066004416],[45.07065070650708,42.694159993474955],[45.16065160651607,42.675063955483324],[45.207452074520745,42.64902390367655],[45.34425344253444,42.529239665365424],[45.56385563855639,42.53618367918057],[45.65385653856541,42.51708764118894],[45.70425704257045,42.497991603197306],[45.7258572585726,42.475423558298104],[45.68985689856899,42.35737532344075],[45.635856358563586,42.23411907822205],[45.63945639456395,42.204607019507705],[45.7258572585726,42.1594709297093],[45.844658446584475,42.10912682954955],[45.90945909459094,42.07093475356629],[45.95265952659528,42.0362146844906],[46.049860498605,42.00843862923006],[46.161461614616144,41.992814598146],[46.211862118621184,41.989342591238426],[46.26946269462695,41.95983053252408],[46.40986409864098,41.90427842200299],[46.431464314643165,41.8903903943727],[46.406264062640645,41.85567032529701],[46.34866348663488,41.789702194053206],[46.3018630186302,41.75671812843129],[46.25146251462516,41.751510118069945],[46.20106201062012,41.73762209043966],[46.18306183061833,41.70290202136397],[46.18306183061833,41.65776593156559],[46.19026190261903,41.624781865943675],[46.204662046620484,41.61262984176719],[46.255062550625524,41.60221382104447],[46.305463054630565,41.50846963454012],[46.38466384663846,41.45986153783414],[46.507065070650725,41.406045430766824],[46.61866618666187,41.34354930643059],[46.67266672666727,41.2862611924557],[46.66186661866618,41.246333113018636],[46.6258662586626,41.15953294032943],[46.53586535865358,41.08835679872425],[46.456664566645685,41.07099676418642],[46.431464314643165,41.07620477454776],[46.381063810638125,41.098772819446964],[46.280262802628044,41.154324929968055],[46.172261722617236,41.19772501631269],[46.085860858608584,41.1838369886824],[46.03186031860321,41.16647695414457],[45.920259202592035,41.18730899558997],[45.794257942579435,41.22376506811946],[45.7258572585726,41.261957144102695],[45.69705697056972,41.28973319936327],[45.71505715057151,41.33834129606922],[45.42345423454236,41.425141468758454],[45.27945279452794,41.44944551711143],[45.21825218252184,41.42340546530468],[45.00225002250022,41.29146920281704],[44.9770497704977,41.27758117518678],[44.81144811448115,41.26022114064892],[44.81144811448115,41.248069116472436],[44.847448474484764,41.22029306121189],[44.840248402484036,41.21161304394295],[44.563045630456315,41.208141037035375],[44.4730447304473,41.190781002497545],[44.228242282422826,41.21334904739675],[44.14544145441454,41.20293302667403],[44.077040770407706,41.18210098522863],[43.90783907839079,41.15953294032943],[43.792637926379285,41.13175688506888],[43.6450364503645,41.116132853984794],[43.490234902349044,41.116132853984794],[43.439834398344004,41.10745283671588]]]]}},{"type":"Feature","id":"196","properties":{"name":"Cyprus","code":"CY","label":[33.005622208469475,34.91721086596974]},"geometry":{"type":"MultiPolygon","coordinates":[[[[32.71172711727118,35.17032102477276],[32.71892718927191,35.14601697641979],[32.78372783727838,35.11650491770544],[32.87012870128703,35.088728862444896],[32.92052920529207,35.08699285899111],[32.98532985329854,35.11650491770544],[33.07893078930789,35.14601697641979],[33.19053190531906,35.17379303168033],[33.24813248132483,35.15643299714249],[33.327333273332755,35.15296099023492],[33.384933849338495,35.16337701095763],[33.42453424534247,35.14080896605843],[33.45693456934569,35.10088088662138],[33.46413464134642,35.00540069666323],[33.47493474934751,35.00019268630189],[33.52533525335255,35.03838476228513],[33.61533615336154,35.022760731201075],[33.67653676536767,35.01755272083973],[33.72693726937271,35.03664875883136],[33.75573755737557,35.04012076573892],[33.79173791737918,35.04880078300785],[33.83133831338313,35.06789682099948],[33.86733867338674,35.09393687280624],[33.90333903339035,35.085256855537324],[33.96453964539646,35.057480800276764],[34.00414004140043,35.06442481409191],[34.022140221402225,35.04532877610028],[34.05094050940511,34.988040662125385],[33.93573935739357,34.97068062758754],[33.82413824138243,34.96547261722618],[33.75933759337593,34.97241663104133],[33.69813698136983,34.97068062758754],[33.51453514535146,34.80576029947801],[33.41373413734138,34.750208188956904],[33.29493294932951,34.717224123335],[33.176131761317635,34.69812808534337],[33.1149311493115,34.696392081889584],[33.0609306093061,34.67556004044417],[33.024930249302514,34.63736796446091],[33.024930249302514,34.599175888477646],[33.006930069300694,34.569663829763314],[32.942129421294226,34.57660784357846],[32.91332913329134,34.63563196100712],[32.866528665286666,34.661672012813895],[32.75132751327513,34.64778398518362],[32.69372693726939,34.64951998863741],[32.506525065250656,34.7068081026123],[32.44892448924489,34.72937614751149],[32.412924129241304,34.777984244217464],[32.31572315723159,34.953320593049696],[32.30132301323013,35.08352085208354],[32.39132391323915,35.050536786461635],[32.47412474124741,35.09046486589868],[32.5569255692557,35.15643299714249],[32.65412654126541,35.18247304894926],[32.71172711727118,35.17032102477276]]]]}},{"type":"Feature","id":"156","properties":{"name":"China","code":"CN","label":[103.37810150759312,36.691388496056305]},"geometry":{"type":"MultiPolygon","coordinates":[[[[118.1837818378184,24.495635787451647],[118.14778147781476,24.43661167002297],[118.09018090180905,24.445291687291885],[118.09018090180905,24.488691773636504],[118.07578075780759,24.50084379781299],[118.09378093780941,24.540771877250037],[118.10458104581045,24.552923901426524],[118.16938169381694,24.518203832350835],[118.1837818378184,24.495635787451647]]],[[[121.86301863018633,31.49172970620333],[121.78021780217802,31.46395365094277],[121.52101521015209,31.54901782017822],[121.33741337413375,31.644498010136374],[121.22581225812257,31.757338234632357],[121.21141211412117,31.805946331338333],[121.33741337413375,31.797266314069404],[121.46341463414637,31.75560223117857],[121.49221492214923,31.693106106842336],[121.54261542615427,31.674010068850706],[121.57501575015749,31.63755399632123],[121.80901809018093,31.552489827085793],[121.84501845018451,31.52644977527902],[121.86301863018633,31.49172970620333]]],[[[122.29502295022951,29.96404666687293],[122.28062280622805,29.943214625427515],[122.15822158221584,30.000502739402407],[122.02502025020249,30.012654763578908],[121.97821978219781,30.062998863738656],[121.97101971019714,30.142855022612736],[122.11142111421117,30.139383015705178],[122.28422284222842,30.068206874100014],[122.32382323823242,30.03175080157054],[122.29502295022951,29.96404666687293]]],[[[122.1726217262173,29.679342100452274],[122.16902169021694,29.660246062460644],[122.08262082620826,29.724478190250665],[122.04302043020431,29.736630214427166],[122.06102061020613,29.77308628695664],[122.1186211862119,29.781766304225556],[122.16542165421657,29.70017414189769],[122.1726217262173,29.679342100452274]]],[[[122.40302403024032,29.892870525267767],[122.39582395823959,29.84599843201559],[122.36702367023673,29.85294244583072],[122.33102331023309,29.9345346081586],[122.35262352623528,29.955366649604017],[122.40302403024032,29.95015863924266],[122.40302403024032,29.892870525267767]]],[[[119.82179821798218,25.457381700848273],[119.74619746197465,25.410509607596097],[119.69939699396997,25.433077652495285],[119.69939699396997,25.495573776831534],[119.72459724597246,25.55112588735264],[119.6957969579696,25.591053966789687],[119.7209972099721,25.63966206349565],[119.77859778597787,25.653550091125922],[119.79659796597969,25.62403803241159],[119.8289982899829,25.606677997873746],[119.839798397984,25.591053966789687],[119.839798397984,25.559805904621555],[119.80739807398078,25.50772580100802],[119.83259832598327,25.479949745747476],[119.82179821798218,25.457381700848273]]],[[[110.38610386103863,21.093069018033944],[110.42210422104222,21.058348948958255],[110.5229052290523,21.082652997311243],[110.54090540905412,21.039252910966624],[110.53730537305375,21.018420869521208],[110.50490504905048,20.96807676936146],[110.42210422104222,21.00626884534472],[110.33930339303396,20.99758882807579],[110.28170281702819,21.001060834983363],[110.26370263702637,21.02536488333635],[110.31050310503105,21.073972980042313],[110.38610386103863,21.093069018033944]]],[[[121.25101251012512,28.08569092987807],[121.1646116461165,28.063122884978867],[121.13221132211322,28.063122884978867],[121.13221132211322,28.136035030037817],[121.20421204212045,28.20373916473541],[121.2330123301233,28.181171119836208],[121.25101251012512,28.144715047306732],[121.25101251012512,28.08569092987807]]],[[[113.55413554135544,22.804768423465504],[113.56493564935653,22.757896330213313],[113.48573485734858,22.829072471818478],[113.46413464134645,22.83254447872605],[113.42453424534244,22.858584530532823],[113.40293402934032,22.901984616877428],[113.46413464134645,22.903720620331214],[113.52173521735216,22.85164051671768],[113.55413554135544,22.804768423465504]]],[[[112.7909279092791,21.60171802999281],[112.76932769327692,21.58262199200118],[112.74052740527407,21.617342061076883],[112.73332733327334,21.669422164690417],[112.71172711727121,21.697198219950963],[112.76212762127625,21.733654292480438],[112.78372783727838,21.7718463684637],[112.83772837728378,21.764902354648555],[112.86292862928633,21.752750330472068],[112.81252812528129,21.71282225103502],[112.8017280172802,21.695462216497177],[112.7909279092791,21.60171802999281]]],[[[112.64332643326435,21.63991010597607],[112.54612546125463,21.619078064530655],[112.52452524525245,21.622550071438226],[112.56052560525609,21.67463017505176],[112.64692646926471,21.711086247581235],[112.64332643326435,21.63991010597607]]],[[[107.97407974079744,21.507973843488443],[107.90927909279094,21.56005394710199],[107.80127801278013,21.64511811633743],[107.75807758077582,21.65553413706013],[107.63927639276392,21.61387005416931],[107.47007470074703,21.598246023085252],[107.4340743407434,21.641646109429857],[107.35127351273513,21.608662043807954],[107.27207272072724,21.711086247581235],[107.17847178471789,21.716294257942593],[107.06327063270635,21.7944144133629],[107.02007020070204,21.834342492799948],[107.00567005670058,21.89336661022861],[106.969669696697,21.924614672396743],[106.92646926469268,21.919406662035385],[106.87606876068764,21.950654724203503],[106.79326793267933,21.981902786371634],[106.72846728467283,22.000998824363265],[106.69606696066961,21.985374793279192],[106.66366663666639,21.978430779464063],[106.65646656466566,22.01835885890111],[106.66006660066603,22.13640709375845],[106.6528665286653,22.242303304439304],[106.63486634866348,22.289175397691494],[106.59166591665917,22.323895466767183],[106.55206552065522,22.341255501305028],[106.53766537665376,22.395071608372348],[106.55206552065522,22.5009678190532],[106.58086580865807,22.57387996411215],[106.63486634866348,22.586031988288653],[106.70326703267034,22.638112091902187],[106.73566735667356,22.711024236961137],[106.77886778867787,22.77872837165873],[106.62406624066244,22.874208561616882],[106.54126541265413,22.90892863069257],[106.45126451264514,22.893304599608513],[106.33966339663397,22.86379254089418],[106.27846278462783,22.856848527079038],[106.24966249662498,22.869000551255525],[106.18486184861848,22.955800723944762],[106.1488614886149,22.969688751575035],[106.069660696607,22.974896761936378],[106.00126001260014,22.974896761936378],[105.9616596165962,22.93670468595313],[105.90405904059043,22.92455266177663],[105.8428584285843,22.922816658322844],[105.78165781657816,22.969688751575035],[105.69165691656917,23.030448872457484],[105.54765547655478,23.072112955348317],[105.52965529655296,23.122457055508065],[105.49365493654938,23.181481172936742],[105.43965439654397,23.235297280004062],[105.34965349653498,23.308209425063012],[105.2740527405274,23.344665497592487],[105.23805238052381,23.3220974526933],[105.18765187651877,23.280433369802466],[104.9968499684997,23.193633197113243],[104.91044910449108,23.160649131491326],[104.8636486364864,23.13634508313835],[104.82764827648276,23.099889010608877],[104.81324813248136,23.011352834465853],[104.79524795247954,22.910664634146357],[104.74124741247414,22.86032053398661],[104.68724687246873,22.82212845800335],[104.63324633246333,22.818656451095777],[104.57924579245793,22.820392454549562],[104.52524525245252,22.804768423465504],[104.37044370443704,22.704080223145994],[104.29844298442987,22.712760240414923],[104.23724237242374,22.76831235093603],[104.21204212042119,22.809976433826847],[104.14364143641438,22.799560413104146],[104.0536405364054,22.75268831985197],[104.01404014040139,22.665888147162732],[103.99243992439926,22.586031988288653],[103.97083970839708,22.551311919212964],[103.94203942039422,22.54089589849025],[103.91323913239131,22.537423891582677],[103.63603636036362,22.770048354389814],[103.62163621636216,22.7822003785663],[103.57123571235712,22.73359228186034],[103.52443524435245,22.612072040095413],[103.49203492034923,22.58776799174244],[103.47043470434704,22.59818401246514],[103.3552335523355,22.75442432330574],[103.32643326433265,22.770048354389814],[103.30123301233016,22.764840344028457],[103.26523265232652,22.712760240414923],[103.19323193231935,22.638112091902187],[103.13923139231395,22.592976002103782],[103.13563135631358,22.542631901944034],[103.07443074430745,22.497495812145644],[103.00603006030059,22.45235972234724],[102.9808298082981,22.448887715439668],[102.93402934029342,22.466247749977512],[102.87282872828729,22.52527186740619],[102.82962829628298,22.58776799174244],[102.72162721627217,22.648528112624888],[102.59922599225996,22.70060821623842],[102.51642516425164,22.74053629567547],[102.46962469624697,22.750952316398184],[102.42642426424266,22.73359228186034],[102.40482404824047,22.707552230053565],[102.37602376023762,22.646792109171102],[102.30402304023039,22.546103908851606],[102.23562235622359,22.466247749977512],[102.17442174421745,22.41416764636398],[102.12762127621278,22.37944757728829],[102.0916209162092,22.412431642910192],[102.02322023220233,22.438471694716966],[101.94401944019444,22.440207698170752],[101.84321843218436,22.388127594557204],[101.76041760417604,22.4905517983305],[101.73881738817391,22.495759808691858],[101.70641706417064,22.48707979142293],[101.67041670416705,22.46277574306994],[101.6452164521645,22.405487629095063],[101.62001620016201,22.327367473674755],[101.56961569615697,22.277023373515007],[101.5228152281523,22.254455328615805],[101.53721537215375,22.2093192388174],[101.56241562415624,22.162447145565224],[101.55881558815588,22.12078306267439],[101.5768157681577,22.054814931430585],[101.60201602016019,21.988846800186764],[101.69921699216991,21.88295058950591],[101.73521735217355,21.82566247553102],[101.74241742417428,21.778790382278842],[101.74601746017458,21.60519003690038],[101.74241742417428,21.534013895295217],[101.72441724417246,21.39513361899246],[101.72441724417246,21.315277460118367],[101.7640176401764,21.27882138758889],[101.80361803618035,21.235421301244273],[101.80001800017999,21.212853256345085],[101.78201782017823,21.204173239076155],[101.72801728017282,21.155565142370193],[101.70641706417064,21.150357132008835],[101.66681666816669,21.169453170000466],[101.62001620016201,21.185077201084525],[101.58401584015843,21.204173239076155],[101.54081540815412,21.233685297790487],[101.44361443614434,21.23021329088293],[101.28161281612819,21.18334119763074],[101.24921249212491,21.19722922526101],[101.22401224012242,21.223269277067786],[101.21321213212133,21.27882138758889],[101.22041220412206,21.343053515378912],[101.2060120601206,21.38298159481596],[101.17361173611738,21.407285643168947],[101.19521195211951,21.52186187111873],[101.1376113761138,21.56699796091712],[101.14841148411483,21.580885988547408],[101.1268112681127,21.705878237219892],[101.13041130411307,21.735390295934224],[101.11961119611198,21.74580631665694],[101.08001080010803,21.75622233737964],[101.0188101881019,21.73712629938801],[100.83520835208355,21.65553413706013],[100.6768067680677,21.504501836580886],[100.60480604806048,21.471517770958968],[100.53280532805331,21.457629743328695],[100.44640446404463,21.48366979513547],[100.34920349203492,21.501029829673314],[100.21600216002162,21.462837753690053],[100.14760147601476,21.480197788227898],[100.11520115201154,21.511445850396015],[100.09000090000899,21.558317943648206],[100.10440104401044,21.617342061076883],[100.09720097200972,21.660742147421487],[100.03960039600395,21.68331019232069],[99.97839978399787,21.70240623031232],[99.94239942399423,21.757958340833426],[99.92439924399247,21.82045446516966],[99.93879938799387,21.90204662749754],[99.94959949599496,21.988846800186764],[99.91719917199174,22.02877487962381],[99.82359823598239,22.049606921069227],[99.59319593195931,22.089535000506274],[99.38799387993879,22.11036704195169],[99.30159301593017,22.099951021228975],[99.2331923319233,22.11036704195169],[99.19359193591936,22.12599107303575],[99.17199171991723,22.153767128296295],[99.17199171991723,22.191959204279556],[99.20439204392045,22.28223138387635],[99.2439924399244,22.37076756001936],[99.33759337593375,22.497495812145644],[99.34479344793448,22.586031988288653],[99.33759337593375,22.688456192061935],[99.38439384393843,22.82560046491092],[99.46719467194674,22.928024668684202],[99.50679506795069,22.95927273085232],[99.4959949599496,23.004408820650724],[99.46359463594638,23.046072903541557],[99.4167941679417,23.068640948440745],[99.34119341193411,23.096417003701305],[99.2187921879219,23.103361017516434],[99.0567905679057,23.131137072776994],[98.86238862388626,23.191897193659457],[98.88398883988839,23.308209425063012],[98.88398883988839,23.381121570121962],[98.8587885878859,23.44014568755064],[98.81918819188195,23.481809770441473],[98.79758797587976,23.520001846424734],[98.83358833588335,23.6241620536518],[98.78678786787867,23.7370022781478],[98.73638736387363,23.783874371399975],[98.68238682386823,23.841162485374866],[98.67518675186756,23.9053946131649],[98.70038700387005,23.964418730593565],[98.83358833588335,24.09114698271985],[98.83358833588335,24.12065904143418],[98.80118801188013,24.118923037980394],[98.76518765187654,24.115451031072823],[98.58518585185851,24.070314941274432],[98.56358563585638,24.098090996534978],[98.49878498784989,24.115451031072823],[98.36558365583659,24.118923037980394],[98.2107821078211,24.11024302071148],[98.01638016380167,24.065106930913075],[97.83637836378364,23.986986775492767],[97.75717757177574,23.93143466497166],[97.68517685176852,23.898450599349758],[97.63117631176311,23.88629857517327],[97.56277562775631,23.910602623526245],[97.56997569975698,23.988722778946553],[97.69237692376925,24.13107506215688],[97.7067770677707,24.22829125556882],[97.67077670776706,24.313355424804257],[97.66717667176675,24.379323556048078],[97.62397623976238,24.422723642392683],[97.56277562775631,24.4435556838381],[97.53037530375303,24.492163780544075],[97.53037530375303,24.631044056846832],[97.58437584375844,24.775132343510947],[97.67077670776706,24.82026843330935],[97.72477724777247,24.842836478208554],[97.73917739177392,24.8706125334691],[97.71037710377107,24.969564730334824],[97.71397713977143,25.033796858124845],[97.76797767977683,25.15878910679733],[97.81837818378187,25.252533293301695],[97.91917919179195,25.236909262217637],[97.96237962379627,25.25947730711684],[98.00918009180094,25.292461372738742],[98.06318063180635,25.349749486713634],[98.09918099180993,25.41571761795744],[98.14238142381424,25.571957928798057],[98.17118171181716,25.59452597369726],[98.29718297182973,25.568485921890485],[98.33318333183331,25.587581959882115],[98.40158401584017,25.67785413947891],[98.46638466384667,25.78895836052112],[98.55998559985602,25.82367842959681],[98.62478624786252,25.827150436504382],[98.65718657186574,25.863606509033858],[98.65358653586537,25.917422616101177],[98.59238592385924,26.0042227887904],[98.56358563585638,26.071926923488007],[98.57078570785711,26.113591006378826],[98.66438664386646,26.1396310581856],[98.68598685986859,26.189975158345348],[98.67158671586719,26.299343375933773],[98.71118711187114,26.429543634967615],[98.73278732787327,26.584047942354445],[98.739987399874,26.698624170304214],[98.739987399874,26.78542434299345],[98.7291872918729,26.877432526044032],[98.7147871478715,27.044088857607335],[98.67518675186756,27.18991314772525],[98.68238682386823,27.245465258246355],[98.67518675186756,27.422537610532373],[98.64998649986501,27.571833907557846],[98.59958599585997,27.59960996281839],[98.50598505985062,27.648218059524368],[98.45198451984521,27.656898076793283],[98.4087840878409,27.639538042255438],[98.39078390783908,27.587457938641904],[98.35118351183513,27.538849841935942],[98.29718297182973,27.549265862658643],[98.27558275582754,27.59960996281839],[98.23958239582396,27.663842090608426],[98.13158131581315,27.967642695020714],[98.11718117181175,28.054442867709938],[98.09918099180993,28.14297904385296],[98.06318063180635,28.186379130197565],[98.02358023580234,28.210683178550553],[97.93357933579335,28.313107382323835],[97.88677886778868,28.356507468668454],[97.86517865178655,28.363451482483597],[97.81477814778151,28.356507468668454],[97.76797767977683,28.356507468668454],[97.72837728377283,28.406851568828202],[97.69597695976961,28.46934769316445],[97.65997659976603,28.50059575533257],[97.5987759877599,28.516219786416627],[97.53757537575376,28.51101177605527],[97.50157501575018,28.45719566898795],[97.47637476374763,28.425947606819832],[97.43317433174332,28.354771465214668],[97.35757357573578,28.254083264895158],[97.32157321573214,28.217627192365683],[97.28917289172892,28.236723230357313],[97.14517145171453,28.340883437584395],[97.07677076770767,28.36865949284494],[96.97956979569796,28.337411430676823],[96.8319683196832,28.36171547902981],[96.77436774367743,28.366923489391155],[96.65196651966522,28.45025165517282],[96.60156601566018,28.46066767589552],[96.42876428764288,28.406851568828202],[96.38916389163893,28.36865949284494],[96.36756367563675,28.366923489391155],[96.32076320763207,28.386019527382786],[96.28116281162812,28.41205957918956],[96.27756277562776,28.42768361027362],[96.3279632796328,28.46934769316445],[96.33156331563316,28.497123748424997],[96.3279632796328,28.524899803685557],[96.39636396363966,28.606491966013422],[96.579965799658,28.764468280307824],[96.55116551165514,28.83043641155163],[96.47556475564755,28.958900667131687],[96.46836468364683,29.02313279492172],[96.4359643596436,29.050908850182267],[96.34596345963462,29.02660480182928],[96.16236162361622,28.910292570425725],[96.13716137161373,28.92244459460221],[96.1407614076141,28.964108677493044],[96.12276122761227,29.082156912350385],[96.18036180361804,29.116876981426074],[96.27036270362703,29.16201307122448],[96.33876338763389,29.21062116793044],[96.35676356763571,29.248813243913702],[96.33876338763389,29.260965268090203],[96.23436234362345,29.24534123700613],[96.1947619476195,29.27311729226669],[96.129961299613,29.38074950640133],[96.07956079560796,29.424149592745948],[96.03636036360365,29.446717637645136],[95.88515885158853,29.39116552712403],[95.70875708757086,29.313045371703737],[95.51435514355143,29.207149161022883],[95.51795517955179,29.151597050501778],[95.4927549275493,29.13770902287149],[95.45675456754566,29.1029889537958],[95.42075420754207,29.05438085708984],[95.38835388353885,29.037020822551995],[95.35235352353527,29.03528481909821],[95.28035280352805,29.04917284672848],[95.14355143551438,29.104724957249587],[94.99954999549999,29.14986104704799],[94.96714967149671,29.144653036686634],[94.76914769147692,29.17590109885475],[94.76194761947619,29.201941150661526],[94.73314733147333,29.252285250821274],[94.67554675546756,29.297421340619678],[94.62154621546216,29.313045371703737],[94.46674466744668,29.2158291782918],[94.29394293942943,29.144653036686634],[94.19314193141935,29.059588867451197],[94.11034110341103,28.97626070166953],[94.01674016740168,28.958900667131687],[94.01314013140131,28.906820563518153],[93.97353973539737,28.859948470265962],[93.90153901539014,28.802660356291085],[93.76113761137611,28.729748211232135],[93.6639366393664,28.689820131795088],[93.36153361533616,28.653364059265613],[93.25353253532535,28.629060010912625],[93.20673206732067,28.590867934929364],[93.15633156331563,28.491915738063653],[93.12033120331205,28.401643558466844],[93.03393033930342,28.326995409954122],[92.8827288272883,28.228043213088398],[92.70272702727027,28.14645105076052],[92.65232652326523,28.0926349436932],[92.6451264512645,28.06138688152508],[92.66672666726669,28.049234857348594],[92.68832688326881,28.024930808995606],[92.68832688326881,27.98847473646613],[92.66312663126632,27.948546657029084],[92.54792547925479,27.879106518877705],[92.47952479524798,27.846122453255802],[92.41472414724149,27.825290411810386],[92.34272342723426,27.820082401449028],[92.2707227072271,27.830498422171743],[92.24912249122491,27.840914442894444],[92.22392223922242,27.82702641526417],[92.15912159121592,27.811402384180113],[92.10152101521015,27.80793037727254],[91.97911979119795,27.729810221852233],[91.91071910719108,27.729810221852233],[91.82431824318246,27.747170256390078],[91.71271712717129,27.759322280566565],[91.63351633516334,27.759322280566565],[91.62991629916303,27.800986363457397],[91.64071640716406,27.922506605222324],[91.60471604716048,27.952018663936656],[91.49311493114931,27.981530722650987],[91.36711367113674,28.021458802088034],[91.3059130591306,28.064858888432653],[91.27351273512738,28.078746916062926],[91.2267122671227,28.071802902247782],[91.15111151111512,28.026666812449392],[91.0791107911079,27.974586708835858],[91.02151021510218,27.9693786984745],[90.96390963909641,27.995418750281274],[90.90630906309065,28.026666812449392],[90.71550715507158,28.071802902247782],[90.6291062910629,28.078746916062926],[90.47790477904778,28.07006689879401],[90.3519035190352,28.08048291951671],[90.33390333903338,28.094370947146984],[90.33390333903338,28.118674995499973],[90.3519035190352,28.16901909565972],[90.3627036270363,28.21589118891191],[90.34830348303484,28.243667244172457],[90.22230222302227,28.278387313248146],[90.10350103501037,28.302691361601134],[89.9810998109981,28.31137137887005],[89.89829898298984,28.294011344332205],[89.81549815498158,28.255819268348944],[89.75069750697509,28.18811513365135],[89.65349653496537,28.15860307493702],[89.53829538295383,28.108258974777257],[89.48069480694807,28.059650878071295],[89.39429394293944,27.9589626777518],[89.27189271892718,27.8339704290793],[89.16029160291606,27.710714183860603],[89.10269102691029,27.592665949003262],[89.0270902709027,27.518017800490526],[88.94788947889481,27.464201693423206],[88.89028890288904,27.31664139985152],[88.83268832688327,27.363513493103696],[88.76428764287641,27.429481624347503],[88.74988749887501,27.521489807398083],[88.82908829088291,27.768002297835494],[88.84708847088473,27.868690498155004],[88.82908829088291,27.90688257413825],[88.80388803888042,28.00757077445776],[88.75708757087574,28.040554840079665],[88.62028620286202,28.0926349436932],[88.5770857708577,28.0926349436932],[88.53028530285303,28.05791487461751],[88.48708487084872,28.033610826264535],[88.42588425884259,28.011042781365333],[88.27468274682747,27.9693786984745],[88.14148141481417,27.948546657029084],[88.10908109081089,27.932922625945025],[88.09828098280985,27.90514657068448],[88.10908109081089,27.870426501608776],[88.02268022680227,27.882578525785277],[87.93267932679328,27.891258543054192],[87.86067860678605,27.88605053269285],[87.68427684276844,27.821818404902814],[87.62307623076231,27.81487439108767],[87.5546755467555,27.821818404902814],[87.46467464674646,27.8235544083566],[87.29187291872921,27.821818404902814],[87.14067140671409,27.83917843944066],[87.02187021870219,27.929450619037453],[86.93546935469357,27.967642695020714],[86.84186841868421,27.998890757188832],[86.75186751867517,28.021458802088034],[86.71946719467195,28.07006689879401],[86.6906669066691,28.094370947146984],[86.6150661506615,28.103050964415914],[86.55386553865537,28.08569092987807],[86.51786517865179,27.964170688113143],[86.48546485464857,27.93986663976017],[86.40986409864098,27.929450619037453],[86.32706327063272,27.9589626777518],[86.21906219062191,28.021458802088034],[86.1758617586176,28.090898940239413],[86.13626136261365,28.1152029885924],[86.07866078660788,28.083954926424283],[86.07506075060752,27.995418750281274],[86.06426064260643,27.93465862939881],[85.99585995859957,27.910354581045823],[85.95265952659526,27.927714615583668],[85.92025920259204,27.990210739919917],[85.84105841058414,28.136035030037817],[85.75825758257582,28.221099199273254],[85.67905679056793,28.27665130979436],[85.4090540905409,28.27665130979436],[85.21105211052111,28.29227534087842],[85.12105121051212,28.316579389231407],[85.0886508865089,28.372131499752513],[85.12105121051212,28.48497172424851],[85.16065160651607,28.571771896937733],[85.16065160651607,28.59260393838315],[85.12465124651249,28.60301995910585],[85.07065070650708,28.609963972920994],[84.85464854648546,28.55441186239989],[84.7970479704797,28.559619872761246],[84.76104761047611,28.578715910752877],[84.71424714247144,28.59607594529072],[84.67824678246785,28.62211599709748],[84.64944649446494,28.660308073080742],[84.4658446584466,28.752316256131323],[84.4118441184412,28.804396359744857],[84.31104311043111,28.86862848753489],[84.22824228242285,28.91202857387951],[84.17424174241745,29.037020822551995],[84.12744127441277,29.15680506086312],[84.10224102241023,29.21930118519937],[84.02304023040233,29.25402125427506],[83.93663936639365,29.280061306081834],[83.78903789037889,29.227981202468285],[83.67023670236705,29.188053123031253],[83.58383583835837,29.182845112669895],[83.4578345783458,29.306101357888593],[83.35343353433535,29.439773623830007],[83.23463234632345,29.55434985177979],[83.15543155431556,29.613373969208453],[83.01503015030153,29.61858197956981],[82.85302853028531,29.682814107359846],[82.64062640626406,29.830374400931532],[82.48582485824858,29.94147862197373],[82.21942219422198,30.064734867192442],[82.15822158221584,30.11507896735219],[82.13662136621366,30.15847905369681],[82.10062100621008,30.24527922638603],[82.04302043020431,30.326871388713897],[81.8558185581856,30.3615914577896],[81.64341643416435,30.38763150959636],[81.4166141661417,30.337287409436613],[81.25461254612549,30.092510922452988],[81.17541175411753,30.040430818839454],[81.1106111061111,30.036958811931882],[81.05661056610569,30.09945493626813],[81.00981009810101,30.163687064058152],[80.98460984609846,30.236599209117102],[80.87300873008729,30.290415316184422],[80.74700747007472,30.359855454335815],[80.68220682206822,30.41540756485692],[80.61020610206106,30.448391630478824],[80.5418054180542,30.464015661562883],[80.4086040860409,30.509151751361273],[80.26100261002608,30.56123185497482],[80.19260192601928,30.56817586878995],[80.18540185401855,30.604631941319425],[80.20700207002074,30.68448810019352],[80.19260192601928,30.759136248706255],[80.14940149401497,30.790384310874373],[80.0810008100081,30.781704293605458],[79.92619926199262,30.889336507740097],[79.9189991899919,30.889336507740097],[79.91539915399153,30.89454451810144],[79.87219872198722,30.924056576815786],[79.79299792997932,30.96745666316039],[79.66339663396633,30.96572065970662],[79.56619566195661,30.948360625168775],[79.49419494194944,30.993496714967165],[79.389793897939,31.06467285657233],[79.36819368193682,31.080296887656388],[79.33939339393396,31.106336939463162],[79.23139231392315,31.24174520885836],[79.10539105391052,31.40319353006032],[79.04419044190445,31.42576157495951],[79.01179011790117,31.413609550783022],[78.97218972189722,31.328545381547585],[78.94698946989473,31.3372253988165],[78.90018900189006,31.332017388455156],[78.84618846188465,31.300769326287025],[78.79218792187925,31.293825312471895],[78.7561875618756,31.30250532974081],[78.7417874178742,31.323337371186227],[78.75978759787597,31.436177595682224],[78.72738727387275,31.4726336682117],[78.7561875618756,31.550753823632007],[78.80298802988028,31.6184579583296],[78.75258752587524,31.668802058489348],[78.69498694986953,31.739978200094512],[78.6877868778688,31.805946331338333],[78.72018720187202,31.8875384936662],[78.73458734587348,31.958714635271363],[78.72378723787239,31.98301868362435],[78.67698676986771,32.0229467630614],[78.49698496984973,32.215643146431475],[78.48618486184864,32.23647518787689],[78.45378453784537,32.300707315666926],[78.44298442984433,32.39792350907885],[78.41778417784178,32.46736364723024],[78.38898388983893,32.51944375084378],[78.39258392583929,32.54548380265054],[78.41418414184142,32.55763582682704],[78.52578525785259,32.57152385445731],[78.63018630186303,32.578467868272455],[78.7021870218702,32.597563906264085],[78.73818738187384,32.55763582682704],[78.75258752587524,32.49861170939836],[78.77058770587706,32.46736364723024],[78.83898838988392,32.41181153670914],[78.91818918189182,32.35799542964182],[78.99738997389977,32.36493944345695],[79.06579065790658,32.38750748835615],[79.12699126991271,32.47604366449916],[79.17019170191702,32.496875705944575],[79.22059220592206,32.50034771285215],[79.22059220592206,32.507291726667276],[79.2169921699217,32.56457984064217],[79.23499234992352,32.70346011694494],[79.22779227792279,32.759012227466044],[79.2061920619206,32.80935632762579],[79.20979209792097,32.8649084381469],[79.2025920259203,32.94650060047478],[79.14499144991453,33.00205271099588],[79.10899108991089,33.022884752441286],[79.10179101791022,33.05239681115563],[79.12339123391234,33.10794892167674],[79.13419134191344,33.17218104946676],[79.11259112591125,33.22599715653408],[79.06579065790658,33.250301204887066],[79.01179011790117,33.2919652877779],[78.94698946989473,33.34578139484522],[78.91818918189182,33.38744547773604],[78.86418864188641,33.430845564080656],[78.80298802988028,33.500285702232034],[78.78858788587888,33.64958199925751],[78.78498784987852,33.80929431700568],[78.76338763387633,33.88741447242599],[78.72738727387275,34.01414272455226],[78.73098730987311,34.05580680744309],[78.75258752587524,34.08705486961121],[78.93258932589328,34.189479073384504],[78.97218972189722,34.227671149367765],[78.97578975789759,34.25891921153588],[78.96858968589686,34.3023192978805],[78.93618936189364,34.35266339804025],[78.86418864188641,34.39085547402351],[78.76338763387633,34.453351598359745],[78.66978669786698,34.51758372614978],[78.5149851498515,34.55751180558683],[78.3277832778328,34.60611990229279],[78.28098280982812,34.65472799899875],[78.2377823778238,34.769304226948535],[78.15858158581585,34.94637657923455],[78.07578075780759,35.13560095569707],[78.0109801098011,35.250177183646855],[78.00738007380073,35.30746529762175],[78.04698046980468,35.449817580832075],[78.04338043380437,35.47932963954641],[78.0109801098011,35.48974566026912],[77.9461794617946,35.47238562573128],[77.89577895778956,35.449817580832075],[77.85257852578525,35.460233601554776],[77.80937809378094,35.484537649907764],[77.80217802178021,35.493217667176694],[77.79857798577984,35.49668967408425],[77.72297722977231,35.48106564300019],[77.57177571775719,35.47238562573128],[77.52137521375215,35.47412162918506],[77.44577445774456,35.47585763263885],[77.29457294572944,35.50884169826075],[77.08937089370897,35.55224178460536],[76.88056880568809,35.61300190548782],[76.76536765367655,35.66161000219378],[76.7257672576726,35.67897003673163],[76.63216632166325,35.72931413689139],[76.56376563765639,35.772714223235994],[76.5529655296553,35.88729045118578],[76.50256502565026,35.87861043391686],[76.38736387363872,35.83694635102603],[76.25056250562506,35.810906299219255],[76.17856178561789,35.810906299219255],[76.14616146161461,35.8282663337571],[76.1029610296103,35.949786575522026],[76.07056070560708,35.98277064114393],[76.00936009360095,35.9966586687742],[75.94455944559448,36.01749071021962],[75.91215912159123,36.048738772387736],[75.9049590495905,36.08866685182478],[75.93375933759339,36.13380294162319],[75.969759697597,36.16852301069888],[75.97335973359733,36.38205143551437],[75.95175951759518,36.45843558748089],[75.93375933759339,36.52093171181714],[75.88335883358835,36.60078787069122],[75.84015840158403,36.6493959673972],[75.77175771757717,36.69453205719559],[75.66735667356676,36.74140415044778],[75.57375573755738,36.75876418498562],[75.45855458554587,36.725780119363705],[75.42255422554226,36.737932143540206],[75.37575375753758,36.88375643365811],[75.3469534695347,36.91326849237244],[75.14535145351454,36.9740286132549],[75.05535055350555,36.987916640885175],[74.94734947349474,36.968820602893544],[74.88974889748897,36.953196571809485],[74.8429484294843,36.97923662361626],[74.76734767347673,37.01222068923816],[74.69174691746917,37.03652473759114],[74.60174601746019,37.03652473759114],[74.54054540545405,37.022636709960864],[74.52614526145263,37.03131672722979],[74.49734497344974,37.05735677903655],[74.3749437494375,37.13721293791065],[74.37134371343714,37.15804497935606],[74.55854558545587,37.23616513477637],[74.67014670146702,37.26741319694449],[74.72774727747279,37.28998124184369],[74.73854738547385,37.28650923493612],[74.76734767347673,37.24831715895286],[74.83934839348393,37.225749114053656],[74.88974889748897,37.23095712441501],[74.91854918549186,37.250053162406644],[75.00855008550087,37.29345324875125],[75.08055080550807,37.34379734891101],[75.12015120151202,37.38546143180183],[75.09855098550986,37.45142956304565],[74.98694986949872,37.52954971846596],[74.91494914949149,37.57294980481056],[74.89334893348934,37.60072586007112],[74.91134911349116,37.687526032760346],[74.93654936549368,37.77259020199578],[74.92214922149222,37.805574267617686],[74.90054900549006,37.833350322878246],[74.88974889748897,37.92535850592883],[74.8429484294843,38.038198730424824],[74.78894788947889,38.10416686166863],[74.77454774547746,38.19270303781164],[74.7709477094771,38.274295200139505],[74.8357483574836,38.40449545917335],[74.81054810548108,38.46004756969447],[74.74574745747458,38.510391669854215],[74.51534515345153,38.600663849451024],[74.27774277742779,38.65968796687969],[74.18774187741877,38.65795196342589],[74.13014130141303,38.66142397033346],[74.06534065340654,38.60934386671994],[74.02574025740259,38.53990372856856],[73.97173971739718,38.53295971475342],[73.8709387093871,38.56247177346776],[73.80253802538027,38.60760786326614],[73.7557375573756,38.69961604631672],[73.71613716137162,38.817664281174075],[73.69453694536946,38.854120353703564],[73.70533705337056,38.88536841587168],[73.73053730537308,38.914880474586],[73.79533795337954,38.94092052639277],[73.80613806138064,38.96869658165335],[73.79533795337954,39.001680647275236],[73.7449374493745,39.04508073361984],[73.6909369093691,39.10410485104853],[73.60813608136081,39.229097099721],[73.62253622536227,39.29853723787241],[73.6369363693637,39.397489434738105],[73.63333633336333,39.44956953835165],[73.71613716137162,39.46172156252814],[73.82413824138243,39.489497617788686],[73.87453874538747,39.53289770413332],[73.90693906939072,39.578033793931695],[73.91413914139142,39.60580984919227],[73.8817388173882,39.71517806678068],[73.83853838538386,39.76205016003286],[73.83493834938349,39.80024223601612],[73.85653856538568,39.82801829127669],[73.88533885338853,39.87836239143644],[73.93933939339394,39.979050591755936],[73.99333993339934,40.04328271954597],[74.02214022140222,40.05890675063003],[74.08694086940869,40.07453078171409],[74.24174241742418,40.09189081625192],[74.41094410944109,40.13702690605032],[74.61254612546125,40.27243517544551],[74.68094680946811,40.31062725142877],[74.76734767347673,40.3297232894204],[74.83214832148323,40.32798728596663],[74.8429484294843,40.34534732050446],[74.79974799747998,40.428675486286124],[74.81054810548108,40.45818754500047],[74.8357483574836,40.482491593353444],[74.86454864548645,40.49290761407616],[75.00495004950051,40.449507527731555],[75.11295112951132,40.4547155380929],[75.24255242552425,40.48075558989967],[75.51975519755197,40.628315883471345],[75.55575555755559,40.62484387656377],[75.58455584555847,40.60574783857214],[75.61695616956172,40.51721166242913],[75.65655656556567,40.3297232894204],[75.67815678156782,40.305419241067426],[75.87255872558725,40.303683237613654],[76.00576005760058,40.37138737231123],[76.06336063360635,40.38701140339529],[76.1569615696157,40.376595382672605],[76.20736207362074,40.40784344484072],[76.25776257762578,40.430411489739924],[76.31896318963192,40.3522913343196],[76.39816398163981,40.39048341030286],[76.48096480964813,40.449507527731555],[76.52056520565208,40.51200365206779],[76.57816578165784,40.5779717833116],[76.62136621366216,40.663035952547034],[76.63936639366392,40.74289211142113],[76.6609666096661,40.77934818395062],[76.70776707767078,40.81754025993388],[76.82296822968232,40.98246058804341],[76.90936909369094,41.024124670934214],[76.98496984969853,41.0397487020183],[77.18297182971833,41.010236643303955],[77.2837728377284,41.01370865021153],[77.58257582575828,40.992876608766096],[77.71937719377195,41.024124670934214],[77.81657816578166,41.05537273310236],[77.95697956979569,41.05016472274099],[78.12258122581227,41.07620477454776],[78.34578345783461,41.281053182094325],[78.34938349383492,41.32445326843896],[78.36378363783638,41.371325361691135],[78.44298442984433,41.41819745494331],[78.54378543785441,41.45986153783414],[78.7417874178742,41.56054973815364],[79.14859148591489,41.718526052448055],[79.29259292592928,41.78275818023806],[79.35379353793542,41.78102217678429],[79.50499504995054,41.82095025622132],[79.76779767797677,41.899070411641645],[79.839798397984,41.99628660505357],[79.9081990819908,42.0153826430452],[80.21780217802177,42.03274267758303],[80.23580235802359,42.043158698305746],[80.24660246602468,42.060518732843605],[80.22860228602286,42.12995887099498],[80.21060210602104,42.190718991877446],[80.23220232202323,42.20807902641528],[80.25740257402578,42.23585508167582],[80.25380253802541,42.27404715765908],[80.20700207002074,42.39903940633158],[80.17820178201782,42.51882364464271],[80.160201602016,42.624719855323576],[80.16380163801637,42.66638393821441],[80.20340203402037,42.73408807291199],[80.25020250202505,42.79658419724825],[80.4230042300423,42.855608314676914],[80.53820538205383,42.87296834921477],[80.54540545405456,42.911160425198005],[80.45180451804521,42.93546447355101],[80.38340383403835,42.97365654953427],[80.37260372603726,42.99622459443347],[80.37620376203762,43.020528642786445],[80.39060390603908,43.04309668768565],[80.50580505805061,43.08649677403025],[80.61740617406173,43.128160856921085],[80.75060750607508,43.10212080511431],[80.77940779407794,43.11948083965217],[80.78660786607867,43.161144922543],[80.75780757807581,43.20454500888761],[80.7290072900729,43.273985147038985],[80.66780667806677,43.310441219568474],[80.6642066420664,43.35384130591308],[80.70380703807041,43.42675345097203],[80.649806498065,43.563897723821015],[80.59220592205924,43.68541796558591],[80.49500495004952,43.89200237658628],[80.43020430204302,43.95102649401497],[80.39420394203944,44.04650668397312],[80.35460354603549,44.09685078413287],[80.35820358203586,44.17149893264559],[80.36540365403653,44.22357903625914],[80.35460354603549,44.326003240032406],[80.33660336603367,44.43884346452842],[80.35460354603549,44.5516836890244],[80.39060390603908,44.62633183753715],[80.37980379803798,44.65584389625147],[80.40140401404017,44.6766759376969],[80.45540455404557,44.68361995151204],[80.48060480604806,44.71486801368016],[80.45540455404557,44.74611607584828],[80.36180361803616,44.77042012420125],[80.25380253802541,44.80861220018451],[80.12780127801278,44.80340418982317],[79.99819998199985,44.796460176008026],[79.93339933399335,44.82597223472237],[79.87579875798758,44.86069230379806],[79.87219872198722,44.88326034869726],[79.95139951399517,44.944020469579726],[80.05940059400592,45.00651659391596],[80.22860228602286,45.03429264917651],[80.41580415804157,45.07595673206734],[80.50940509405098,45.105468790781686],[80.63540635406355,45.12630083222709],[80.77940779407794,45.134980849496],[80.85500855008553,45.12977283913466],[81.03861038610387,45.16970091857169],[81.33381333813338,45.246085070538214],[81.6038160381604,45.31031719832825],[81.69021690216903,45.34850927431151],[81.75861758617589,45.31031719832825],[81.79101791017911,45.22525302909281],[81.8666186661867,45.18185294274821],[81.94581945819459,45.16102090130278],[81.9890198901989,45.16102090130278],[82.1222212222122,45.195740970378466],[82.26622266222665,45.21830901527767],[82.32382323823236,45.20615699110118],[82.39582395823959,45.16275690475658],[82.47862478624785,45.122828825319516],[82.52182521825222,45.12630083222709],[82.5578255782558,45.155812890941434],[82.59742597425975,45.2165730118239],[82.6226262262623,45.29295716379042],[82.6262262622626,45.374549326118284],[82.6118261182612,45.42489342627803],[82.5830258302583,45.44225346081586],[82.45342453424536,45.47176551953021],[82.32742327423273,45.520373616236185],[82.31302313023133,45.56377370258079],[82.3166231662317,45.59502176474891],[82.34902349023491,45.67140591671543],[82.42822428224281,45.812022196471986],[82.51102511025113,46.00645458329586],[82.55422554225544,46.15922288722888],[82.6910269102691,46.38663933967467],[82.79902799027991,46.624471812843154],[82.97542975429758,46.9664644932387],[83.00423004230043,47.03416862793631],[83.01863018630189,47.14180084207095],[83.02943029430293,47.185200928415554],[83.09063090630906,47.20950497676853],[83.19143191431914,47.186936931869326],[83.44343443434434,47.10881677644903],[83.63423634236341,47.042848645205225],[83.71343713437136,47.02028060030602],[83.8322383223832,46.99771255540682],[84.0158401584016,46.969936500146275],[84.12384123841241,46.97861651741519],[84.2138421384214,46.99424054849925],[84.33984339843397,46.99597655195305],[84.5306453064531,46.97514451050762],[84.59184591845917,46.97514451050762],[84.66744667446676,46.97167250360005],[84.7178471784718,46.93868843797816],[84.74664746647466,46.86404028946541],[84.78624786247866,46.83105622384352],[84.85824858248583,46.843208248020005],[85.01305013050131,46.90917637926381],[85.11025110251103,46.96125648287736],[85.2326523265233,47.03590463139008],[85.3550535505355,47.0463206521128],[85.4846548465485,47.06368068665063],[85.53145531455317,47.10013675918012],[85.57825578255785,47.188672935323126],[85.65745657456574,47.25464106656693],[85.66825668256683,47.3379692323486],[85.64305643056434,47.39699334977726],[85.58545585455857,47.494209543189186],[85.58905589055894,47.55844167097922],[85.56025560255603,47.745930043987954],[85.52425524255244,47.91605838245883],[85.56385563855639,48.05146665185404],[85.62505625056252,48.204234955787086],[85.65025650256501,48.25110704903926],[85.69345693456938,48.311867169921726],[85.7510575105751,48.384779314980676],[85.83025830258305,48.40734735987988],[86.0570605706057,48.42297139096394],[86.26586265862659,48.454219453132055],[86.3738637386374,48.48546751530017],[86.4818648186482,48.5045635532918],[86.55026550265501,48.52886760164478],[86.66546665466655,48.634763812325644],[86.71946719467195,48.69725993666188],[86.7590675906759,48.86044426131764],[86.73026730267304,48.93856441673793],[86.75186751867517,49.00800455488931],[86.80946809468094,49.049668637780144],[86.88506885068853,49.09133272067098],[86.93906939069393,49.09827673448612],[87.04707047070474,49.11042875866261],[87.23067230672308,49.105220748301264],[87.32427324273243,49.08612471030963],[87.41787417874178,49.07744469304069],[87.47547475474755,49.09133272067098],[87.5150751507515,49.122580782839094],[87.57627576275763,49.13299680356181],[87.66987669876698,49.14688483119207],[87.76347763477634,49.1659808691837],[87.81387813878138,49.16250886227613],[87.82467824678247,49.11563676902395],[87.81747817478174,49.08091669994826],[87.83547835478356,49.03230860324231],[87.87147871478714,48.999324537620396],[87.86067860678605,48.96634047199848],[87.8066780667807,48.945508430553076],[87.75627756277567,48.91773237529253],[87.74187741877421,48.88127630276304],[87.81027810278101,48.83614021296464],[87.8318783187832,48.79100412316626],[87.94347943479437,48.764964071359486],[88.02628026280263,48.73545201264514],[88.0586805868059,48.707675957384595],[88.05148051480518,48.67469189176268],[88.01188011880117,48.63997182268699],[87.97227972279723,48.60351575015753],[87.96867968679686,48.580947705258325],[87.97947979479795,48.55490765345155],[88.06228062280621,48.53754761891372],[88.15948159481593,48.509771563653146],[88.31068310683105,48.471579487669885],[88.4150841508415,48.40387535297231],[88.51588515885157,48.384779314980676],[88.56628566285661,48.31707518028307],[88.5770857708577,48.219858986871145],[88.68148681486815,48.17125089016517],[88.839888398884,48.10181075201379],[88.9190891908919,48.0896587278373],[88.96948969489694,48.04973064840024],[89.04869048690489,48.002858555148066],[89.11709117091169,47.98723452406401],[89.19629196291964,47.980290510248864],[89.32949329493294,48.02542660004727],[89.48069480694807,48.02889860695484],[89.55989559895602,48.004594558601866],[89.63909639096391,47.90911436864371],[89.69309693096932,47.87960230992937],[89.72549725497254,47.85182625466882],[89.77949779497794,47.82752220631582],[89.82989829898298,47.82405019940825],[89.90909909099094,47.84488224085368],[89.95949959499598,47.88654632374451],[90.02790027900278,47.877866306475596],[90.05310053100533,47.85009025121502],[90.06750067500678,47.803218157962846],[90.10350103501037,47.745930043987954],[90.18990189901899,47.70252995764335],[90.31230312303126,47.676489905836576],[90.33030330303302,47.65565786439117],[90.34830348303484,47.59663374696248],[90.38070380703806,47.55670566752545],[90.42390423904237,47.5046255639119],[90.46710467104674,47.40740937049998],[90.47790477904778,47.329289215079655],[90.4959049590496,47.28588912873505],[90.55350553505536,47.2147129871299],[90.64350643506435,47.10013675918012],[90.71550715507158,47.004656569221964],[90.79830798307984,46.985560531230334],[90.87030870308706,46.95431246906222],[90.90990909909101,46.88313632745704],[90.98550985509854,46.749464061515624],[90.99630996309963,46.660927885372615],[91.00351003510036,46.59495975412881],[91.02871028710285,46.56544769541446],[91.03231032310322,46.528991622885],[90.97110971109714,46.388375343128445],[90.91710917109174,46.32414321533841],[90.90990909909101,46.27032710827109],[90.9459094590946,46.17658292176674],[90.99630996309963,46.10540678016156],[91.00351003510036,46.03596664201018],[90.96030960309605,45.98562254185043],[90.88830888308883,45.9213904140604],[90.85230852308524,45.884934341530936],[90.79470794707947,45.85368627936282],[90.70830708307085,45.73043003414412],[90.67230672306727,45.59502176474891],[90.66150661506617,45.52558162659753],[90.6939069390694,45.47523752643778],[90.7479074790748,45.41968541591669],[90.76230762307625,45.37107731921071],[90.85230852308524,45.26344510507607],[90.87750877508773,45.195740970378466],[90.91350913509137,45.194004966924695],[90.95310953109532,45.2165730118239],[91.05031050310504,45.2165730118239],[91.13671136711366,45.194004966924695],[91.22311223112234,45.14539687021872],[91.31311313113133,45.11762081495817],[91.44271442714427,45.124564828773316],[91.51111511115113,45.09852477696654],[91.5831158311583,45.07595673206734],[91.73791737917378,45.069012718252196],[91.85311853118532,45.069012718252196],[92.02952029520299,45.069012718252196],[92.17352173521738,45.03602865263031],[92.42552425524258,45.00825259736973],[92.58032580325806,45.011724604277305],[92.7891278912789,45.03602865263031],[92.91512915129152,45.02040462154622],[93.2931329313293,44.98394854901676],[93.51633516335164,44.944020469579726],[93.65673656736567,44.90062038323509],[93.75393753937539,44.831180245083715],[93.86913869138692,44.723548030949075],[93.95913959139591,44.6749399342431],[94.20034200342002,44.64542787552878],[94.3659436594366,44.51869962340251],[94.49554495544959,44.47182753015031],[94.71154711547115,44.35030728838541],[94.86634866348663,44.30343519513323],[95.04995049950503,44.2600351087886],[95.3487534875349,44.27739514332646],[95.36675366753667,44.2617711122424],[95.34515345153454,44.195802980998565],[95.32715327153272,44.105530801401784],[95.32715327153272,44.03956267015798],[95.35595355953558,44.00657860453606],[95.47115471154711,43.98574656309066],[95.52515525155252,43.95449850092254],[95.56835568355683,43.89200237658628],[95.58995589955902,43.853810300603016],[95.68715687156873,43.66458592414051],[95.84195841958422,43.383353364627425],[95.85995859958598,43.275721150492785],[95.91395913959138,43.20628101234138],[96.07956079560796,43.09691279475297],[96.16956169561695,43.0153206324251],[96.29916299162994,42.928520459735864],[96.34236342363425,42.84866430086177],[96.35316353163535,42.746240097088474],[96.38556385563857,42.72020004528173],[96.62676626766267,42.7445040936347],[96.8319683196832,42.76012812471876],[97.20637206372066,42.78964018343311],[97.7175771757718,42.73582407636579],[98.24678246782469,42.68374397275224],[98.7147871478715,42.638607882953835],[98.94518945189452,42.61603983805466],[99.46719467194674,42.567431741348685],[99.75879758797589,42.62992786568492],[99.98199981999824,42.676799958937096],[100.08640086400862,42.67159194857575],[100.51840518405186,42.61603983805466],[100.77400774007742,42.58826378279409],[101.09081090810906,42.551807710264626],[101.31401314013141,42.53791968263434],[101.49401494014938,42.53791968263434],[101.58041580415806,42.52403165500408],[101.65961659616596,42.49972760665108],[101.71361713617137,42.46500753757539],[101.87921879218794,42.293143195650714],[101.9728197281973,42.21502304023042],[102.15642156421563,42.15773492625553],[102.57402574025741,42.09176679501172],[102.80802808028079,42.05183871557466],[103.07443074430745,42.006702625776285],[103.24723247232475,41.937262487624906],[103.44883448834491,41.85567032529701],[103.71163711637115,41.751510118069945],[103.99603996039963,41.79664620786835],[104.3056430564306,41.8469903080281],[104.49644496444967,41.87650236674244],[104.49644496444967,41.659501935019364],[104.77364773647736,41.64040589702773],[104.86004860048604,41.643877903935305],[104.98244982449825,41.59526980722933],[105.0508505085051,41.61610184867476],[105.1156511565116,41.662973941926936],[105.19845198451986,41.73762209043966],[105.3136531365314,41.770606156061575],[105.51885518855187,41.85393432184324],[105.5656556565566,41.87476636328864],[105.86805868058684,41.99455060159977],[106.31806318063184,42.1403748917177],[106.519665196652,42.21155103332285],[106.58086580865807,42.22717506440691],[106.69246692466925,42.2636311369364],[106.7716677166772,42.28793518528937],[106.9048690486905,42.30876722673477],[107.0920709207092,42.32091925091129],[107.29367293672937,42.348695306171834],[107.74727747277473,42.40077540978535],[107.8048780487805,42.405983420146725],[108.06408064080642,42.42681546159213],[108.17208172081723,42.44764750303756],[108.33408334083344,42.43723148231484],[108.54648546485464,42.42855146504593],[108.68688686886873,42.41639944086941],[108.87408874088743,42.42681546159213],[109.13329133291336,42.440703489222415],[109.33849338493388,42.438967485768615],[109.44289442894433,42.45632752030647],[109.59409594095939,42.51014362737379],[109.69849698496984,42.5535437137184],[109.86049860498605,42.605623817331946],[110.05850058500585,42.66117592785304],[110.19530195301957,42.70978402455901],[110.28890288902892,42.74276809018093],[110.40050400504003,42.77401615234905],[110.42930429304295,42.81394423178608],[110.46170461704617,42.84345629050043],[110.51930519305193,42.89553639411395],[110.62730627306274,42.9910165840721],[110.710107101071,43.074344749853765],[110.74970749707501,43.110800822383254],[110.839708397084,43.19412898816489],[110.91170911709116,43.256625112501155],[111.00891008910088,43.34168928173659],[111.08811088110883,43.36946533699714],[111.18531185311855,43.39203338189634],[111.4517145171452,43.475361547678006],[111.50211502115025,43.492721582215836],[111.54891548915492,43.49619358912341],[111.64251642516427,43.563897723821015],[111.7181171811718,43.621185837795906],[111.77211772117721,43.66458592414051],[111.87651876518765,43.68020995522457],[111.93411934119342,43.71145801739269],[111.94131941319415,43.75312210028352],[111.93051930519306,43.815618224619755],[111.88011880118802,43.87811434895602],[111.8369183691837,43.93540246293091],[111.68211682116822,44.04129867361175],[111.60291602916033,44.107266804855556],[111.52011520115201,44.19233097409102],[111.48771487714879,44.27218713296509],[111.43011430114302,44.322531233124835],[111.40131401314017,44.36766732292324],[111.4121141211412,44.41974742653679],[111.48771487714879,44.51175560958737],[111.51651516515165,44.56904372356226],[111.54891548915492,44.67320393078933],[111.62091620916209,44.82770823817614],[111.68211682116822,44.89888437978132],[111.75051750517508,44.97006052138647],[111.89811898118984,45.06380470789085],[112.03132031320314,45.08116474242868],[112.1141211412114,45.06380470789085],[112.29052290522907,45.06380470789085],[112.41292412924128,45.05859669752948],[112.49932499324996,45.011724604277305],[112.59652596525967,44.91798041777295],[112.70812708127085,44.88326034869726],[113.05013050130503,44.81034820363831],[113.19773197731979,44.794724172554254],[113.30213302133023,44.79125216564668],[113.45693456934572,44.76694811729368],[113.50733507335076,44.761740106932336],[113.58653586535866,44.74611607584828],[113.65133651336515,44.76347611038611],[113.75213752137523,44.82597223472237],[113.8781387813878,44.89541237287375],[113.93213932139321,44.91277240741158],[114.02934029340292,44.942284466125926],[114.07974079740796,44.97179652484027],[114.16614166141665,45.049916680260566],[114.28134281342813,45.11067680114303],[114.41814418144185,45.20268498419361],[114.48654486544865,45.27212512234499],[114.5009450094501,45.31552520868959],[114.51894518945193,45.36413330539557],[114.55854558545587,45.39017335720234],[114.6449464494645,45.412741402101545],[114.73854738547385,45.41968541591669],[114.91854918549188,45.378021333025856],[115.16335163351636,45.39017335720234],[115.21735217352176,45.39538136756369],[115.44055440554405,45.41968541591669],[115.53775537755376,45.43878145390832],[115.68175681756821,45.45787749189995],[115.78975789757897,45.534261643866444],[115.93375933759341,45.626269826917024],[116.0381603816038,45.6766139270768],[116.11016110161103,45.68702994779949],[116.19656196561965,45.739110051413036],[116.23976239762396,45.79639816538793],[116.22896228962293,45.845006262093875],[116.21456214562147,45.88667034498471],[116.26496264962651,45.96305449695123],[116.35856358563586,46.096726762892644],[116.44496444964449,46.15922288722888],[116.51696516965171,46.209566987388655],[116.56376563765639,46.28942314626272],[116.61776617766179,46.31372719461572],[116.68976689766896,46.32240721188464],[116.78696786967873,46.37622331895196],[116.8589685896859,46.388375343128445],[116.9777697776978,46.36233529132167],[117.15417154171541,46.355391277506556],[117.26937269372695,46.351919270598984],[117.33417334173345,46.36233529132167],[117.35577355773557,46.39184735003602],[117.35577355773557,46.43698343983442],[117.39177391773921,46.53767164015392],[117.40617406174061,46.570655705775835],[117.43857438574389,46.58627973685989],[117.54657546575464,46.588015740313665],[117.62217622176223,46.551559667784204],[117.67257672576727,46.52204760906986],[117.74097740977413,46.51857560216229],[117.8129781297813,46.53767164015392],[117.91017910179102,46.61926380248178],[118.07218072180723,46.66613589573399],[118.15858158581585,46.678287919910474],[118.30978309783097,46.716479995893735],[118.40338403384033,46.70259196826345],[118.579785797858,46.69217594754073],[118.64818648186485,46.700855964809676],[118.72378723787239,46.69217594754073],[118.78858788587888,46.74772805806185],[118.84258842588429,46.75988008223834],[118.95778957789577,46.735576033885366],[119.02979029790299,46.69217594754073],[119.16299162991629,46.63835984047341],[119.33219332193323,46.61405579212044],[119.47259472594726,46.626207816296926],[119.62019620196202,46.603639771397724],[119.7065970659707,46.605375774851524],[119.74619746197465,46.627943819750726],[119.86859868598685,46.67134390609533],[119.89739897398977,46.732104026977794],[119.88299882998831,46.79112814440646],[119.89739897398977,46.857096275650264],[119.86139861398613,46.90744037581001],[119.78939789397896,46.97861651741519],[119.76059760597605,47.02722461412117],[119.75699756997574,47.0897207384574],[119.710197101971,47.150480859339865],[119.59859598595989,47.221657000945015],[119.52659526595266,47.256377070020704],[119.37539375393754,47.3813693186932],[119.3249932499325,47.41088137740755],[119.30699306993068,47.42997741539918],[119.29259292592928,47.473377501743784],[119.23499234992352,47.492473539735414],[119.16299162991629,47.52545760535733],[119.12339123391234,47.55844167097922],[119.09819098190985,47.61572978495411],[119.08019080190803,47.65392186093737],[119.0189901899019,47.68516992310549],[118.9541895418954,47.70252995764335],[118.87858878588787,47.72509800254255],[118.75978759787597,47.75808206816444],[118.69138691386917,47.822314195954476],[118.5689856898569,47.9438344377194],[118.49698496984973,47.983762517156435],[118.24138241382417,47.999386548240494],[118.14778147781476,48.02889860695484],[118.04338043380437,48.018482586232125],[117.97857978579788,47.999386548240494],[117.84177841778421,47.999386548240494],[117.76977769777699,47.98723452406401],[117.67617676176764,47.90911436864371],[117.55377553775537,47.804954161416646],[117.45657456574565,47.74072203362661],[117.38457384573849,47.676489905836576],[117.35217352173521,47.6521858574836],[117.28737287372877,47.66607388511386],[117.19737197371973,47.74072203362661],[117.07137071370715,47.80669016487042],[116.95256952569525,47.83620222358476],[116.90216902169021,47.853562258122594],[116.76176761767618,47.86918628920665],[116.65016650166501,47.86397827884531],[116.51336513365135,47.839674230492335],[116.37656376563768,47.84488224085368],[116.31896318963192,47.86050627193774],[116.23256232562329,47.858770268483966],[116.07416074160744,47.78933013033256],[115.99495994959949,47.711209974912265],[115.89775897758977,47.68690592655929],[115.81135811358115,47.73898603017281],[115.71055710557107,47.799746151055274],[115.61695616956172,47.874394299568024],[115.55935559355595,47.945570441173174],[115.52335523355237,48.131322810728136],[115.63855638556385,48.18687492124923],[115.7861578615786,48.24763504213169],[115.7969579695797,48.346587238997415],[115.79335793357933,48.455955456585826],[115.82215822158224,48.57747569835075],[115.95535955359554,48.688579919392964],[116.0237602376024,48.78232410589732],[116.03456034560344,48.83961221987221],[116.09936099360993,48.93682841328416],[116.16056160561607,49.03751661360366],[116.24336243362433,49.17118887954507],[116.40176401764018,49.40554934580598],[116.58896588965888,49.685045901865294],[116.68256682566829,49.82392617816805],[116.88776887768881,49.737126005478814],[117.02097020970211,49.69372591913421],[117.2441724417244,49.62428578098283],[117.47817478174784,49.60866174989877],[117.69777697776976,49.53574960483982],[117.8129781297813,49.51318155994062],[117.87417874178743,49.51318155994062],[118.18738187381877,49.69198991568044],[118.450184501845,49.84475821961345],[118.7561875618756,49.96280645447081],[118.97938979389795,49.97843048555487],[119.14859148591489,50.013150554630556],[119.26019260192601,50.066966661697876],[119.3249932499325,50.155502837840885],[119.34659346593469,50.27875908305961],[119.29979299793001,50.353407231572334],[119.1917919179192,50.37944728337911],[119.16299162991629,50.40548733518588],[119.2169921699217,50.43326339044643],[119.25659256592564,50.483607490606175],[119.28179281792819,50.56172764602647],[119.34299342993432,50.63463979108542],[119.44739447394477,50.702343925783026],[119.50139501395017,50.77872807774955],[119.51219512195121,50.863792246984985],[119.57339573395734,50.94712041276665],[119.68499684996851,51.03044857854832],[119.74619746197465,51.10856873396861],[119.75699756997574,51.17974487557376],[119.81459814598145,51.266545048263],[119.96579965799657,51.422785359103614],[120.06660066600665,51.59985771138963],[120.23580235802359,51.72311395660833],[120.50940509405098,51.84810620528083],[120.68220682206822,51.9730984539533],[120.75060750607508,52.096354699172],[120.74340743407436,52.205722916760436],[120.6642066420664,52.29946710326479],[120.649806498065,52.39668329667674],[120.70020700207004,52.493899490088666],[120.65700657006573,52.566811635147616],[120.52020520205201,52.61541973185359],[120.36180361803616,52.62757175603008],[120.1710017100171,52.603267707677105],[120.06660066600665,52.63277976639142],[120.04500045000452,52.71784393562689],[120.09540095400956,52.78728407377827],[120.21780217802177,52.839364177391786],[120.4230042300423,52.96782843297186],[120.70380703807041,53.17267684051842],[120.98460984609846,53.28378106156063],[121.4058140581406,53.31676512718255],[121.74421744217443,53.382733258426356],[122.08982089820898,53.452173396577734],[122.33822338223382,53.48515746219965],[122.38142381423813,53.46258941730045],[122.51462514625149,53.45738140693908],[122.7450274502745,53.46779742766179],[122.95742957429576,53.49730948637614],[123.15543155431556,53.544181579628315],[123.31023310233104,53.5563336038048],[123.42543425434258,53.53029355199803],[123.49023490234902,53.53029355199803],[123.53343533435333,53.526821545090456],[123.55863558635588,53.526821545090456],[123.60903609036092,53.54591758308209],[123.74223742237422,53.5111975140064],[123.99423994239942,53.40530130332556],[124.15264152641527,53.35842921007338],[124.22104221042213,53.37058123424987],[124.2930429304293,53.34106917553552],[124.36864368643688,53.271629037384145],[124.4658446584466,53.22996495449331],[124.63864638646385,53.21086891650168],[124.81144811448115,53.13448476453516],[124.88344883448838,53.129276754173816],[124.9050490504905,53.17267684051842],[124.969849698497,53.196980888871394],[125.07425074250745,53.20392490268654],[125.22545225452257,53.16573282670328],[125.42345423454236,53.08414066437541],[125.54585545855457,53.04768459184595],[125.59625596255961,53.05810061256864],[125.65025650256501,53.04247658148458],[125.69345693456938,53.00428450550132],[125.69705697056969,52.95567640879537],[125.67905679056793,52.93137236044237],[125.72945729457297,52.891444281005334],[125.78345783457837,52.891444281005334],[125.87345873458736,52.872348243013704],[125.94185941859422,52.801172101408525],[126.0030600306003,52.768188035786636],[126.04986049860497,52.73867597707229],[126.0570605706057,52.71610793217309],[126.06066060660606,52.691803883820114],[126.04626046260466,52.672707845828484],[126.02466024660248,52.64319578711414],[126.01746017460175,52.61021172149222],[126.04626046260466,52.57375564896276],[126.15786157861578,52.545979593702214],[126.19386193861942,52.51993954189544],[126.20466204662046,52.48348346936595],[126.23706237062373,52.44529139338269],[126.31266312663126,52.40015530358431],[126.34146341463418,52.36196322760105],[126.32346323463236,52.332451168886706],[126.34506345063454,52.30641111707993],[126.38466384663849,52.2873150790883],[126.39186391863922,52.21440293402935],[126.39546395463958,52.17273885113852],[126.45666456664566,52.12586675788634],[126.46746467464675,52.03212257138199],[126.51066510665106,51.92622636070112],[126.65466654666545,51.78213807403702],[126.70146701467019,51.70228191516293],[126.68706687066873,51.61027373211235],[126.70866708667086,51.566873645767714],[126.77346773467735,51.54430560086854],[126.80586805868057,51.50611352488528],[126.80226802268021,51.44882541091039],[126.82746827468276,51.4123693383809],[126.84906849068494,51.37417726239764],[126.83466834668349,51.315153144968974],[126.85266852668525,51.261337037901654],[126.88866888668889,51.23008897573354],[126.91026910269102,51.172800861758645],[126.92466924669247,51.099888716699695],[127.02187021870219,50.98531248874991],[127.19827198271986,50.829072177909296],[127.30627306273061,50.70755193614437],[127.34587345873462,50.62075176345516],[127.34587345873462,50.54957562184998],[127.30987309873098,50.49402351132889],[127.30627306273061,50.45409543189183],[127.34227342273425,50.428055380085056],[127.34947349473498,50.393335311009366],[127.33867338673389,50.34993522466476],[127.39627396273966,50.29785512105124],[127.59067590675909,50.209318944908205],[127.51147511475114,50.07217467205925],[127.49347493474937,49.974958478647295],[127.5006750067501,49.8742702783278],[127.55107551075514,49.80135813326885],[127.63747637476376,49.759694050378016],[127.69147691476917,49.71629396403341],[127.70947709477093,49.67115787423501],[127.81387813878138,49.62254977752903],[128.00108001080014,49.56873367046171],[128.23868238682388,49.560053653192796],[128.52668526685267,49.594773722268485],[128.70308703087034,49.59998173262986],[128.76788767887678,49.577413687730655],[128.78948789487896,49.542693618654965],[128.77148771487714,49.49408552194899],[128.81828818288182,49.46457346323464],[128.93708937089372,49.448949432150584],[129.01989019890198,49.41943737343624],[129.06669066690665,49.37430128363786],[129.12069120691206,49.362149259461376],[129.18549185491855,49.381245297453006],[129.24669246692469,49.379509293999206],[129.31149311493118,49.35346924219243],[129.35109351093513,49.362149259461376],[129.38349383493835,49.38992531472192],[129.44109441094412,49.38992531472192],[129.49869498694989,49.38818931126812],[129.53469534695347,49.323957183478115],[129.59229592295924,49.287501110948625],[129.67149671496713,49.27882109367971],[129.7938979389794,49.198964934805616],[130.03870038700387,48.97154848235985],[130.19710197101972,48.891692323485756],[130.35550355503557,48.86565227167898],[130.55350553505536,48.86044426131764],[130.61830618306186,48.7736440886284],[130.56430564305646,48.67989990212405],[130.55350553505536,48.60177974670373],[130.59670596705968,48.57400369144318],[130.6579065790658,48.4837315118464],[130.7479074790748,48.42991540477905],[130.76230762307625,48.38825132188825],[130.80550805508057,48.34137922863604],[130.78750787507875,48.254579055946834],[130.7119071190712,48.127850803820564],[130.73350733507334,48.018482586232125],[130.84870848708488,47.929946410089116],[130.91710917109174,47.84314623739988],[130.93150931509314,47.75981807161824],[130.96030960309605,47.70947397145849],[131.00351003510036,47.692113936920634],[131.12231122311226,47.69732194728198],[131.32031320313206,47.728570009450124],[131.46431464314645,47.72336199908875],[131.5579155791558,47.68169791619792],[131.78471784717846,47.67996191274415],[132.14832148321483,47.71815398872741],[132.3787237872379,47.730306012903895],[132.47592475924762,47.71468198181984],[132.56232562325624,47.768498088887156],[132.63792637926383,47.89001833065208],[132.70632706327063,47.947306444626975],[132.77112771127713,47.94036243081183],[132.87552875528758,47.97855450679509],[133.01953019530197,48.06361867603053],[133.14553145531454,48.10528275892136],[133.30033300333002,48.10181075201379],[133.46953469534697,48.09660274165245],[133.5739357393574,48.13305881418191],[133.67113671136713,48.20770696269466],[133.84393843938443,48.273675093938465],[134.20754207542075,48.360475266627674],[134.29394293942943,48.37262729080419],[134.33354333543338,48.36915528389662],[134.45594455944558,48.35526725626633],[134.5639456394564,48.32228319064441],[134.66474664746647,48.254579055946834],[134.67914679146793,48.2111789696022],[134.66834668346684,48.15389085562731],[134.6467464674647,48.12090679000542],[134.6071460714607,48.08271471402216],[134.56754567545676,48.0219545931397],[134.5927459274593,47.97508249988752],[134.65034650346507,47.874394299568024],[134.69714697146975,47.801482154509074],[134.75114751147515,47.71468198181984],[134.72954729547297,47.68516992310549],[134.69714697146975,47.62440980222303],[134.59634596345967,47.52372160190353],[134.54234542345426,47.48552952592027],[134.4847448474485,47.44733744993701],[134.38394383943842,47.438657432668094],[134.3407434074341,47.42997741539918],[134.29034290342906,47.41435338431512],[134.26154261542615,47.37789731178563],[134.22554225542257,47.35185725997886],[134.1679416794168,47.30151315981911],[134.16434164341644,47.258113073474505],[134.18954189541898,47.19388094568447],[134.20394203942038,47.12791281444066],[134.13554135541358,47.068888697012],[134.08514085140854,46.97861651741519],[134.07074070740708,46.950840462154645],[134.0455404554046,46.881400324003266],[134.03834038340386,46.858832279104064],[134.0239402394024,46.71300798898616],[133.9591395913959,46.61405579212044],[133.86553865538656,46.499479564170656],[133.88713887138874,46.43003942601928],[133.90153901539014,46.36754330168304],[133.87993879938801,46.336295239514925],[133.87633876338765,46.30851918425435],[133.8619386193862,46.24775906337189],[133.83313833138334,46.223455015018914],[133.75033750337502,46.18526293903565],[133.69993699936998,46.14012684923725],[133.71073710737107,46.0689507076321],[133.68553685536858,46.008190586749635],[133.64953649536494,45.954374479682315],[133.60633606336063,45.919654410606626],[133.55233552335523,45.89708636570742],[133.51273512735128,45.87799032771579],[133.48393483934842,45.810286193018186],[133.4767347673477,45.758206089404666],[133.44793447934478,45.70438998233735],[133.4659346593466,45.65057387527003],[133.43713437134375,45.60543778547162],[133.35433354333543,45.572453719849705],[133.31113311133112,45.553357681858074],[133.2679326793268,45.54467766458916],[133.18513185131854,45.49433356442941],[133.11313113131132,45.320733219050965],[133.0951309513095,45.22004501873147],[133.11313113131132,45.13150884258843],[133.01233012330124,45.07422072861354],[132.9367293672937,45.02908463881516],[132.88992889928903,45.046444673352994],[132.839528395284,45.06033270098328],[132.72432724327246,45.08116474242868],[132.6667266672667,45.09331676660517],[132.5479254792548,45.122828825319516],[132.36432364323645,45.159284897849005],[132.1807218072181,45.20268498419361],[132.06912069120693,45.22525302909281],[131.97911979119795,45.24434906708444],[131.91071910719108,45.27386112579879],[131.85311853118532,45.32767723286611],[131.79551795517955,45.305109187966906],[131.74151741517414,45.24261306363064],[131.65511655116552,45.20615699110118],[131.61551615516157,45.1367168529498],[131.579515795158,45.08290074588248],[131.48591485914858,45.013460607731105],[131.44631446314463,44.98394854901676],[131.26991269912702,44.93534045231078],[131.2267122671227,44.919716421226724],[131.08271082710826,44.90930040050401],[131.03231032310322,44.888468359058606],[130.98190981909818,44.845068272714],[130.96750967509678,44.7999321829156],[131.00351003510036,44.75306008966342],[131.06111061110613,44.65931590315904],[131.08631086310862,44.595083775369034],[131.12591125911263,44.468355523242764],[131.25551255512556,44.070810732326095],[131.21231212312125,44.00310659762849],[131.1727117271173,43.70451400357754],[131.18351183511834,43.65069789651022],[131.17991179911797,43.567369730728586],[131.18351183511834,43.50487360639232],[131.2087120871209,43.490985578762064],[131.24471244712447,43.46841753386286],[131.2627126271263,43.43369746478717],[131.25911259112593,43.37814535426605],[131.2411124111241,43.33821727482902],[131.21231212312125,43.258361115954926],[131.17631176311767,43.14204888455137],[131.13671136711366,43.09691279475297],[131.1079110791108,43.06219272567728],[131.08631086310862,43.037888677324304],[131.08271082710826,42.95629651499641],[131.06831068310686,42.90248040792909],[131.00711007110073,42.88338436993746],[130.94230942309423,42.85213630776934],[130.87030870308706,42.86255232849206],[130.8019080190802,42.857344318130686],[130.7227072270723,42.83651227668528],[130.57870578705786,42.81220822833231],[130.49230492304923,42.77922416271039],[130.45270452704528,42.75492011435742],[130.42390423904243,42.72714405909687],[130.42030420304206,42.6993680038363],[130.43830438304383,42.68547997620604],[130.52110521105215,42.675063955483324],[130.57510575105755,42.622983851869776],[130.58590585905858,42.567431741348685],[130.52830528305282,42.53618367918057],[130.49950499504996,42.57090374825626],[130.44910449104492,42.58131976897894],[130.35910359103593,42.63166386913872],[130.29430294302944,42.68547997620604],[130.24750247502476,42.7445040936347],[130.24750247502476,42.87296834921477],[130.24030240302403,42.8920643872064],[130.15030150301504,42.91810443901315],[130.1251012510125,42.95629651499641],[130.08190081900818,42.97365654953427],[130.0207002070021,42.96324052881155],[129.97749977499774,42.97539255298804],[129.94149941499415,42.99622459443347],[129.89829898298984,42.99796059788724],[129.86229862298626,42.964976532265354],[129.84069840698407,42.893800390660175],[129.77949779497794,42.77575215580282],[129.7722977229772,42.70631201765144],[129.74709747097472,42.603887813878146],[129.71829718297187,42.475423558298104],[129.69669696696968,42.44764750303756],[129.62829628296282,42.444175496129986],[129.60309603096033,42.43549547886104],[129.56709567095675,42.39209539251644],[129.52389523895238,42.385151378701295],[129.48429484294843,42.4094554270543],[129.4230942309423,42.43549547886104],[129.36549365493659,42.438967485768615],[129.31509315093155,42.41292743396187],[129.2538925389254,42.35737532344075],[129.21789217892177,42.312239233642345],[129.20709207092074,42.27057515075151],[129.19629196291964,42.21849504713799],[129.1350913509135,42.168150946978244],[129.07749077490774,42.14211089517147],[128.96228962289626,42.06919875011252],[128.92268922689226,42.0379506879444],[128.839888398884,42.0379506879444],[128.749887498875,42.041422694851974],[128.62748627486275,42.02059065340654],[128.4258842588426,42.01017463268386],[128.30708307083074,42.025798663767915],[128.159481594816,42.01191063613763],[128.04428044280445,41.987606587784654],[128.029880298803,41.951150515255165],[128.03348033480336,41.899070411641645],[128.05508055080554,41.864350342565956],[128.0838808388084,41.840046294212954],[128.13068130681307,41.7688701526078],[128.1810818108181,41.699430014456425],[128.2566825668257,41.65602992811179],[128.28908289082892,41.607421831405844],[128.2926829268293,41.56228574160744],[128.2566825668257,41.50673363108632],[128.19908199081993,41.43382148602737],[128.1486814868149,41.38694939277519],[128.11268112681125,41.38868539622899],[128.05148051480518,41.41646145148954],[128.01188011880117,41.44944551711143],[127.91827918279182,41.461597541287944],[127.6878768787688,41.44076549984251],[127.57267572675727,41.4546535274728],[127.51867518675186,41.482429582733346],[127.42147421474215,41.48416558618712],[127.27027270272703,41.52062165871661],[127.18027180271804,41.53103767943932],[127.13707137071373,41.555341727792296],[127.129871298713,41.607421831405844],[127.08667086670869,41.643877903935305],[127.06147061470614,41.68727799027991],[127.00747007470073,41.74283010080103],[126.95346953469533,41.7688701526078],[126.90306903069029,41.78102217678429],[126.84546845468458,41.74803811116237],[126.78786787867881,41.718526052448055],[126.7446674466745,41.72547006626317],[126.72306723067231,41.716790048994255],[126.69786697866982,41.69248600064128],[126.6006660066601,41.64040589702773],[126.57906579065792,41.59353380377556],[126.53946539465397,41.49631761036363],[126.51426514265142,41.39389340659034],[126.48906489064893,41.35743733406085],[126.45306453064529,41.352229323699504],[126.41346413464134,41.32098126153139],[126.32706327063272,41.225501071573234],[126.2550625506255,41.136964895430225],[126.14346143461438,41.07794077800153],[126.09306093060934,41.024124670934214],[126.06786067860679,40.973780570774466],[125.9886598865989,40.90434043262309],[125.87345873458736,40.8921884084466],[125.78345783457837,40.8713563670012],[125.72945729457297,40.866148356639826],[125.68985689856902,40.83837230137928],[125.65745657456574,40.79670821848845],[125.64665646656465,40.77934818395062],[125.5926559265593,40.77934818395062],[125.54225542255426,40.74289211142113],[125.41625416254163,40.65956394563946],[125.31545315453155,40.6439399145554],[125.18585185851862,40.590123807488084],[125.07425074250745,40.54672372114348],[125.02745027450277,40.52415567624428],[125.01305013050131,40.4981156244375],[124.99864998649986,40.465131558815614],[124.94104941049409,40.45818754500047],[124.89064890648905,40.45992354845424],[124.7718477184772,40.38353939648772],[124.71064710647107,40.31930726869771],[124.48024480244806,40.18216299584873],[124.3866438664387,40.104042840428434],[124.36144361443615,40.00335464010891],[124.35064350643506,40.01203465737785],[124.2678426784268,39.923498481234816],[124.10584105841059,39.84017031545318],[123.76023760237604,39.82281028091532],[123.65223652236523,39.88183439834401],[123.61263612636128,39.84017031545318],[123.58023580235806,39.78635420838586],[123.49023490234902,39.76725817039423],[123.34983349833499,39.76378616348666],[123.27063270632709,39.72733009095717],[123.22743227432278,39.687402011520135],[123.03303033030329,39.67351398388985],[122.96102961029612,39.61969787682253],[122.83862838628386,39.6006018388309],[122.33462334623346,39.36624137256999],[122.22662226622265,39.26728917570426],[122.12222122221226,39.15271294775448],[122.04662046620467,39.09368883032582],[121.98181981819818,39.053760750888785],[121.92421924219241,39.036400716350926],[121.86301863018633,38.99647263691389],[121.80541805418056,38.99126462655252],[121.74421744217443,39.01036066454415],[121.67581675816757,39.00341665072904],[121.63261632616326,38.95480855402306],[121.6686166861669,38.892312429686825],[121.65061650616508,38.86453637442625],[121.51741517415178,38.83155230880436],[121.31941319413193,38.80898426390516],[121.23661236612367,38.76732018101433],[121.20781207812081,38.74301613266135],[121.1646116461165,38.730864108484866],[121.12141121411213,38.81245627081273],[121.10701107011073,38.92008848494737],[121.18981189811899,38.946128536754145],[121.26181261812621,38.960016564384404],[121.67941679416793,39.109312861409876],[121.6290162901629,39.22041708245209],[121.66501665016654,39.269025179158064],[121.75861758617589,39.34714533457836],[121.81981819818202,39.38707341401542],[121.78381783817838,39.40096144164568],[121.51381513815141,39.3749213898389],[121.35541355413557,39.3766573932927],[121.27621276212761,39.38533741056162],[121.30141301413016,39.453041545259225],[121.2870128701287,39.51900967650303],[121.26901269012689,39.545049728309806],[121.4058140581406,39.62143388027633],[121.47061470614705,39.64052991826796],[121.51741517415178,39.63879391481416],[121.51381513815141,39.685666008066335],[121.47421474214741,39.75510614621774],[121.51741517415178,39.84537832581452],[121.8018180181802,39.95127453649539],[121.87021870218706,40.04675472645354],[121.98181981819818,40.13529090259655],[122.19062190621906,40.357499344680974],[122.20502205022052,40.395691420664235],[122.26262262622629,40.4998516278913],[122.27342273422738,40.541515710782136],[122.17982179821797,40.60227583166457],[122.14022140221402,40.687340000900036],[121.85941859418597,40.84184430828685],[121.83421834218342,40.973780570774466],[121.80901809018093,40.96857256041312],[121.76581765817662,40.87656437736254],[121.72981729817297,40.845316315194424],[121.60021600216004,40.843580311740624],[121.53541535415354,40.87830038081631],[121.17541175411753,40.900868425715515],[121.08541085410855,40.84184430828685],[121.00261002610029,40.74983612523627],[120.92340923409233,40.683867993992465],[120.84060840608407,40.649147924916775],[120.77220772207721,40.58838780403431],[120.48060480604806,40.230771092554704],[120.36900369003689,40.20299503729413],[119.85059850598509,39.98773060902485],[119.59139591395916,39.902666439789414],[119.389793897939,39.75163413931017],[119.32139321393214,39.66136195971336],[119.26019260192601,39.560673759393865],[119.22419224192242,39.40790545546082],[119.04059040590408,39.22215308590589],[118.97578975789759,39.182225006468826],[118.91098910989109,39.16660097538477],[118.82818828188283,39.17180898574611],[118.75258752587524,39.159656961569624],[118.62658626586267,39.17701699610748],[118.47178471784719,39.11799287867879],[118.29898298982988,39.06764877851904],[118.14778147781476,39.19437703064531],[118.03978039780401,39.22736109626723],[117.8669786697867,39.19090502373774],[117.78417784177844,39.13361690976288],[117.6149761497615,38.852384350249764],[117.55377553775537,38.690936029047805],[117.55737557375573,38.624967897804],[117.65457654576545,38.42359149716498],[117.76617766177662,38.312487276122766],[118.01458014580146,38.184023020542725],[118.54378543785441,38.095486844399716],[118.66618666186662,38.12673490656783],[118.79938799387998,38.12673490656783],[118.939789397894,38.04340674078617],[119.02619026190263,37.90452646448341],[119.03699036990372,37.80904627452526],[119.03699036990372,37.776062208903355],[119.06939069390694,37.74828615364281],[119.08739087390876,37.70141406039062],[119.03339033390336,37.66148598095357],[118.99018990189904,37.640653939508155],[118.9541895418954,37.494829649390255],[118.9541895418954,37.33164532473451],[118.99738997389977,37.27782921766719],[119.11259112591125,37.20144506570067],[119.28899288992892,37.13894894136443],[119.45099450994513,37.12506091373416],[119.76059760597605,37.15457297244849],[119.88659886598867,37.253525169314216],[119.87939879398795,37.295189252205034],[119.88299882998831,37.35074136272614],[120.1566015660157,37.494829649390255],[120.31140311403112,37.62329390497031],[120.28620286202863,37.65627797059223],[120.25740257402578,37.678846015491416],[120.28620286202863,37.6927340431217],[120.36900369003689,37.70141406039062],[120.75060750607508,37.833350322878246],[121.04941049410496,37.72571810874361],[121.21861218612185,37.60072586007112],[121.38781387813879,37.57815781517192],[121.50661506615069,37.51566169083567],[121.63981639816399,37.460109580314565],[121.81621816218166,37.45663757340701],[121.96381963819641,37.44448554923051],[122.01062010620109,37.49656565284404],[122.05742057420576,37.52954971846596],[122.1078210782108,37.522605704650815],[122.16902169021694,37.45663757340701],[122.33822338223382,37.40455746979346],[122.4930249302493,37.40802947670103],[122.60102601026011,37.42712551469266],[122.66582665826661,37.402821466339674],[122.57222572225726,37.31775729710424],[122.58662586625866,37.180613024255265],[122.51462514625149,37.13721293791065],[122.44622446224463,37.06777279975927],[122.48582485824858,37.022636709960864],[122.52182521825222,37.00180466851545],[122.51822518225185,36.94625255799434],[122.45702457024572,36.915004495826224],[122.34182341823418,36.83167633004457],[122.27342273422738,36.83341233349836],[122.2410224102241,36.84903636458242],[122.21942219422198,36.880284426750535],[122.20502205022052,36.92715652000271],[122.16182161821621,36.95840458217084],[122.05022050220504,36.97055660634733],[121.93141931419314,36.96014058562463],[121.6686166861669,36.836884340405916],[121.41301413014133,36.737932143540206],[121.14301143011431,36.6598119881199],[121.05301053010533,36.611203891413936],[120.98820988209883,36.59731586378365],[120.88020880208802,36.63550793976691],[120.81180811808122,36.63203593285934],[120.79740797407976,36.607731884506364],[120.88380883808838,36.538291746354986],[120.90540905409057,36.484475639287666],[120.89460894608948,36.44454755985062],[120.8478084780848,36.42545152185899],[120.77580775807758,36.456699584027106],[120.71100711007114,36.41329949768249],[120.68220682206822,36.34038735262354],[120.68220682206822,36.16852301069888],[120.63900639006391,36.130330934715616],[120.52020520205201,36.1094988932702],[120.39420394203944,36.053946782749094],[120.34740347403476,36.07998683455587],[120.32940329403294,36.1094988932702],[120.3438034380344,36.18935505214429],[120.32940329403294,36.227547128127554],[120.27180271802717,36.22581112467377],[120.18180181801819,36.203243079774566],[120.11700117001169,36.149426972707246],[120.09540095400956,36.11817891053913],[120.18180181801819,36.01749071021962],[120.26460264602645,36.00707468949692],[120.28620286202863,35.984506644597715],[120.21780217802177,35.93416254443797],[120.05580055800561,35.86125039937902],[120.0270002700027,35.79875427504277],[119.98019980199803,35.73973015761409],[119.91179911799117,35.692858064361914],[119.86499864998649,35.64424996765594],[119.81099810998109,35.61820991584918],[119.7209972099721,35.58869785713483],[119.60939609396092,35.47064962227749],[119.52659526595266,35.357809397781494],[119.42939429394295,35.30225728726039],[119.35379353793542,35.11303291079787],[119.2169921699217,35.012344710478374],[119.16659166591666,34.84916038582263],[119.2025920259203,34.74847218550312],[119.35019350193505,34.750208188956904],[119.42579425794258,34.71375211642743],[119.58419584195843,34.5818158539398],[119.77139771397714,34.496751684704364],[119.9621996219962,34.4481435879984],[120.19980199802,34.32488734277969],[120.26820268202681,34.27454324261994],[120.32220322203221,34.16864703193909],[120.42660426604266,33.86658243098057],[120.49860498604988,33.7172861339551],[120.50580505805061,33.63742997508102],[120.61740617406173,33.48986968150933],[120.73620736207363,33.23641317725679],[120.86940869408693,33.015940738626156],[120.89820898208984,32.84407639670148],[120.85140851408516,32.76422023782739],[120.85500855008553,32.661796034054106],[120.98820988209883,32.56631584409595],[121.29421294212943,32.45694762650753],[121.34101341013411,32.42569956433941],[121.40221402214024,32.37188345727209],[121.40221402214024,32.20696312916256],[121.44901449014492,32.15314702209524],[121.49221492214923,32.12189895992712],[121.67581675816757,32.050722818321944],[121.75141751417516,31.993434704347067],[121.83421834218342,31.8996905178427],[121.8558185581856,31.816362352061034],[121.8666186661867,31.703522127565037],[121.76221762217625,31.70005012065748],[121.67941679416793,31.712202144833967],[121.3518135181352,31.858026434951867],[121.26541265412658,31.863234445313225],[121.14661146611468,31.84240240386781],[120.97380973809737,31.870178459128354],[120.79020790207903,32.03162678033031],[120.6606066060661,32.08023487703629],[120.52020520205201,32.10627492884305],[120.18540185401855,31.965658649086507],[120.09900099000993,31.976074669809208],[120.07380073800738,31.96045063872515],[120.03420034200343,31.936146590372175],[120.19260192601928,31.90663453165783],[120.34740347403476,31.951770621456234],[120.49860498604988,32.019474756153826],[120.71460714607144,31.98301868362435],[120.75060750607508,31.922258562741888],[120.78660786607867,31.819834358968606],[120.93780937809379,31.750394220817228],[121.05661056610569,31.719146158649096],[121.20421204212045,31.6288739790523],[121.3518135181352,31.484785692388186],[121.66141661416617,31.319865364278655],[121.78741787417874,31.163625053438054],[121.83421834218342,31.061200849664758],[121.87741877418773,30.917112563000643],[121.76941769417698,30.870240469748467],[121.67581675816757,30.863296455933323],[121.52821528215281,30.84072841103412],[121.420214202142,30.790384310874373],[121.30861308613089,30.700112131277578],[120.99900999009992,30.55775984806725],[120.93780937809379,30.46922367192424],[120.89820898208984,30.392839519957718],[120.82260822608225,30.354647443974457],[120.62820628206282,30.391103516503932],[120.44820448204484,30.38763150959636],[120.24660246602468,30.283471302369293],[120.19620196201964,30.24180721947846],[120.22860228602286,30.248751233293603],[120.26100261002614,30.262639260923876],[120.35100351003513,30.247015229839818],[120.49500495004952,30.302567340360923],[120.63180631806318,30.132439001890035],[120.90540905409057,30.160215057150594],[121.16101161011613,30.302567340360923],[121.25821258212585,30.30430334381471],[121.34101341013411,30.281735298915507],[121.4310143101431,30.2261831883944],[121.67941679416793,29.97967069795699],[121.81261812618129,29.951894642696445],[121.94581945819459,29.894606528721553],[122.01782017820182,29.88766251490641],[122.08262082620826,29.870302480368565],[121.90621906219064,29.78003030077177],[121.67581675816757,29.58386191049412],[121.57501575015749,29.536989817241945],[121.50661506615069,29.484909713628397],[121.69021690216903,29.51094976543517],[121.82341823418233,29.604693951939538],[121.88821888218882,29.62726199683874],[121.94221942219423,29.606429955393324],[121.96741967419678,29.490117723989755],[121.91701917019174,29.13423701596392],[121.85221852218524,29.129029005602575],[121.79101791017911,29.2262451990145],[121.71901719017194,29.255757257728845],[121.65421654216544,29.236661219737215],[121.53541535415354,29.236661219737215],[121.48861488614887,29.193261133392596],[121.44901449014492,29.13076500905636],[121.52101521015209,29.11861298487986],[121.66501665016654,29.01098077074522],[121.67941679416793,28.95369265677033],[121.63981639816399,28.915500580787068],[121.5390153901539,28.93112461187114],[121.66141661416617,28.851268452997047],[121.6290162901629,28.76794028721538],[121.58941589415895,28.734956221593478],[121.51741517415178,28.714124180148062],[121.47421474214741,28.64121203508911],[121.5390153901539,28.521427796777985],[121.6038160381604,28.366923489391155],[121.61101611016113,28.29227534087842],[121.51021510215105,28.32352340304655],[121.35541355413557,28.229779216542184],[121.27261272612725,28.22283520272704],[121.21501215012154,28.34609144794574],[121.14661146611468,28.326995409954122],[121.09981099811,28.290539337424647],[121.0350103501035,28.156867071483234],[120.95940959409597,28.037082833172093],[120.89100891008911,28.00409876755019],[120.81180811808122,28.01277878481912],[120.74700747007472,28.009306777911547],[120.76500765007648,27.97805871574343],[120.83340833408334,27.938130636306383],[120.83340833408334,27.891258543054192],[120.68580685806859,27.745434252936292],[120.6606066060661,27.6881461389614],[120.6642066420664,27.639538042255438],[120.58860588605887,27.58051392482676],[120.62820628206282,27.48156172796105],[120.60660606606069,27.412121589809658],[120.53820538205383,27.318377403305306],[120.46980469804697,27.255881278969056],[120.38340383403835,27.155193078649546],[120.2790027900279,27.09790496467467],[120.13860138601387,26.886112543312947],[120.09900099000993,26.780216332632094],[120.08820088200883,26.67084811504367],[120.04140041400416,26.634392042514193],[119.96939969399693,26.585783945808217],[119.88299882998831,26.610087994161205],[119.87939879398795,26.683000139220155],[119.84339843398436,26.6899441530353],[119.82179821798218,26.736816246287475],[119.81459814598145,26.79757636716994],[119.82539825398254,26.8461844638759],[119.78939789397896,26.832296436245628],[119.76779767797677,26.775008322270736],[119.710197101971,26.72813622901856],[119.6525965259653,26.74723226701019],[119.5877958779588,26.78542434299345],[119.59139591395916,26.729872232472346],[119.62379623796238,26.676056125405026],[119.63819638196384,26.62050401488392],[119.72459724597246,26.610087994161205],[119.7857978579786,26.545855866371184],[119.83259832598327,26.45037567641303],[119.839798397984,26.413919603883556],[119.87579875798758,26.370519517538938],[119.87939879398795,26.334063445009463],[119.79659796597969,26.299343375933773],[119.69219692196924,26.23684725159754],[119.56619566195661,26.1274790340091],[119.46179461794617,26.05456688895015],[119.36819368193682,26.05456688895015],[119.31419314193141,26.063246906219078],[119.23139231392315,26.10491098910991],[119.1377913779138,26.122271023647755],[119.26379263792637,25.97471073007607],[119.33219332193323,25.948670678269295],[119.41859418594186,25.953878688630653],[119.50139501395017,26.009430799151758],[119.62019620196202,26.0042227887904],[119.64899648996493,25.919158619554963],[119.61659616596165,25.82367842959681],[119.55179551795521,25.698686180924327],[119.54099540995412,25.591053966789687],[119.62019620196202,25.438285662856643],[119.62379623796238,25.391413569604467],[119.59139591395916,25.368845524705264],[119.49779497794981,25.40877360414231],[119.42219422194222,25.45911770430206],[119.34299342993432,25.446965680125572],[119.26379263792637,25.467797721570975],[119.18099180991811,25.45043768703313],[119.14499144991453,25.413981614503655],[119.17019170191702,25.35495749707499],[119.24219242192424,25.306349400369015],[119.28539285392856,25.23170125185628],[119.23499234992352,25.20566120004952],[119.02619026190263,25.223021234587364],[118.97578975789759,25.20913320695709],[118.91458914589145,25.12754104462921],[118.9541895418954,25.004284799410513],[118.90738907389073,24.929636650897777],[118.8209882098821,24.910540612906146],[118.70578705787057,24.849780492023683],[118.63738637386376,24.83589246439341],[118.64098640986413,24.809852412586636],[118.69138691386917,24.78207635732609],[118.72018720187202,24.745620284796615],[118.65538655386553,24.62062803612413],[118.56178561785617,24.580699956687084],[118.41058410584105,24.6015319981325],[118.29538295382957,24.572019939418155],[118.1945819458195,24.625836046485475],[118.08658086580868,24.62757204993926],[118.01458014580146,24.559867915241668],[118.00738007380073,24.48174775982136],[117.93537935379356,24.47480374600623],[117.89577895778962,24.480011756367574],[117.84177841778421,24.47480374600623],[117.84897848978488,24.433139663115398],[117.8777787777878,24.396683590585923],[118.02538025380255,24.379323556048078],[118.05058050580504,24.327243452434544],[118.05778057780577,24.245651290106665],[117.90297902979029,24.106771013803908],[117.83817838178385,24.01302682729954],[117.74097740977413,24.014762830753327],[117.66897668976691,23.94011468224059],[117.62937629376296,23.83595447501351],[117.57897578975792,23.856786516458925],[117.46737467374675,23.841162485374866],[117.43137431374316,23.792554388668904],[117.46017460174602,23.771722347223488],[117.46377463774638,23.7370022781478],[117.4169741697417,23.62069004674423],[117.36657366573667,23.589441984576112],[117.34497344973448,23.63631407782829],[117.33057330573308,23.70922622288724],[117.29097290972913,23.714434233248596],[117.22617226172264,23.646730098551004],[117.14697146971469,23.598122001845027],[117.08217082170825,23.57902596385341],[117.0317703177032,23.6241620536518],[116.90936909369094,23.646730098551004],[116.86256862568627,23.452297711727127],[116.75816758167582,23.38285757357575],[116.71136711367114,23.360289528676546],[116.62856628566288,23.353345514861417],[116.68256682566829,23.327305463054643],[116.70056700567005,23.276961362894895],[116.66816668166683,23.228353266188932],[116.58536585365857,23.217937245466217],[116.53856538565384,23.179745169482956],[116.52056520565208,23.00614482410451],[116.47016470164704,22.945384703222047],[116.34416344163441,22.941912696314475],[116.25056250562506,22.98184077575152],[116.2217622176222,22.94885671012962],[116.20736207362074,22.919344651415273],[116.1569615696157,22.888096589247155],[116.06336063360635,22.87941657197824],[115.8509585095851,22.801296416557932],[115.75735757357575,22.823864461457134],[115.64215642156421,22.853376520171466],[115.55935559355595,22.823864461457134],[115.5341553415534,22.764840344028457],[115.49815498154982,22.719704254230052],[115.38295382953828,22.719704254230052],[115.28935289352893,22.775256364751158],[115.19575195751958,22.81692044764199],[115.09135091350913,22.7822003785663],[115.01215012150124,22.70928823350735],[114.91494914949152,22.684984185154363],[114.8969489694897,22.639848095355973],[114.85374853748539,22.61728005045677],[114.74934749347494,22.625960067725686],[114.709747097471,22.738800292221683],[114.65214652146523,22.75442432330574],[114.59454594545946,22.69887221278465],[114.57294572945733,22.653736122986246],[114.54414544145442,22.620752057364342],[114.55494554945551,22.52874387431376],[114.49734497344974,22.527007870859975],[114.42174421744221,22.58255998138108],[114.3389433894339,22.592976002103782],[114.26694266942673,22.54089589849025],[114.22734227342272,22.55478392612052],[114.18774187741877,22.565199946843236],[114.12294122941228,22.565199946843236],[114.09774097740979,22.551311919212964],[114.05094050940511,22.542631901944034],[114.01854018540189,22.51485584668349],[114.01494014940153,22.511383839775917],[113.93213932139321,22.530479877767547],[113.82773827738276,22.60686402973407],[113.7557375573756,22.73359228186034],[113.66213662136624,22.801296416557932],[113.61893618936193,22.862056537440395],[113.60453604536048,22.969688751575035],[113.58653586535866,23.020032851734783],[113.59373593735938,23.077320965709674],[113.61893618936193,23.127665065869422],[113.51813518135185,23.101625014062662],[113.44613446134463,23.054752920810472],[113.46053460534608,22.995728803381795],[113.44253442534426,22.94017669286069],[113.33093330933309,22.912400637600143],[113.33813338133382,22.888096589247155],[113.34533345333455,22.86379254089418],[113.43173431734317,22.789144392381445],[113.44973449734499,22.726648268045196],[113.48573485734858,22.691928198969507],[113.55413554135544,22.594712005557568],[113.55053550535507,22.403751625641277],[113.59013590135902,22.349935518573957],[113.57573575735756,22.29785541496041],[113.55053550535507,22.22494326990146],[113.54693546935471,22.22494326990146],[113.52533525335252,22.245775311346875],[113.4929349293493,22.242303304439304],[113.48213482134821,22.21799925608633],[113.47853478534785,22.195431211187127],[113.47493474934748,22.19369520773334],[113.41733417334177,22.178071176649283],[113.36693366933673,22.16418314901901],[113.32733327333273,22.14508711102738],[113.26613266132665,22.089535000506274],[113.14733147331475,22.075646972876],[113.08973089730898,22.207583235363614],[113.00693006930072,22.119047059220605],[112.98532985329854,21.938502700027016],[112.95292952929532,21.907254637858898],[112.90252902529028,21.881214586052124],[112.80892808928093,21.94544671384216],[112.72612726127261,21.90204662749754],[112.66132661326617,21.858646541152922],[112.63252632526326,21.82045446516966],[112.58572585725858,21.777054378825056],[112.49572495724959,21.81871846171589],[112.420124201242,21.881214586052124],[112.43812438124382,21.928086679304315],[112.4309243092431,21.957598738018646],[112.39492394923951,21.981902786371634],[112.35892358923593,21.978430779464063],[112.37692376923769,21.9176706585816],[112.39132391323915,21.80135842717803],[112.35532355323556,21.768374361556127],[112.30492304923052,21.742334309749367],[112.19332193321935,21.763166351194783],[112.11772117721176,21.806566437539388],[112.02412024120241,21.843022510068863],[111.94491944919451,21.849966523884007],[111.9269192691927,21.777054378825056],[111.87291872918729,21.716294257942593],[111.82611826118261,21.70935024412745],[111.77571775717757,21.719766264850165],[111.71091710917108,21.65553413706013],[111.68211682116822,21.608662043807954],[111.60291602916033,21.558317943648206],[111.39411394113944,21.535749898749003],[111.31851318513185,21.485405798589255],[111.22131221312213,21.49408581585817],[111.1457114571146,21.481933791681683],[111.09891098910992,21.485405798589255],[111.06291062910628,21.511445850396015],[111.01611016110161,21.511445850396015],[110.99810998109984,21.42985368806815],[110.87930879308794,21.39513361899246],[110.77130771307714,21.38645360172353],[110.65250652506523,21.27882138758889],[110.56610566105661,21.214589259798856],[110.50490504905048,21.207645245983727],[110.4581045810458,21.23021329088293],[110.43290432904331,21.327429484294854],[110.41130411304113,21.33784550501757],[110.39690396903973,21.247573325420774],[110.37530375303754,21.172925176908038],[110.33210332103323,21.131261094017205],[110.19530195301957,21.03751690751284],[110.15570155701556,20.94377272100847],[110.18090180901811,20.858708551773034],[110.36450364503645,20.837876510327618],[110.389703897039,20.791004417075442],[110.37170371703718,20.75281234109218],[110.3249032490325,20.719828275470263],[110.31410314103141,20.6712201787643],[110.5121051210512,20.518451874831257],[110.51930519305193,20.459427757402594],[110.48690486904871,20.426443691780676],[110.45090450904507,20.355267550175512],[110.34650346503469,20.294507429293063],[110.12330123301234,20.26325936712493],[109.939699396994,20.294507429293063],[109.88209882098823,20.36394756744444],[109.8856988569886,20.412555664150403],[109.93249932499327,20.39866763652013],[109.98289982899831,20.403875646881488],[109.96849968499686,20.44901173667988],[109.94689946899467,20.475051788486653],[109.86049860498605,20.5149798679237],[109.79209792097924,20.62261208205834],[109.80649806498064,20.711148258201348],[109.7668976689767,20.780588396352726],[109.72729727297275,20.839612513781404],[109.68409684096844,20.874332582857093],[109.66249662496625,20.917732669201712],[109.70569705697056,21.053140938596897],[109.68049680496807,21.131261094017205],[109.75969759697597,21.228477287429143],[109.78129781297815,21.33784550501757],[109.92169921699218,21.37603758100083],[109.93249932499327,21.480197788227898],[109.82809828098283,21.48366979513547],[109.75969759697597,21.56005394710199],[109.7416974169742,21.52880588493386],[109.6876968769688,21.525333878026302],[109.59409594095939,21.671158168144203],[109.56529565295654,21.690254206135833],[109.52209522095222,21.69372621304339],[109.54369543695441,21.53748590220279],[109.4356943569436,21.480197788227898],[109.34569345693455,21.454157736421124],[109.21969219692198,21.443741715698422],[109.14769147691476,21.426381681160578],[109.08289082890832,21.44026970879085],[109.09729097290972,21.48714180204304],[109.13329133291336,21.54442991601792],[109.10089100891008,21.59130200927011],[109.02889028890291,21.626022078345798],[108.9208892088921,21.624286074892012],[108.84528845288452,21.634702095614728],[108.77328773287735,21.631230088707156],[108.74448744487444,21.652062130152572],[108.67608676086763,21.724974275211522],[108.6148861488615,21.770110365009913],[108.58968589685895,21.815246454808317],[108.6148861488615,21.869062561875637],[108.59328593285932,21.900310624043755],[108.47808478084784,21.903782630951326],[108.4816848168482,21.82913448243859],[108.49248492484924,21.738862302841795],[108.52488524885251,21.671158168144203],[108.50328503285033,21.63296609216094],[108.44568445684456,21.606926040354168],[108.38448384483848,21.679838185413118],[108.35568355683557,21.697198219950963],[108.32328323283235,21.69372621304339],[108.30168301683017,21.622550071438226],[108.24768247682476,21.558317943648206],[108.14688146881468,21.565261957463335],[108.06768067680679,21.525333878026302],[107.97407974079744,21.507973843488443]]],[[[110.89010890108904,19.992442828334546],[110.93690936909371,19.947306738536156],[110.96930969309693,19.88307461074612],[110.99810998109984,19.76502637588878],[111.01251012510124,19.655658158300355],[110.91170911709116,19.586218020148962],[110.82170821708218,19.558441964888416],[110.6417064170642,19.29109743300559],[110.6021060210602,19.207769267223938],[110.57330573305734,19.171313194694463],[110.56250562505625,19.134857122164988],[110.56610566105661,19.098401049635513],[110.51930519305193,18.969936794055457],[110.47610476104762,18.81196047976107],[110.45090450904507,18.747728351971034],[110.40050400504003,18.699120255265072],[110.33210332103323,18.673080203458298],[110.29250292502928,18.669608196550726],[110.25290252902528,18.655720168920453],[110.15570155701556,18.570655999685016],[110.04770047700475,18.504687868441195],[110.06570065700657,18.475175809726863],[110.06570065700657,18.447399754466304],[110.0189001890019,18.416151692298186],[109.96849968499686,18.421359702659544],[109.81729817298174,18.397055654306556],[109.75969759697597,18.348447557600593],[109.7020970209702,18.259911381457584],[109.68049680496807,18.247759357281083],[109.59049590495908,18.226927315835667],[109.51849518495186,18.21824729856675],[109.39969399693996,18.280743422903],[109.34209342093425,18.299839460894617],[109.1836918369184,18.32587951270139],[109.02889028890291,18.367543595592224],[108.9208892088921,18.416151692298186],[108.70128701287013,18.535935930609327],[108.67608676086763,18.74946435542482],[108.63648636486369,18.86577658682839],[108.63648636486369,18.907440669719207],[108.65088650886509,19.26505738119883],[108.66528665286654,19.30324945718209],[108.6940869408694,19.33796952625778],[108.79128791287911,19.41782568513186],[108.90288902889029,19.482057812921894],[109.06129061290613,19.613994075409522],[109.18009180091804,19.67475419629197],[109.27729277292775,19.76155436898121],[109.21969219692198,19.758082362073637],[109.17649176491767,19.768498382796338],[109.21969219692198,19.843146531309074],[109.2628926289263,19.88307461074612],[109.31329313293134,19.903906652191537],[109.41769417694178,19.88828262110748],[109.5148951489515,19.903906652191537],[109.58329583295836,19.969874783435344],[109.65169651696516,19.98376281106563],[109.90729907299072,19.962930769620215],[110.0837008370084,19.992442828334546],[110.17010170101702,20.05320294921701],[110.21330213302133,20.05667495612458],[110.34290342903432,20.039314921586737],[110.39330393303936,19.9750827937967],[110.389703897039,20.01848288014132],[110.39330393303936,20.058410959578367],[110.41850418504185,20.054938952670796],[110.5877058770588,19.976818797250488],[110.5877058770588,20.07229898720864],[110.59850598505989,20.0983390390154],[110.65250652506523,20.138267118452447],[110.67770677706778,20.13653111499866],[110.74610746107464,20.06014696303214],[110.80730807308072,20.01501087323375],[110.89010890108904,19.992442828334546]]]]}},{"type":"Feature","id":"116","properties":{"name":"Cambodia","code":"KH","label":[104.90503974863627,12.719469421212631]},"geometry":{"type":"MultiPolygon","coordinates":[[[[103.0456304563046,11.284649504151304],[103.02763027630277,11.275969486882389],[103.00963009630095,11.275969486882389],[102.99162991629919,11.289857514512661],[102.99522995229955,11.348881631941339],[103.00603006030059,11.383601701017028],[103.03843038430387,11.390545714832157],[103.0456304563046,11.284649504151304]]],[[[103.31923319233192,10.718712378217546],[103.27963279632797,10.680520302234285],[103.2220322203222,10.760376461108379],[103.2220322203222,10.781208502553795],[103.31923319233192,10.718712378217546]]],[[[107.52047520475207,14.704576308106851],[107.53487534875347,14.650760201039532],[107.49167491674916,14.54659999381245],[107.44847448474485,14.451119803854297],[107.36567365673659,14.369527641526432],[107.36207362073623,14.307031517190183],[107.329673296733,14.126487157996593],[107.3440734407344,14.069199044021701],[107.36207362073623,14.018854943861953],[107.39087390873908,13.99281489205518],[107.4628746287463,13.815742539769161],[107.5276752767528,13.654294218567202],[107.59247592475924,13.522357956079574],[107.6068760687607,13.437293786844137],[107.54567545675457,13.225501365482415],[107.4736747367474,13.031068978658553],[107.48087480874807,12.933852785246614],[107.51327513275135,12.834900588380904],[107.5420754207542,12.706436332800848],[107.55647556475566,12.539780001237531],[107.53847538475384,12.432147787102892],[107.50607506075062,12.364443652405285],[107.44487444874449,12.295003514253906],[107.39447394473945,12.260283445178217],[107.329673296733,12.319307562606895],[107.27927279272797,12.32104356606068],[107.2108721087211,12.303683531522836],[107.16047160471607,12.277643479716062],[107.05247052470526,12.17521927594278],[106.93006930069299,12.078003082530842],[106.76446764467647,12.051963030724067],[106.69966699666998,11.979050885665117],[106.63126631266312,11.968634864942416],[106.49806498064981,11.965162858034844],[106.41526415264156,11.947802823497],[106.41886418864192,11.911346750967525],[106.41166411664119,11.737746405589064],[106.41166411664119,11.697818326152031],[106.4008640086401,11.687402305429316],[106.33966339663397,11.682194295067958],[106.23886238862389,11.708234346874733],[106.10206102061022,11.751634433219351],[106.0048600486005,11.75857844703448],[105.95445954459547,11.682194295067958],[105.92565925659255,11.652682236353627],[105.88965889658897,11.649210229446055],[105.85005850058502,11.635322201815782],[105.83925839258393,11.600602132740093],[105.83565835658356,11.55893804984926],[105.85365853658539,11.487761908244096],[105.86085860858611,11.373185680294313],[105.85725857258575,11.295065524874019],[105.89325893258933,11.244721424714257],[106.09846098460986,11.07806509315094],[106.15966159661599,11.036401010260121],[106.16686166861672,11.012096961907133],[106.13086130861308,10.921824782310338],[106.16326163261635,10.795096530184068],[106.09846098460986,10.796832533637854],[105.99045990459905,10.85238464415896],[105.93645936459365,10.885368709780863],[105.87525875258751,10.859328657974089],[105.85365853658539,10.86280066488166],[105.81045810458107,10.92529678921791],[105.75645756457567,10.98952891700793],[105.6988569885699,10.994736927369289],[105.57645576455764,10.968696875562514],[105.45405454054543,10.95133684102467],[105.40725407254075,10.95133684102467],[105.38565385653857,10.940920820301969],[105.3136531365314,10.845440630343816],[105.28485284852849,10.861064661427875],[105.15885158851592,10.89752073395735],[105.04725047250474,10.911408761587637],[105.0220502205022,10.887104713234649],[105.03645036450365,10.808984557814341],[105.0616506165062,10.734336409301605],[105.04725047250474,10.701352343679702],[104.98244982449825,10.661424264242655],[104.89964899648999,10.59024812263749],[104.84924849248495,10.534696012116385],[104.81684816848167,10.520807984486112],[104.6908469084691,10.522543987939898],[104.56484564845647,10.515599974124754],[104.51444514445143,10.46351987051122],[104.46764467644675,10.421855787620387],[104.4280442804428,10.411439766897686],[104.26244262442623,10.541640025931528],[103.93843938439386,10.586776115729919],[103.90243902439028,10.64406422970481],[103.870038700387,10.654480250427525],[103.84123841238414,10.57983210191479],[103.66123661236611,10.50865596030961],[103.58563585635858,10.55205604665423],[103.53163531635317,10.604136150267763],[103.5388353883539,10.668368278057798],[103.5928359283593,10.720448381671332],[103.67923679236793,10.758640457654593],[103.72243722437224,10.89057672014222],[103.65403654036544,11.05896905515931],[103.59643596435967,11.107577151865286],[103.53163531635317,11.147505231302333],[103.46683466834668,11.083273103512298],[103.41283412834127,10.977376892831444],[103.3552335523355,10.921824782310338],[103.27243272432725,10.909672758133851],[103.15363153631534,10.913144765041409],[103.10683106831067,11.074593086243382],[103.09243092430927,11.211737359092353],[103.10683106831067,11.36797766993297],[103.12483124831249,11.45998585298355],[103.00963009630095,11.588450108563606],[103.00243002430028,11.709970350328518],[102.94842948429488,11.77420247811854],[102.93402934029342,11.741218412496636],[102.93402934029342,11.706498343420947],[102.91962919629196,11.73253839522772],[102.73602736027362,12.090155106707329],[102.70722707227071,12.25507543481686],[102.73602736027362,12.383539690396915],[102.75402754027539,12.426939776741534],[102.70362703627035,12.492907907985341],[102.62802628026282,12.569292059951863],[102.49842498424988,12.669980260271373],[102.49122491224915,12.82795657456576],[102.46242462424624,13.015444947574494],[102.42282422824229,13.077941071910729],[102.36162361623616,13.192517299860512],[102.32922329223294,13.287997489818665],[102.31842318423185,13.539717990617419],[102.33642336423367,13.560550032062835],[102.43002430024302,13.567494045877979],[102.54522545225456,13.584854080415823],[102.56682566825668,13.626518163306642],[102.54522545225456,13.65950222892856],[102.62082620826209,13.716790342903437],[102.7288272882729,13.841782591575935],[102.81162811628116,13.971982850609777],[102.87282872828729,14.055311016391428],[102.90882908829087,14.136903178719308],[103.03123031230314,14.253215410122863],[103.20043200432008,14.333071568996957],[103.3120331203312,14.352167606988587],[103.4308343083431,14.378207658795347],[103.54603546035463,14.418135738232394],[103.60003600036003,14.421607745139966],[103.74043740437406,14.37473565188779],[103.81963819638196,14.362583627711288],[103.89883898838991,14.362583627711288],[103.98163981639817,14.357375617349945],[104.0536405364054,14.362583627711288],[104.22644226442264,14.395567693333192],[104.41004410044104,14.369527641526432],[104.57564575645756,14.390359682971848],[104.77724777247772,14.428551758955109],[104.8780487804878,14.404247710602121],[104.96804968049679,14.36605563461886],[104.98244982449825,14.289671482652338],[105.00405004050043,14.254951413576649],[105.03285032850329,14.227175358316103],[105.07245072450723,14.227175358316103],[105.12645126451264,14.280991465383423],[105.16965169651695,14.336543575904528],[105.1840518405184,14.34695959662723],[105.1840518405184,14.319183541366684],[105.20565205652059,14.260159423938006],[105.24525245252454,14.201135306509329],[105.28485284852849,14.161207227072282],[105.34965349653498,14.109127123458748],[105.3928539285393,14.107391120004962],[105.53325533255332,14.155999216710939],[105.73845738457385,14.08482307510576],[105.7636576365764,14.048367002576285],[105.8320583205832,13.97719086097112],[105.90405904059043,13.925110757357587],[106.06606066060664,13.921638750450015],[106.12366123661235,14.048367002576285],[106.09846098460986,14.126487157996593],[106.0048600486005,14.263631430845578],[105.97965979659796,14.343487589719658],[106.00846008460087,14.357375617349945],[106.16686166861672,14.372999648434003],[106.19206192061921,14.388623679518062],[106.22446224462243,14.475423852207285],[106.2676626766268,14.46674383493837],[106.35406354063542,14.454591810761869],[106.44766447664477,14.515351931644332],[106.50166501665018,14.577848055980581],[106.53046530465303,14.550072000720021],[106.56286562865631,14.504935910921617],[106.5988659886599,14.478895859114857],[106.66366663666639,14.440703783131596],[106.73926739267392,14.386887676064276],[106.78246782467824,14.334807572450742],[106.81846818468188,14.313975531005326],[106.91206912069123,14.329599562089385],[106.93726937269372,14.327863558635599],[106.99126991269912,14.390359682971848],[107.03087030870307,14.425079752047537],[107.06327063270635,14.416399734778608],[107.11007110071102,14.416399734778608],[107.20727207272074,14.497991897106488],[107.26127261272615,14.572640045619224],[107.29367293672937,14.591736083610854],[107.38007380073805,14.55528001108138],[107.41607416074163,14.562224024896508],[107.46647466474667,14.664648228669805],[107.52047520475207,14.704576308106851]]]]}},{"type":"Feature","id":"104","properties":{"name":"Myanmar","code":"MM","label":[96.4948357870705,21.112967832007413]},"geometry":{"type":"MultiPolygon","coordinates":[[[[100.12240122401226,20.31707547419225],[100.00360003600036,20.3795715985285],[99.95319953199532,20.416027671057975],[99.89199891998919,20.424707688326905],[99.82359823598239,20.384779608889858],[99.77319773197735,20.34137952254524],[99.71919719197194,20.32575549146118],[99.63999639996399,20.320547481099823],[99.53199531995318,20.343115525999025],[99.45999459994601,20.362211563990655],[99.44919449194492,20.351795543267954],[99.48879488794887,20.259787360217373],[99.50319503195033,20.188611218612195],[99.4851948519485,20.150419142628948],[99.45279452794529,20.119171080460816],[99.39879398793988,20.093131028654057],[99.33759337593375,20.07924300102377],[99.28359283592835,20.080979004477555],[99.19719197191972,20.115699073553245],[99.13239132391323,20.11743507700703],[99.07479074790751,20.100075042469186],[99.03879038790387,20.074034990662426],[99.02079020790211,20.041050925040523],[98.98838988389883,19.862242569300705],[98.95958959589598,19.804954455325813],[98.91638916389167,19.773706393157696],[98.87678876788766,19.770234386250124],[98.81918819188195,19.778914403519053],[98.76158761587618,19.770234386250124],[98.49518495184952,19.700794248098745],[98.45558455584558,19.6938502342836],[98.37278372783732,19.68864222392226],[98.29358293582936,19.686906220468472],[98.23958239582396,19.690378227376044],[98.10998109981102,19.76155436898121],[98.04878048780489,19.770234386250124],[98.01638016380167,19.749402344804707],[97.99117991179912,19.65392215484657],[97.91557915579159,19.593162033964106],[97.81837818378187,19.459489768022692],[97.79317793177933,19.26505738119883],[97.80397803978042,19.12964911180363],[97.71397713977143,18.99597684586223],[97.7067770677707,18.931744718072196],[97.75357753577538,18.621000099844764],[97.74637746377465,18.58801603422286],[97.72837728377283,18.572392003138802],[97.67077670776706,18.561975982416087],[97.57717577175771,18.528991916794183],[97.51597515975163,18.497743854626066],[97.48357483574836,18.494271847718494],[97.39717397173973,18.516839892617696],[97.37557375573755,18.518575896071482],[97.37917379173791,18.494271847718494],[97.45117451174514,18.358863578323295],[97.5231752317523,18.29636745398706],[97.5987759877599,18.30331146780219],[97.63117631176311,18.291159443625702],[97.62397623976238,18.2581753780038],[97.6527765277653,18.173111208768347],[97.7211772117721,18.037702939373162],[97.73917739177392,17.935278735599866],[97.69957699576997,17.832854531826584],[97.7067770677707,17.79639845929711],[97.72837728377283,17.775566417851692],[97.79317793177933,17.681822231347326],[97.92997929979299,17.532525934321853],[98.06318063180635,17.37281361657368],[98.17478174781746,17.239141350632266],[98.25758257582578,17.147133167581686],[98.43758437584376,16.975268825657025],[98.46998469984703,16.89541266678293],[98.4771847718477,16.732228342127186],[98.52398523985244,16.63848415562282],[98.56358563585638,16.570780020925227],[98.59238592385924,16.51522791040412],[98.6607866078661,16.33121154430296],[98.68958689586896,16.305171492496186],[98.83718837188371,16.418011716992183],[98.86958869588699,16.393707668639195],[98.88758887588875,16.352043585748376],[98.88758887588875,16.298227478681056],[98.86598865988663,16.237467357798593],[98.81918819188195,16.1801792438237],[98.59238592385924,16.04997898478986],[98.57438574385748,15.938874763747648],[98.55998559985602,15.768746425276774],[98.55278552785529,15.560426010822624],[98.56358563585638,15.404185699982008],[98.55638556385566,15.367729627452533],[98.53838538385384,15.350369592914689],[98.45198451984521,15.357313606729832],[98.32958329583295,15.279193451309524],[98.28638286382863,15.272249437494395],[98.23238232382323,15.241001375326263],[98.19278192781928,15.204545302796788],[98.17838178381783,15.147257188821897],[98.20358203582038,14.975392846897236],[98.24678246782469,14.813944525695277],[98.33318333183331,14.695896290837922],[98.40158401584017,14.602152104333555],[98.49518495184952,14.4736878487535],[98.57078570785711,14.359111620803716],[98.72198721987223,14.235855375585018],[98.93438934389343,14.05010300603007],[99.01359013590138,13.947678802256789],[99.08559085590855,13.822686553584305],[99.13599135991359,13.716790342903437],[99.15759157591577,13.576174063146894],[99.17199171991723,13.496317904272814],[99.1755917559176,13.232445379297559],[99.13599135991359,13.173421261868882],[99.10719107191073,13.103981123717503],[99.12519125191255,13.031068978658553],[99.17199171991723,12.961628840507174],[99.17199171991723,12.88177268163308],[99.2187921879219,12.739420398422752],[99.2979929799298,12.652620225733529],[99.37359373593739,12.593596108304851],[99.40599405994061,12.548460018506447],[99.39519395193952,12.47381186999371],[99.4167941679417,12.395691714573417],[99.4311943119431,12.30889154188418],[99.46359463594638,12.190843307026839],[99.52119521195215,12.090155106707329],[99.6147961479615,11.781146491933683],[99.61119611196114,11.749898429765565],[99.57159571595719,11.687402305429316],[99.51399513995142,11.630114191454425],[99.47799477994784,11.61275415691658],[99.4419944199442,11.553730039487903],[99.35919359193593,11.388809711378372],[99.189991899919,11.1058411484115],[99.02439024390247,10.920088778856552],[98.88758887588875,10.788152516368925],[98.78678786787867,10.708296357494845],[98.75798757987582,10.661424264242655],[98.75798757987582,10.623232188259394],[98.77598775987764,10.557264057015587],[98.76878768787691,10.430535804889317],[98.74718747187472,10.350679646015223],[98.71838718387187,10.265615476779786],[98.70398703987041,10.19096732826705],[98.65718657186574,10.178815304090548],[98.56358563585638,10.034727017426434],[98.52038520385207,10.107639162485384],[98.49518495184952,10.18228731099812],[98.52398523985244,10.352415649469009],[98.46638466384667,10.675312291872928],[98.50238502385025,10.718712378217546],[98.53478534785347,10.741280423116748],[98.59958599585997,10.864536668335447],[98.67518675186756,10.98605691010036],[98.68238682386823,11.133617203672046],[98.74358743587436,11.239513414352913],[98.7291872918729,11.329785593949708],[98.73278732787327,11.435681804630562],[98.74718747187472,11.520745973866],[98.739987399874,11.591922115471164],[98.79038790387904,11.664834260530114],[98.87678876788766,11.72038637105122],[98.84078840788408,11.73948240904285],[98.80478804788049,11.779410488479897],[98.69318693186932,11.718650367597434],[98.63558635586355,11.737746405589064],[98.62478624786252,11.8019785333791],[98.63918639186392,11.869682668076692],[98.64638646386464,11.909610747513739],[98.68958689586896,11.95648284076593],[98.68598685986859,12.046755020362724],[98.66438664386646,12.126611179236804],[98.69678696786968,12.225563376102528],[98.63198631986319,12.225563376102528],[98.59958599585997,12.244659414094158],[98.61758617586179,12.300211524615264],[98.67878678786786,12.348819621321226],[98.62478624786252,12.440827804371807],[98.66438664386646,12.539780001237531],[98.66438664386646,12.66303624645623],[98.63558635586355,12.77066846059087],[98.63558635586355,12.848788616011177],[98.5959859598596,12.985932888860148],[98.57438574385748,13.161269237692395],[98.4879848798488,13.293205500180022],[98.41958419584199,13.484165880096313],[98.24678246782469,13.734150377441296],[98.24678246782469,13.84004658812215],[98.23958239582396,13.933790774626516],[98.19998199982001,13.980662867878692],[98.14958149581497,13.647350204752058],[98.10998109981102,13.71331833599588],[98.09918099180993,13.899070705550827],[98.07398073980738,13.98587087824005],[98.09918099180993,14.161207227072282],[97.99837998379985,14.334807572450742],[97.97677976779767,14.461535824577012],[97.90837908379086,14.652496204493303],[97.92997929979299,14.695896290837922],[98.01998019980203,14.652496204493303],[97.93717937179372,14.763600425535515],[97.86877868778691,14.73929637718254],[97.81117811178115,14.859080615493667],[97.80037800378005,15.185449264805158],[97.74277742777429,15.306969506570084],[97.7751777517775,15.430225751788782],[97.71037710377107,15.876378639411413],[97.58437584375844,16.018730922621742],[97.60957609576099,16.143723171294226],[97.6419764197642,16.253091388882652],[97.63477634776348,16.45793979642923],[97.66357663576639,16.52043592076548],[97.72477724777247,16.56904401747144],[97.66717667176675,16.551683982933596],[97.62037620376202,16.537795955303324],[97.50517505175054,16.525643931126822],[97.37557375573755,16.52217192421925],[97.33237332373324,16.671468221244723],[97.26757267572674,16.742644362849887],[97.20997209972103,16.89194065987536],[97.17757177571775,17.06206899834625],[97.19917199171994,17.09505306396815],[97.10197101971022,17.16449320211953],[97.07317073170731,17.206157285010363],[96.96876968769686,17.317261506052574],[96.84996849968502,17.40058967183424],[96.87876878768787,17.341565554405562],[96.91116911169115,17.305109481876087],[96.84996849968502,17.20268527810279],[96.90756907569079,17.03082093617813],[96.85716857168575,16.921452718589705],[96.81036810368107,16.779100435379362],[96.7671676716767,16.709660297227984],[96.62316623166231,16.563836007110083],[96.50796507965083,16.513491906950335],[96.43236432364324,16.504811889681406],[96.36396363963638,16.52043592076548],[96.28116281162812,16.596820072731987],[96.2631626316263,16.659316197068236],[96.2487624876249,16.76521240774909],[96.21996219962199,16.78083643883315],[96.18756187561877,16.76868441465666],[96.23796237962381,16.631540141807676],[96.23796237962381,16.567308014017655],[96.32436324363243,16.444051768798957],[96.29196291962921,16.409331699723268],[96.13356133561336,16.343363568479447],[96.07956079560796,16.353779589202162],[96.04356043560438,16.339891561571875],[96.03276032760328,16.28433945105077],[96.0111601116011,16.253091388882652],[95.76275762757626,16.169763223101],[95.71235712357122,16.072547029689062],[95.679956799568,15.97706683973091],[95.55395553955543,15.838186563428152],[95.38835388353885,15.72361033547837],[95.3487534875349,15.728818345839727],[95.30195301953023,15.756594401100273],[95.3091530915309,15.879850646318971],[95.3631536315363,15.985746856999839],[95.34515345153454,16.09685107804205],[95.33435334353345,16.032618950252015],[95.22635226352264,15.876378639411413],[95.1759517595176,15.826034539251651],[95.07875078750789,15.839922566881938],[94.94194941949422,15.819090525436522],[94.89154891548918,15.978802843184695],[94.89154891548918,16.037826960613373],[94.88074880748809,16.08817106077312],[94.89874898748991,16.140251164386655],[94.89154891548918,16.183651250731273],[94.8591485914859,16.102059088403394],[94.84834848348487,16.032618950252015],[94.79794797947983,15.971858829369552],[94.66114661146611,15.90415469467196],[94.65754657546574,15.98921886390741],[94.65034650346502,16.06560301587392],[94.67914679146793,16.133307150571525],[94.67554675546756,16.24267536815995],[94.71874718747188,16.398915679000552],[94.71514715147151,16.452731786067872],[94.70434704347042,16.51175590349655],[94.67914679146793,16.424955730807326],[94.66474664746647,16.336419554664317],[94.63594635946362,16.308643499403757],[94.58914589145894,16.289547461412127],[94.49554495544959,16.18538725418506],[94.44154441544418,16.095115074588264],[94.29754297542979,16.008314901899027],[94.22554225542257,16.016994919167956],[94.21474214742148,16.126363136756382],[94.27234272342724,16.516963913857907],[94.32634326343265,16.572516024379013],[94.3551435514355,16.640220159076605],[94.39834398343987,16.867636611522386],[94.45234452344522,16.95443678421161],[94.4739447394474,17.1349811434052],[94.49554495544959,17.166229205573316],[94.56394563945639,17.30858148878366],[94.58914589145894,17.56898200685133],[94.56034560345603,17.69918226588517],[94.49554495544959,17.824174514557654],[94.43074430744309,18.200887264028907],[94.26514265142652,18.50642387189498],[94.25074250742506,18.608848075668277],[94.17154171541716,18.732104320886975],[94.24714247142475,18.74078433815589],[94.09234092340927,18.848416552290544],[94.07074070740708,18.893552642088935],[94.03834038340386,19.147009146341475],[94.04554045540459,19.28762542609803],[94.0239402394024,19.2685293881064],[94.00234002340022,19.181729215417164],[93.94113941139415,19.14527314288769],[93.96633966339664,18.994240842408445],[93.96273962739627,18.95778476987897],[93.93033930339305,18.900496655904078],[93.80073800738006,18.961256776786527],[93.70713707137071,19.027224908030348],[93.5991359913599,19.188673229232307],[93.49473494734946,19.369217588425897],[93.5307353073531,19.396993643686457],[93.57753577535777,19.400465650594015],[93.7287372873729,19.266793384652615],[93.82593825938261,19.239017329392055],[93.88713887138874,19.27200139501396],[93.96273962739627,19.32928950898885],[93.99873998739986,19.44039373003106],[93.95913959139591,19.482057812921894],[93.88713887138874,19.504625857821097],[93.84033840338407,19.53413791653543],[93.76833768337684,19.608786065048164],[93.76113761137611,19.64871414448521],[93.73953739537399,19.697322241191173],[93.66753667536676,19.732042310266863],[93.609936099361,19.77544239661148],[93.66033660336603,19.85356255203179],[93.70713707137071,19.912586669460467],[93.58113581135814,19.909114662552895],[93.44073440734411,20.00980286287239],[93.40833408334083,20.03757891813295],[93.36153361533616,20.058410959578367],[93.24993249932498,20.070562983754854],[93.15633156331563,20.041050925040523],[93.19953199531994,19.89869864183018],[93.19233192331922,19.851826548578003],[93.13113131131314,19.858770562393133],[93.00153001530015,20.074034990662426],[93.0411304113041,20.12958710118353],[93.0951309513095,20.181667204797066],[93.06993069930701,20.188611218612195],[93.0159301593016,20.185139211704637],[93.06633066330664,20.377835595074714],[93.03393033930342,20.405611650335274],[93.01953019530197,20.346587532906597],[92.99072990729906,20.28756341547792],[92.8827288272883,20.15215514608272],[92.8287282872829,20.178195197889494],[92.79272792727926,20.211179263511397],[92.8431284312843,20.28235540511656],[92.87192871928721,20.301451443108192],[92.88992889928898,20.339643519091453],[92.85032850328503,20.41429166760419],[92.78552785527859,20.469843778125295],[92.73512735127355,20.561851961175876],[92.709927099271,20.56358796462966],[92.73152731527318,20.454219747041236],[92.72432724327246,20.29624343274685],[92.60912609126092,20.469843778125295],[92.3787237872379,20.71809227201649],[92.3247232472325,20.791004417075442],[92.31032310323104,20.863916562134392],[92.28512285122855,20.931620696831985],[92.26712267122673,21.004532841890935],[92.26352263522637,21.061820955865826],[92.21312213122133,21.112165056025574],[92.19152191521914,21.20243723562237],[92.1807218072181,21.292709415219164],[92.20952209522096,21.358677546462985],[92.27792277922782,21.428117684614364],[92.33192331923323,21.44026970879085],[92.37152371523717,21.409021646622733],[92.47232472324725,21.362149553370543],[92.54072540725406,21.320485470479724],[92.56952569525697,21.263197356504833],[92.59832598325983,21.270141370319962],[92.6307263072631,21.306597442849437],[92.62352623526237,21.349997529194056],[92.59472594725946,21.46804576405141],[92.58392583925843,21.608662043807954],[92.58392583925843,21.9402387034808],[92.57312573125733,21.978430779464063],[92.6307263072631,22.011414845085966],[92.65232652326523,22.049606921069227],[92.67392673926742,22.105159031590333],[92.68832688326881,22.131199083397092],[92.72072720727209,22.13293508685088],[92.77112771127713,22.105159031590333],[92.85392853928539,22.00967884163218],[92.9079290792908,21.988846800186764],[92.96552965529656,22.004470831270822],[93.02313023130233,22.14508711102738],[93.04473044730446,22.18327918701064],[93.06993069930701,22.2093192388174],[93.12033120331205,22.20584723190983],[93.15273152731527,22.230151280262817],[93.16353163531636,22.292647404599066],[93.16353163531636,22.36035153929666],[93.10593105931059,22.547839912305392],[93.08793087930883,22.63290408154083],[93.07713077130774,22.717968250776266],[93.11313113131132,22.80650442691929],[93.16353163531636,22.907192627238786],[93.15273152731527,22.99746480683558],[93.16353163531636,23.03218487591127],[93.20313203132031,23.037392886272627],[93.25353253532535,23.014824841373425],[93.30753307533075,23.030448872457484],[93.35073350733506,23.084264979524804],[93.36513365133652,23.13287307623078],[93.39033390333907,23.339457487231144],[93.40833408334083,23.52868186369365],[93.41553415534156,23.681450167626693],[93.37233372333725,23.773458350677274],[93.30753307533075,24.021706844568456],[93.32553325533257,24.06337092745929],[93.35433354333543,24.073786948182004],[93.45153451534514,23.986986775492767],[93.49473494734946,23.973098747862494],[93.56313563135632,23.98525077203898],[93.63153631536318,24.006082813484397],[93.68193681936822,24.006082813484397],[93.75753757537575,23.976570754770066],[93.85473854738547,23.943586689148162],[94.00954009540095,23.903658609711115],[94.07434074340745,23.872410547542998],[94.12834128341285,23.875882554450556],[94.17154171541716,23.973098747862494],[94.21834218342184,24.113715027619037],[94.29394293942943,24.322035442073187],[94.37674376743769,24.473067742552445],[94.39834398343987,24.514731825443263],[94.49194491944922,24.637988070661976],[94.58554585545858,24.76645232624203],[94.66474664746647,24.931372654351563],[94.70794707947078,25.049420889208903],[94.70434704347042,25.09802898591488],[94.67554675546756,25.137957065351912],[94.61434614346143,25.163997117158686],[94.56754567545676,25.191773172419246],[94.5531455314553,25.21607722077222],[94.5531455314553,25.24385327603278],[94.57834578345785,25.320237427999302],[94.62154621546216,25.410509607596097],[94.66834668346684,25.45911770430206],[94.78714787147874,25.519877825184523],[94.86274862748627,25.597997980604816],[94.94554945549459,25.700422184378112],[94.99234992349926,25.76986232252949],[95.01395013950139,25.91221460573982],[95.03915039150394,25.941726664454166],[95.09315093150934,25.986862754252556],[95.13275132751329,26.040678861319876],[95.12915129151293,26.07019092003422],[95.10755107551074,26.091022961479624],[95.0679506795068,26.191711161799134],[95.04995049950503,26.347951472639735],[95.06075060750607,26.47467972476602],[95.08955089550898,26.525023824925768],[95.12915129151293,26.597935969984718],[95.20115201152015,26.641336056329322],[95.30555305553054,26.672584118497454],[95.46395463954639,26.755912284279106],[95.73755737557377,26.950344671102982],[95.83835838358385,27.014576798893003],[95.90675906759071,27.04582486106112],[95.97155971559715,27.127417023389],[96.06156061560614,27.217689202985795],[96.19116191161913,27.261089289330414],[96.2739627396274,27.27844932386826],[96.66636666366662,27.339209444750708],[96.73116731167312,27.33226543093558],[96.79956799567998,27.295809358406103],[96.87876878768787,27.17776112354875],[96.95436954369546,27.132625033750358],[97.03717037170372,27.101376971582226],[97.10197101971022,27.115264999212513],[97.10197101971022,27.163873095918476],[96.90036900369006,27.439897645070218],[96.88236882368824,27.514545793582954],[96.87516875168751,27.587457938641904],[96.90036900369006,27.64301004916301],[96.96156961569619,27.698562159684116],[97.04797047970482,27.759322280566565],[97.15957159571599,27.837442435986873],[97.22437224372243,27.889522539600407],[97.30717307173074,27.90688257413825],[97.3359733597336,27.938130636306383],[97.34317343173433,27.981530722650987],[97.33957339573396,28.030138819356964],[97.30357303573038,28.08569092987807],[97.31077310773111,28.155131068029448],[97.32157321573214,28.217627192365683],[97.35757357573578,28.254083264895158],[97.43317433174332,28.354771465214668],[97.47637476374763,28.425947606819832],[97.50157501575018,28.45719566898795],[97.53757537575376,28.51101177605527],[97.5987759877599,28.516219786416627],[97.65997659976603,28.50059575533257],[97.69597695976961,28.46934769316445],[97.72837728377283,28.406851568828202],[97.76797767977683,28.356507468668454],[97.81477814778151,28.356507468668454],[97.86517865178655,28.363451482483597],[97.88677886778868,28.356507468668454],[97.93357933579335,28.313107382323835],[98.02358023580234,28.210683178550553],[98.06318063180635,28.186379130197565],[98.09918099180993,28.14297904385296],[98.11718117181175,28.054442867709938],[98.13158131581315,27.967642695020714],[98.23958239582396,27.663842090608426],[98.27558275582754,27.59960996281839],[98.29718297182973,27.549265862658643],[98.35118351183513,27.538849841935942],[98.39078390783908,27.587457938641904],[98.4087840878409,27.639538042255438],[98.45198451984521,27.656898076793283],[98.50598505985062,27.648218059524368],[98.59958599585997,27.59960996281839],[98.64998649986501,27.571833907557846],[98.67518675186756,27.422537610532373],[98.68238682386823,27.245465258246355],[98.67518675186756,27.18991314772525],[98.7147871478715,27.044088857607335],[98.7291872918729,26.877432526044032],[98.739987399874,26.78542434299345],[98.739987399874,26.698624170304214],[98.73278732787327,26.584047942354445],[98.71118711187114,26.429543634967615],[98.67158671586719,26.299343375933773],[98.68598685986859,26.189975158345348],[98.66438664386646,26.1396310581856],[98.57078570785711,26.113591006378826],[98.56358563585638,26.071926923488007],[98.59238592385924,26.0042227887904],[98.65358653586537,25.917422616101177],[98.65718657186574,25.863606509033858],[98.62478624786252,25.827150436504382],[98.55998559985602,25.82367842959681],[98.46638466384667,25.78895836052112],[98.40158401584017,25.67785413947891],[98.33318333183331,25.587581959882115],[98.29718297182973,25.568485921890485],[98.17118171181716,25.59452597369726],[98.14238142381424,25.571957928798057],[98.09918099180993,25.41571761795744],[98.06318063180635,25.349749486713634],[98.00918009180094,25.292461372738742],[97.96237962379627,25.25947730711684],[97.91917919179195,25.236909262217637],[97.81837818378187,25.252533293301695],[97.76797767977683,25.15878910679733],[97.71397713977143,25.033796858124845],[97.71037710377107,24.969564730334824],[97.73917739177392,24.8706125334691],[97.72477724777247,24.842836478208554],[97.67077670776706,24.82026843330935],[97.58437584375844,24.775132343510947],[97.53037530375303,24.631044056846832],[97.53037530375303,24.492163780544075],[97.56277562775631,24.4435556838381],[97.62397623976238,24.422723642392683],[97.66717667176675,24.379323556048078],[97.67077670776706,24.313355424804257],[97.7067770677707,24.22829125556882],[97.69237692376925,24.13107506215688],[97.56997569975698,23.988722778946553],[97.56277562775631,23.910602623526245],[97.63117631176311,23.88629857517327],[97.68517685176852,23.898450599349758],[97.75717757177574,23.93143466497166],[97.83637836378364,23.986986775492767],[98.01638016380167,24.065106930913075],[98.2107821078211,24.11024302071148],[98.36558365583659,24.118923037980394],[98.49878498784989,24.115451031072823],[98.56358563585638,24.098090996534978],[98.58518585185851,24.070314941274432],[98.76518765187654,24.115451031072823],[98.80118801188013,24.118923037980394],[98.83358833588335,24.12065904143418],[98.83358833588335,24.09114698271985],[98.70038700387005,23.964418730593565],[98.67518675186756,23.9053946131649],[98.68238682386823,23.841162485374866],[98.73638736387363,23.783874371399975],[98.78678786787867,23.7370022781478],[98.83358833588335,23.6241620536518],[98.79758797587976,23.520001846424734],[98.81918819188195,23.481809770441473],[98.8587885878859,23.44014568755064],[98.88398883988839,23.381121570121962],[98.88398883988839,23.308209425063012],[98.86238862388626,23.191897193659457],[99.0567905679057,23.131137072776994],[99.2187921879219,23.103361017516434],[99.34119341193411,23.096417003701305],[99.4167941679417,23.068640948440745],[99.46359463594638,23.046072903541557],[99.4959949599496,23.004408820650724],[99.50679506795069,22.95927273085232],[99.46719467194674,22.928024668684202],[99.38439384393843,22.82560046491092],[99.33759337593375,22.688456192061935],[99.34479344793448,22.586031988288653],[99.33759337593375,22.497495812145644],[99.2439924399244,22.37076756001936],[99.20439204392045,22.28223138387635],[99.17199171991723,22.191959204279556],[99.17199171991723,22.153767128296295],[99.19359193591936,22.12599107303575],[99.2331923319233,22.11036704195169],[99.30159301593017,22.099951021228975],[99.38799387993879,22.11036704195169],[99.59319593195931,22.089535000506274],[99.82359823598239,22.049606921069227],[99.91719917199174,22.02877487962381],[99.94959949599496,21.988846800186764],[99.93879938799387,21.90204662749754],[99.92439924399247,21.82045446516966],[99.94239942399423,21.757958340833426],[99.97839978399787,21.70240623031232],[100.03960039600395,21.68331019232069],[100.09720097200972,21.660742147421487],[100.10440104401044,21.617342061076883],[100.09000090000899,21.558317943648206],[100.11520115201154,21.511445850396015],[100.14760147601476,21.480197788227898],[100.21600216002162,21.462837753690053],[100.34920349203492,21.501029829673314],[100.44640446404463,21.48366979513547],[100.53280532805331,21.457629743328695],[100.60480604806048,21.471517770958968],[100.6768067680677,21.504501836580886],[100.83520835208355,21.65553413706013],[101.0188101881019,21.73712629938801],[101.08001080010803,21.75622233737964],[101.11961119611198,21.74580631665694],[101.13041130411307,21.735390295934224],[101.1268112681127,21.705878237219892],[101.14841148411483,21.580885988547408],[101.1376113761138,21.56699796091712],[101.08001080010803,21.46804576405141],[100.9288092880929,21.365621560278115],[100.8208082080821,21.31354145666458],[100.7560075600756,21.311805453210795],[100.7020070200702,21.25104533232833],[100.65880658806589,21.12952509056342],[100.61200612006121,21.06008495241204],[100.56520565205653,21.03751690751284],[100.53640536405368,20.992380817714448],[100.52200522005222,20.92120467610927],[100.55080550805508,20.884748603579794],[100.61920619206194,20.87954059321845],[100.6228062280623,20.858708551773034],[100.56520565205653,20.82572448615113],[100.49320493204931,20.81357246197463],[100.40680406804069,20.823988482697345],[100.32760327603279,20.796212427436785],[100.24840248402484,20.73024429619298],[100.1836018360184,20.589628016436436],[100.12960129601299,20.372627584713356],[100.12240122401226,20.31707547419225]]],[[[98.2107821078211,10.953072844478456],[98.29358293582936,10.77947249910001],[98.28278282782827,10.753432447293235],[98.27198271982724,10.739544419662963],[98.25038250382505,10.74475243002432],[98.21798217982183,10.838496616528673],[98.1567815678157,10.89752073395735],[98.08118081180811,10.887104713234649],[98.14238142381424,10.963488865201171],[98.16758167581679,10.980848899739016],[98.2107821078211,10.953072844478456]]],[[[98.18198181981819,9.934038817106938],[98.13518135181351,9.87501469967826],[98.11718117181175,9.878486706585832],[98.13878138781388,9.973966896543985],[98.2215822158222,10.045143038149149],[98.289982899829,10.052087051964278],[98.28278282782827,10.006950962165888],[98.23238232382323,9.953134855098568],[98.18198181981819,9.934038817106938]]],[[[98.2215822158222,11.47908189097518],[98.21798217982183,11.456513846075978],[98.2107821078211,11.456513846075978],[98.18558185581855,11.472137877160037],[98.19998199982001,11.56761806711819],[98.23958239582396,11.644002219084712],[98.2791827918279,11.75857844703448],[98.30078300783009,11.782882495387469],[98.30798307983082,11.722122374505005],[98.28278282782827,11.59365811892495],[98.26478264782651,11.524217980773571],[98.2215822158222,11.47908189097518]]],[[[98.51678516785171,11.904402737152381],[98.4735847358474,11.899194726791038],[98.45558455584558,12.060643047992997],[98.46638466384667,12.08494709634597],[98.52398523985244,12.005090937471891],[98.61038610386106,11.95648284076593],[98.57798577985778,11.925234778597797],[98.51678516785171,11.904402737152381]]],[[[98.55278552785529,11.744690419404208],[98.52758527585274,11.538106008403844],[98.46638466384667,11.56761806711819],[98.43398433984339,11.56761806711819],[98.39798397983981,11.683930298521744],[98.39798397983981,11.715178360689876],[98.37638376383762,11.791562512656384],[98.52398523985244,11.805450540286671],[98.55278552785529,11.744690419404208]]],[[[98.41238412384126,12.598804118666195],[98.43758437584376,12.571028063405649],[98.46998469984703,12.571028063405649],[98.45918459184594,12.47381186999371],[98.37998379983799,12.354027631682584],[98.33318333183331,12.33666759714474],[98.31518315183155,12.33666759714474],[98.33318333183331,12.512003945976971],[98.30078300783009,12.610956142842696],[98.31158311583118,12.678660277540288],[98.39798397983981,12.64741221537217],[98.41238412384126,12.598804118666195]]],[[[98.13518135181351,12.150915227589792],[98.12438124381242,12.145707217228434],[98.10998109981102,12.14744322068222],[98.07398073980738,12.164803255220065],[98.0379803798038,12.232507389917657],[98.05598055980562,12.279379483169848],[98.07038070380707,12.291531507346335],[98.10638106381066,12.288059500438763],[98.12078120781212,12.279379483169848],[98.12798127981279,12.262019448632003],[98.11718117181175,12.223827372648742],[98.12078120781212,12.190843307026839],[98.13518135181351,12.150915227589792]]],[[[94.47754477544777,15.945818777562792],[94.41274412744127,15.848602584150854],[94.38754387543878,15.994426874268754],[94.49554495544959,16.076019036596634],[94.54594545945463,16.152403188563156],[94.59994599945998,16.206219295630476],[94.6179461794618,16.14198716784044],[94.56754567545676,16.018730922621742],[94.47754477544777,15.945818777562792]]],[[[97.57357573575734,16.253091388882652],[97.53757537575376,16.240939364706165],[97.47997479974799,16.305171492496186],[97.4691746917469,16.4614118033368],[97.51597515975163,16.49613187241249],[97.54117541175412,16.504811889681406],[97.58077580775807,16.485715851689775],[97.59157591575917,16.4614118033368],[97.5987759877599,16.43016374116867],[97.5879758797588,16.397179675546766],[97.57357573575734,16.253091388882652]]],[[[93.68913689136895,18.683496224181013],[93.67473674736749,18.674816206912084],[93.57033570335705,18.75988037614752],[93.48753487534879,18.867512590282175],[93.61713617136172,18.888344631727577],[93.74313743137435,18.86577658682839],[93.74673746737466,18.808488472853497],[93.7179371793718,18.716480289802917],[93.68913689136895,18.683496224181013]]],[[[93.49113491134915,19.89175462801505],[93.51273512735128,19.754610355166065],[93.44433444334442,19.8066904587796],[93.41913419134193,19.877866600384763],[93.4119341193412,19.950778745443714],[93.49113491134915,19.89175462801505]]],[[[93.71433714337144,19.558441964888416],[93.82953829538297,19.47511379910675],[93.87633876338765,19.48032180946811],[93.94473944739451,19.428241705854575],[93.94833948339482,19.40740966440916],[93.93393933939342,19.365745581518325],[93.90153901539014,19.332761515896422],[93.81513815138152,19.298041446820733],[93.75753757537575,19.325817502081293],[93.73233732337326,19.416089681678088],[93.6639366393664,19.459489768022692],[93.64233642336427,19.49420983709838],[93.68913689136895,19.544553937258144],[93.71433714337144,19.558441964888416]]],[[[98.5419854198542,10.961752861747385],[98.52038520385207,10.9600168582936],[98.49878498784989,10.963488865201171],[98.4771847718477,10.97911289628523],[98.52758527585274,11.08674511041987],[98.5419854198542,10.961752861747385]]],[[[98.07398073980738,11.692610315790674],[98.08478084780847,11.637058205269568],[98.01998019980203,11.696082322698246],[98.00918009180094,11.861002650807777],[98.05958059580598,11.756842443580695],[98.08118081180811,11.73253839522772],[98.07398073980738,11.692610315790674]]],[[[98.06678066780671,12.390483704212059],[98.05958059580598,12.354027631682584],[98.00198001980021,12.279379483169848],[97.95157951579517,12.322779569514466],[97.93717937179372,12.345347614413654],[97.99117991179912,12.39395571111963],[98.04518045180453,12.387011697304487],[98.05958059580598,12.397427718027188],[98.06678066780671,12.390483704212059]]],[[[98.31518315183155,13.098773113356145],[98.30798307983082,12.933852785246614],[98.25758257582578,13.013708944120708],[98.25038250382505,13.103981123717503],[98.25398253982542,13.18904529295294],[98.26478264782651,13.202933320583227],[98.26838268382687,13.18904529295294],[98.29718297182973,13.15085321696968],[98.31518315183155,13.098773113356145]]],[[[94.8051480514805,15.819090525436522],[94.78354783547837,15.793050473629748],[94.74394743947443,15.812146511621378],[94.73314733147333,15.822562532344094],[94.82674826748269,15.933666753386305],[94.83754837548378,15.892002670495472],[94.8051480514805,15.819090525436522]]],[[[93.00873008730088,19.924738693636954],[93.02313023130233,19.8292585036788],[92.97632976329766,19.867450579662062],[92.91152911529116,19.99938684214969],[92.91512915129152,20.086187014838913],[92.95832958329584,20.046258935401866],[93.00873008730088,19.924738693636954]]]]}},{"type":"Feature","id":"096","properties":{"name":"Brunei","code":"BN","label":[114.72164273142663,4.519834203436234]},"geometry":{"type":"MultiPolygon","coordinates":[[[[115.14175141751417,4.899628801131769],[115.16695166951672,4.866644735509865],[115.22815228152285,4.750332504106311],[115.2677526775268,4.634020272702742],[115.27855278552789,4.456947920416724],[115.32535325353257,4.380563768450202],[115.31815318153184,4.364939737366143],[115.28935289352893,4.352787713189642],[115.24615246152462,4.347579702828298],[115.17055170551708,4.364939737366143],[115.10575105751059,4.390979789172903],[115.05175051750518,4.581940169089208],[115.02655026550269,4.691308386677633],[115.030150301503,4.821508645711475],[115.02655026550269,4.899628801131769],[115.14175141751417,4.899628801131769]]],[[[115.02655026550269,4.899628801131769],[114.94374943749438,4.856228714787164],[114.86454864548648,4.802412607719845],[114.78534785347853,4.755540514467654],[114.74574745747458,4.717348438484393],[114.76014760147604,4.667004338324645],[114.7781477814778,4.552428110374862],[114.78894788947889,4.463891934231853],[114.8177481774818,4.429171865156164],[114.83934839348393,4.392715792626689],[114.8321483214832,4.354523716643428],[114.78174781747816,4.281611571584477],[114.81054810548108,4.265987540500419],[114.77454774547749,4.16877134708848],[114.72414724147245,4.09585920202953],[114.65574655746559,4.036835084600867],[114.60894608946091,4.0246830604243655],[114.57294572945733,4.048987108777354],[114.5117451174512,4.1132192365673745],[114.4469444694447,4.203491416164169],[114.41814418144185,4.2555715197777175],[114.32454324543244,4.262515533592847],[114.28854288542885,4.30417961648368],[114.28854288542885,4.354523716643428],[114.259742597426,4.413547834072105],[114.22374223742236,4.477779961862126],[114.16974169741701,4.526388058568102],[114.09414094140942,4.564580134551363],[114.06534065340657,4.592356189811909],[114.17694176941768,4.590620186358123],[114.29934299342995,4.607980220895968],[114.42534425344252,4.660060324509516],[114.54414544145442,4.724292452299537],[114.6449464494645,4.798940600812273],[114.74214742147421,4.880532763140138],[114.83934839348393,4.946500894383959],[114.99414994149942,5.022885046350481],[115.04815048150482,5.015941032535338],[115.04815048150482,4.962124925468018],[115.02655026550269,4.899628801131769]]]]}},{"type":"Feature","id":"064","properties":{"name":"Bhutan","code":"BT","label":[90.40209982016522,27.41233946250233]},"geometry":{"type":"MultiPolygon","coordinates":[[[[91.63351633516334,27.759322280566565],[91.62631626316266,27.736754235667377],[91.59751597515975,27.6777301182387],[91.57951579515799,27.611761986994892],[91.59391593915939,27.55794587992756],[91.65871658716588,27.493713752137538],[91.74151741517414,27.44336965197779],[91.84951849518495,27.438161641616432],[91.95031950319503,27.45899368306185],[91.98991989919898,27.45031366579292],[92.04392043920438,27.36524949655748],[92.08352083520839,27.290601348044746],[92.02952029520299,27.214217196078224],[92.00432004320044,27.14651306138063],[91.99351993519934,27.09964096812844],[91.99711997119971,27.07880892668304],[92.02952029520299,27.040616850699777],[92.06912069120693,26.974648719455956],[92.0727207272073,26.915624602027293],[92.05112051120511,26.875696522590246],[91.99711997119971,26.85486448114483],[91.9431194311943,26.860072491506187],[91.89991899918999,26.860072491506187],[91.84231842318422,26.853128477691044],[91.75231752317524,26.83056043279184],[91.67311673116734,26.802784377531296],[91.51831518315186,26.80799238789264],[91.45711457114572,26.867016505321317],[91.42831428314287,26.867016505321317],[91.28791287912878,26.790632353354795],[91.1331113311133,26.802784377531296],[90.8559085590856,26.778480329178308],[90.74070740707407,26.771536315363164],[90.62190621906223,26.780216332632094],[90.5607056070561,26.795840363716152],[90.44910449104492,26.851392474237258],[90.34470344703448,26.88958455022052],[90.2439024390244,26.85486448114483],[90.20430204302045,26.847920467329686],[90.12150121501219,26.75417628082532],[89.94149941499415,26.724664222110988],[89.76509765097654,26.702096177211786],[89.71109711097114,26.714248201388273],[89.61029610296106,26.71945621174963],[89.6066960669607,26.740288253195047],[89.61029610296106,26.76285629809425],[89.58509585095851,26.778480329178308],[89.54549545495456,26.795840363716152],[89.47349473494734,26.802784377531296],[89.38349383493835,26.82708842588427],[89.33309333093331,26.847920467329686],[89.14949149491497,26.81667240516157],[89.04149041490416,26.86528050186753],[88.9190891908919,26.932984636565138],[88.85788857888582,26.960760691825683],[88.83628836288364,27.06492089905275],[88.81468814688145,27.09964096812844],[88.76428764287641,27.134361037204144],[88.73908739087392,27.176025120094963],[88.7606876068761,27.217689202985795],[88.88308883088831,27.29754536185989],[88.89028890288904,27.31664139985152],[88.94788947889481,27.464201693423206],[89.0270902709027,27.518017800490526],[89.10269102691029,27.592665949003262],[89.16029160291606,27.710714183860603],[89.27189271892718,27.8339704290793],[89.39429394293944,27.9589626777518],[89.48069480694807,28.059650878071295],[89.53829538295383,28.108258974777257],[89.65349653496537,28.15860307493702],[89.75069750697509,28.18811513365135],[89.81549815498158,28.255819268348944],[89.89829898298984,28.294011344332205],[89.9810998109981,28.31137137887005],[90.10350103501037,28.302691361601134],[90.22230222302227,28.278387313248146],[90.34830348303484,28.243667244172457],[90.3627036270363,28.21589118891191],[90.3519035190352,28.16901909565972],[90.33390333903338,28.118674995499973],[90.33390333903338,28.094370947146984],[90.3519035190352,28.08048291951671],[90.47790477904778,28.07006689879401],[90.6291062910629,28.078746916062926],[90.71550715507158,28.071802902247782],[90.90630906309065,28.026666812449392],[90.96390963909641,27.995418750281274],[91.02151021510218,27.9693786984745],[91.0791107911079,27.974586708835858],[91.15111151111512,28.026666812449392],[91.2267122671227,28.071802902247782],[91.27351273512738,28.078746916062926],[91.3059130591306,28.064858888432653],[91.36711367113674,28.021458802088034],[91.49311493114931,27.981530722650987],[91.60471604716048,27.952018663936656],[91.64071640716406,27.922506605222324],[91.62991629916303,27.800986363457397],[91.63351633516334,27.759322280566565]]]]}},{"type":"Feature","id":"050","properties":{"name":"Bangladesh","code":"BD","label":[90.24708149253766,23.860940075339926]},"geometry":{"type":"MultiPolygon","coordinates":[[[[89.05229052290525,22.093007007413846],[89.05589055890562,22.186751193918198],[89.04869048690489,22.27528737006122],[88.9730897308973,22.511383839775917],[88.9190891908919,22.631168078087043],[88.92628926289262,22.67109615752409],[88.92268922689226,22.68672018860815],[88.90108901089013,22.842960499448765],[88.86868868688686,22.938440689406903],[88.85068850688509,23.0408648931802],[88.92988929889299,23.1866891832981],[88.89748897488977,23.210993231651088],[88.80748807488078,23.23008926964272],[88.72468724687246,23.254393317995692],[88.70308703087034,23.292585393978953],[88.73908739087392,23.436673680643068],[88.69588695886961,23.492225791164174],[88.63468634686348,23.549513905139065],[88.61668616686165,23.572081950038267],[88.59508595085953,23.6015940087526],[88.56628566285661,23.67450615381155],[88.62388623886238,23.825538454290808],[88.69948699486997,24.002610806576826],[88.71388713887137,24.070314941274432],[88.72828728287283,24.186627172677987],[88.73188731887319,24.23176326247639],[88.72468724687246,24.27516334882101],[88.6418864188642,24.32550744898076],[88.49788497884981,24.346339490426175],[88.39708397083973,24.38973957677078],[88.3358833588336,24.453971704560814],[88.28548285482856,24.480011756367574],[88.22428224282243,24.460915718375944],[88.14508145081453,24.48521976672893],[88.08028080280803,24.549451894518967],[88.02268022680227,24.62757204993926],[88.029880298803,24.664028122468736],[88.04428044280445,24.712636219174712],[88.1486814868149,24.914012619813718],[88.18828188281884,24.920956633628847],[88.27828278282783,24.882764557645586],[88.31428314283141,24.8810285541918],[88.37188371883718,24.960884713065894],[88.4546845468455,25.188301165511675],[88.57348573485734,25.188301165511675],[88.67788677886779,25.179621148242745],[88.74628746287465,25.169205127520044],[88.81828818288182,25.176149141335173],[88.89028890288904,25.195245179326804],[88.92988929889299,25.223021234587364],[88.95148951489517,25.25947730711684],[88.94428944289444,25.290725369284957],[88.85428854288546,25.334125455629575],[88.82188821888218,25.365373517797693],[88.79668796687969,25.455645697394488],[88.76788767887678,25.490365766470177],[88.59508595085953,25.495573776831534],[88.50148501485018,25.537237859722367],[88.45108451084513,25.573693932251842],[88.36468364683645,25.698686180924327],[88.25308253082534,25.78895836052112],[88.1486814868149,25.811526405420324],[88.10548105481058,25.841038464134655],[88.0838808388084,25.887910557386846],[88.09828098280985,25.95561469208444],[88.13068130681307,26.018110816420673],[88.15228152281526,26.087550954572066],[88.23508235082352,26.17782313416886],[88.33228332283323,26.25767929304294],[88.37908379083791,26.31149540011026],[88.44028440284404,26.368783514085152],[88.44748447484477,26.40176757970707],[88.43668436684368,26.43648764878276],[88.38628386283864,26.471207717858448],[88.35028350283505,26.483359742034935],[88.34668346683469,26.50419178348035],[88.36828368283682,26.564951904362815],[88.41868418684186,26.571895918177944],[88.51948519485194,26.518079811110624],[88.62028620286202,26.4312796384214],[88.68148681486815,26.353159483001093],[88.68148681486815,26.292399362118644],[88.7210872108721,26.28198334139593],[88.7606876068761,26.280247337942143],[88.82908829088291,26.252471282681597],[88.89748897488977,26.261151299950512],[88.94068940689408,26.245527268866454],[88.96948969489694,26.25073527922781],[88.98028980289803,26.2854553483035],[88.94788947889481,26.337535451917034],[88.92268922689226,26.375727527900295],[88.95148951489517,26.41218360042977],[88.98388983889839,26.419127614244914],[89.01989019890198,26.410447596975985],[89.06669066690665,26.37746353135408],[89.10269102691029,26.308023393202703],[89.10989109891102,26.202127182521835],[89.18549185491855,26.106646992563697],[89.289892898929,26.037206854412304],[89.3690936909369,26.005958792244186],[89.46629466294667,25.983390747344984],[89.54909549095493,26.005958792244186],[89.59229592295924,26.071926923488007],[89.57429574295742,26.132687044370456],[89.58509585095851,26.186503151437776],[89.61749617496179,26.216015210152122],[89.67149671496713,26.214279206698336],[89.71109711097114,26.170879120353717],[89.82269822698225,25.941726664454166],[89.80109801098013,25.83930246068087],[89.82629826298262,25.559805904621555],[89.79749797497976,25.375789538520408],[89.80109801098013,25.33586145908336],[89.81549815498158,25.30461339691523],[89.83349833498335,25.292461372738742],[89.86589865898662,25.292461372738742],[90.00270002700029,25.257741303663053],[90.11790117901182,25.219549227679792],[90.25110251102512,25.184829158604103],[90.43830438304383,25.157053103343543],[90.55350553505536,25.16746912406626],[90.6147061470615,25.16746912406626],[90.72990729907298,25.15878910679733],[91.03951039510395,25.174413137881388],[91.29151291512915,25.17788514478896],[91.39591395913959,25.1518450929822],[91.47871478714791,25.141429072259484],[91.76311763117633,25.160525110251115],[92.05112051120511,25.169205127520044],[92.2059220592206,25.110181010091367],[92.37512375123754,25.014700820133214],[92.46872468724689,24.94352467852805],[92.48672486724865,24.903596599091003],[92.47592475924762,24.868876530015314],[92.44352443524434,24.849780492023683],[92.38592385923863,24.848044488569897],[92.25272252722527,24.894916581822088],[92.22752227522278,24.8810285541918],[92.23112231122315,24.785548364233662],[92.22752227522278,24.771660336603375],[92.19872198721987,24.686596167367938],[92.11592115921161,24.49389978399786],[92.10152101521015,24.40883561476241],[92.08352083520839,24.386267569863207],[92.06552065520657,24.37411554568672],[92.00072000720007,24.37064353877915],[91.95031950319503,24.356755511148876],[91.93231932319327,24.32550744898076],[91.89991899918999,24.261275321190723],[91.87831878318786,24.195307189946917],[91.84591845918459,24.1744751485015],[91.77391773917742,24.210931221030975],[91.72711727117274,24.205723210669618],[91.66951669516698,24.19009917958556],[91.61191611916121,24.153643107056084],[91.57231572315726,24.106771013803908],[91.52551525515258,24.09114698271985],[91.39231392313923,24.099826999988764],[91.36711367113674,24.09288298617362],[91.34911349113491,24.059898920551717],[91.33471334713346,24.0182348376609],[91.23031230312301,23.92101864424896],[91.19071190711907,23.76304232995456],[91.16191161911621,23.660618126181276],[91.16551165511657,23.580761967307183],[91.25551255512556,23.374177556306833],[91.3167131671317,23.10509702097022],[91.33831338313382,23.077320965709674],[91.35991359913601,23.068640948440745],[91.36711367113674,23.073848958802103],[91.36711367113674,23.131137072776994],[91.3707137071371,23.198841207474587],[91.39951399513996,23.214465238558645],[91.43551435514354,23.200577210928373],[91.47151471514718,23.141553093499695],[91.51111511115113,23.033920879365056],[91.55431554315544,22.992256796474237],[91.61911619116194,22.980104772297736],[91.69471694716947,23.004408820650724],[91.75231752317524,23.053016917356686],[91.77391773917742,23.106833024424006],[91.75951759517596,23.209257228197302],[91.7559175591756,23.287377383617596],[91.78831788317882,23.360289528676546],[91.91791917919181,23.471393749718757],[91.93951939519394,23.504377815340675],[91.9287192871929,23.598122001845027],[91.9287192871929,23.68665817798805],[91.97911979119795,23.691866188349394],[92.04392043920438,23.67797816071912],[92.1267212672127,23.72137824706374],[92.1519215192152,23.72137824706374],[92.18792187921878,23.676242157265335],[92.24552245522455,23.68318617108048],[92.28872288722886,23.492225791164174],[92.33552335523359,23.32383345614707],[92.33552335523359,23.242241293819205],[92.34272342723426,23.07037695189453],[92.36072360723608,22.929760672137988],[92.3931239312393,22.896776606516084],[92.42912429124294,22.82212845800335],[92.46512465124653,22.73359228186034],[92.49032490324902,22.684984185154363],[92.50832508325084,22.52527186740619],[92.53352533525339,22.410695639456407],[92.56232562325624,22.04787091761544],[92.57312573125733,21.978430779464063],[92.58392583925843,21.9402387034808],[92.58392583925843,21.608662043807954],[92.59472594725946,21.46804576405141],[92.62352623526237,21.349997529194056],[92.6307263072631,21.306597442849437],[92.59832598325983,21.270141370319962],[92.56952569525697,21.263197356504833],[92.54072540725406,21.320485470479724],[92.47232472324725,21.362149553370543],[92.37152371523717,21.409021646622733],[92.33192331923323,21.44026970879085],[92.27792277922782,21.428117684614364],[92.20952209522096,21.358677546462985],[92.1807218072181,21.292709415219164],[92.19152191521914,21.20243723562237],[92.21312213122133,21.112165056025574],[92.26352263522637,21.061820955865826],[92.26712267122673,21.004532841890935],[92.28512285122855,20.931620696831985],[92.31032310323104,20.863916562134392],[92.3247232472325,20.791004417075442],[92.30672306723068,20.791004417075442],[92.24912249122491,20.883012600126023],[92.1951219512195,20.98370080044552],[92.05472054720548,21.174661180361824],[92.01152011520117,21.516653860757373],[92.0079200792008,21.685046195774476],[91.91431914319145,21.88295058950591],[91.84951849518495,22.157239135203866],[91.82431824318246,22.22841527680903],[91.85671856718568,22.31695145295204],[91.86391863918641,22.349935518573957],[91.84591845918459,22.342991504758814],[91.79551795517955,22.29785541496041],[91.73431734317342,22.407223632548835],[91.69471694716947,22.504439825960773],[91.52911529115295,22.707552230053565],[91.48231482314822,22.79782440965036],[91.47871478714791,22.884624582339583],[91.41031410314105,22.79782440965036],[91.31311313113133,22.735328285314125],[91.21591215912161,22.64158409880976],[91.15111151111512,22.6138080435492],[90.9459094590946,22.596448009011354],[90.8271082710827,22.721440257683838],[90.65790657906581,23.02524086209614],[90.63270632706326,23.09468100024752],[90.65430654306545,23.273489355987323],[90.6147061470615,23.441881691004426],[90.6147061470615,23.53215387060122],[90.6039060390604,23.591177988029898],[90.57510575105749,23.577289960399625],[90.5607056070561,23.537361880962578],[90.56790567905682,23.47486575662633],[90.55710557105573,23.42104964955901],[90.40950409504097,23.431465670281725],[90.26910269102694,23.4557697186347],[90.39150391503915,23.36723354249169],[90.52110521105215,23.346401501046273],[90.58950589505895,23.266545342172194],[90.60030600306004,23.204049217835944],[90.59670596705968,23.134609079684566],[90.52830528305282,23.084264979524804],[90.46710467104674,23.054752920810472],[90.47790477904778,22.98704878611288],[90.55350553505536,22.905456623785],[90.45990459904601,22.881152575432026],[90.43830438304383,22.827336468364706],[90.43470434704346,22.75268831985197],[90.48150481504814,22.684984185154363],[90.49950499504996,22.634640084994615],[90.48870488704887,22.58950399519621],[90.53190531905318,22.539159895036462],[90.59670596705968,22.434999687809395],[90.6147061470615,22.362087542750444],[90.58950589505895,22.257927335523377],[90.55350553505536,22.21799925608633],[90.4959049590496,22.178071176649283],[90.35550355503557,22.04787091761544],[90.28710287102871,21.89857462058997],[90.22950229502294,21.82913448243859],[90.15750157501577,21.816982458262103],[90.13230132301322,21.84823052043022],[90.07110071100715,21.88642259641348],[90.07110071100715,21.959334741472432],[90.08910089100891,22.016622855447324],[90.20790207902081,22.157239135203866],[90.14310143101432,22.138143097212236],[90.06750067500678,22.09821501777519],[89.95589955899561,22.023566869262453],[89.91629916299166,22.115575052313034],[89.89469894698948,22.20237522500227],[89.89469894698948,22.308271435683125],[89.98469984699847,22.466247749977512],[89.88029880298802,22.388127594557204],[89.85149851498517,22.289175397691494],[89.86589865898662,22.172863166287925],[89.85149851498517,22.09127100396006],[89.81189811898122,21.98363878982542],[89.75789757897581,21.919406662035385],[89.66789667896683,21.877742579144552],[89.62829628296282,21.81351045135453],[89.56709567095675,21.76663835810234],[89.56709567095675,21.860382544606708],[89.54909549095493,21.98363878982542],[89.48429484294843,22.27528737006122],[89.46989469894697,22.212791245724972],[89.50229502295025,22.032246886531382],[89.50229502295025,21.914198651674027],[89.45189451894521,21.82045446516966],[89.3546935469355,21.72150226830395],[89.2790927909279,21.707614240673678],[89.23589235892359,21.72150226830395],[89.16749167491673,21.783998392640186],[89.09549095490956,21.87253456878321],[89.08109081090811,22.014886851993538],[89.05229052290525,22.093007007413846]]],[[[91.15111151111512,22.17459916974171],[91.04311043110431,22.105159031590333],[91.0791107911079,22.520063857044832],[91.15831158311585,22.365559549658016],[91.17991179911797,22.28223138387635],[91.15111151111512,22.17459916974171]]],[[[91.5579155791558,22.38291958419586],[91.51111511115113,22.353407525481515],[91.46791467914682,22.377711573834503],[91.41031410314105,22.47492776724644],[91.4391143911439,22.59818401246514],[91.45711457114572,22.61728005045677],[91.48231482314822,22.577351971019723],[91.52191521915222,22.4905517983305],[91.54711547115471,22.42458366708668],[91.5579155791558,22.38291958419586]]],[[[90.77670776707765,22.089535000506274],[90.6039060390604,22.054814931430585],[90.51390513905142,22.065230952153286],[90.67950679506794,22.327367473674755],[90.67590675906757,22.445415708532096],[90.65070650706508,22.54089589849025],[90.56430564305646,22.61728005045677],[90.5607056070561,22.672832160977876],[90.52110521105215,22.747480309490612],[90.50310503105032,22.83601648563362],[90.59670596705968,22.86379254089418],[90.67230672306727,22.81344844073442],[90.6831068310683,22.785672385473873],[90.69750697506976,22.712760240414923],[90.7371073710737,22.638112091902187],[90.8667086670867,22.485343787969143],[90.8667086670867,22.38986359801099],[90.83070830708306,22.160711142111438],[90.77670776707765,22.089535000506274]]],[[[91.8747187471875,21.832606489346162],[91.83871838718386,21.751014327018282],[91.8207182071821,21.81003844444696],[91.8351183511835,21.884686592959696],[91.84951849518495,21.92635067585053],[91.86031860318604,21.92635067585053],[91.88191881918823,21.88295058950591],[91.8747187471875,21.832606489346162]]],[[[91.95031950319503,21.507973843488443],[91.8891188911889,21.5027658331271],[91.86031860318604,21.53227789184143],[91.8747187471875,21.573941974732264],[91.85671856718568,21.70935024412745],[91.90711907119072,21.723238271757737],[91.93231932319327,21.72150226830395],[91.95031950319503,21.68331019232069],[91.96111961119612,21.61039804726174],[91.95031950319503,21.507973843488443]]],[[[90.64350643506435,22.96274473775989],[90.65790657906581,22.919344651415273],[90.6039060390604,22.945384703222047],[90.5607056070561,22.974896761936378],[90.53550535505354,23.014824841373425],[90.57870578705786,23.03565688281884],[90.64350643506435,22.96274473775989]]]]}},{"type":"Feature","id":"048","properties":{"name":"Bahrain","code":"BH","label":[50.54245623441757,26.04170548135867]},"geometry":{"type":"MultiPolygon","coordinates":[[[[50.60750607506077,25.882702547025488],[50.57510575105752,25.806318395058966],[50.54270542705427,25.834094450319526],[50.46710467104671,25.96603071280714],[50.48870488704887,26.05803889585772],[50.452704527045285,26.189975158345348],[50.47070470704708,26.22816723432861],[50.56430564305643,26.24726327232024],[50.585905859058585,26.240319258505096],[50.55710557105573,26.198655175614277],[50.611106111061105,26.12400702710154],[50.61830618306183,26.002486785336615],[50.60750607506077,25.882702547025488]]]]}},{"type":"Feature","id":"031","properties":{"name":"Azerbaijan","code":"AZ","label":[47.54794600254647,40.28660348340181]},"geometry":{"type":"MultiPolygon","coordinates":[[[[44.81864818648188,39.650945938990645],[44.78264782647827,39.68393000461256],[44.76824768247684,39.70302604260419],[44.865448654486556,39.71865007368825],[45.031050310503105,39.76552216694043],[45.07785077850778,39.742954122041226],[45.124651246512485,39.69608202878905],[45.149851498515005,39.65615394935202],[45.15345153451534,39.58324180429307],[45.17145171451716,39.57108978011658],[45.25425254252542,39.595393828469554],[45.28665286652867,39.56588176975521],[45.351453514535166,39.52942569722575],[45.45585455854558,39.49470562815006],[45.610656106561066,39.55025773867115],[45.68625686256863,39.564145766301436],[45.75105751057512,39.562409762847636],[45.78345783457834,39.545049728309806],[45.7978579785798,39.487761614334914],[45.78345783457834,39.416585472729736],[45.76545765457655,39.378393396746475],[45.7978579785798,39.35061734148593],[45.9238592385924,39.28117720333455],[45.977859778597804,39.24472113080506],[45.95265952659528,39.178752999561254],[46.046260462604636,39.017304678359295],[46.078660786607884,38.95480855402306],[46.11466114661147,38.87842440205654],[45.920259202592035,38.907936460770884],[45.57465574655748,38.97216858856089],[45.4810548105481,39.00688865763658],[45.391053910539114,39.09542483377962],[45.33705337053371,39.13882492012422],[45.25425254252542,39.19437703064531],[45.18945189451895,39.215209072090744],[45.14265142651428,39.25513715152778],[45.11385113851139,39.31242526550267],[45.07065070650708,39.362769365662416],[44.998649986499885,39.42352948654488],[44.83664836648367,39.62837789409147],[44.81864818648188,39.650945938990645]]],[[[48.868688686886884,38.43574352134149],[48.839888398884,38.437479524795265],[48.634686346863475,38.399287448812004],[48.59148591485916,38.41143947298849],[48.41868418684189,38.58677582182074],[48.382683826838274,38.60587185981237],[48.307083070830714,38.61281587362751],[48.26028260282604,38.64232793234183],[48.224282242822426,38.68920002559403],[48.206282062820634,38.72392009466972],[48.022680226802265,38.819400284627875],[47.997479974799745,38.854120353703564],[47.99387993879941,38.88363241241788],[48.01908019080193,38.911408467678456],[48.05148051480515,38.93571251603143],[48.1378813788138,38.95828056093063],[48.242282422824246,38.979112602376034],[48.274682746827466,38.99300063000632],[48.292682926829286,39.019040681813095],[48.292682926829286,39.05896876125013],[48.274682746827466,39.09889684068716],[48.12708127081271,39.17180898574611],[48.10908109081092,39.20305704791426],[48.105481054810554,39.24124912389752],[48.11268112681128,39.28117720333455],[48.13428134281344,39.31242526550267],[48.256682566825674,39.35582535184727],[48.32148321483217,39.399225438191905],[48.281882818828194,39.44783353489785],[48.15228152281523,39.560673759393865],[47.997479974799745,39.68393000461256],[47.89307893078933,39.685666008066335],[47.77427774277743,39.649209935536874],[47.58347583475836,39.543313724856006],[47.47547475474755,39.49817763505763],[47.33867338673389,39.42352948654488],[47.18747187471877,39.340201320763214],[47.0650706507065,39.253401148074005],[46.98946989469894,39.180489003015055],[46.85266852668528,39.14924094084694],[46.784267842678446,39.086744816510674],[46.5538655386554,38.90446445386331],[46.489064890648905,38.906200457317084],[46.48546485464854,38.998208640367665],[46.489064890648905,39.06938478197284],[46.47466474664748,39.111048864863676],[46.40266402664028,39.16833697883857],[46.39906399063992,39.19264102719154],[46.42066420664207,39.20652905482183],[46.47826478264784,39.197849037552885],[46.55026550265504,39.20132104446046],[46.58626586265862,39.22388908935966],[46.507065070650725,39.29853723787241],[46.438664386643865,39.34888133803216],[46.37746377463776,39.38186540365405],[46.36666366663667,39.40269744509948],[46.36666366663667,39.416585472729736],[46.37746377463776,39.433945507267595],[46.47826478264784,39.47560959015843],[46.489064890648905,39.51206566268789],[46.481864818648205,39.55546574903252],[46.32346323463236,39.617961873368756],[46.20106201062012,39.593657825015754],[46.09306093060931,39.66483396662093],[46.02466024660248,39.71865007368825],[45.93825938259383,39.775938187663144],[45.86265862658627,39.80892225328506],[45.79065790657907,39.88183439834401],[45.661056610566106,39.95648254685673],[45.57825578255785,39.977314588302164],[45.58185581855818,39.98946661247865],[45.59625596255964,40.00335464010891],[45.62865628656289,40.013770660831625],[45.8590585905859,40.01203465737785],[45.88425884258842,40.02418668155434],[45.89865898658988,40.05717074717623],[45.93105931059313,40.104042840428434],[45.96705967059671,40.175218982033584],[45.96345963459635,40.23424309946225],[45.73665736657367,40.3297232894204],[45.57105571055712,40.41652346210964],[45.45585455854558,40.53283569351319],[45.376653766537686,40.63873190419406],[45.38025380253802,40.67345197326975],[45.401854018540206,40.70643603889167],[45.57825578255785,40.80365223230359],[45.592655926559274,40.829692284110365],[45.58905589055891,40.847052318648196],[45.52425524255244,40.89739641880794],[45.44505445054452,40.94774051896772],[45.419854198542,40.98593259495095],[45.36945369453696,41.00502863294258],[45.27225272252724,41.00676463639638],[45.106651066510665,41.06926076073262],[45.07065070650708,41.07620477454776],[45.06345063450635,41.08835679872425],[45.07065070650708,41.100508822900736],[45.18945189451895,41.12654887470751],[45.18945189451895,41.14738091615294],[45.15345153451534,41.175156971413486],[45.08505085050851,41.19598901285889],[45.023850238502405,41.246333113018636],[45.00225002250022,41.29146920281704],[45.21825218252184,41.42340546530468],[45.27945279452794,41.44944551711143],[45.42345423454236,41.425141468758454],[45.71505715057151,41.33834129606922],[45.69705697056972,41.28973319936327],[45.7258572585726,41.261957144102695],[45.794257942579435,41.22376506811946],[45.920259202592035,41.18730899558997],[46.03186031860321,41.16647695414457],[46.085860858608584,41.1838369886824],[46.172261722617236,41.19772501631269],[46.280262802628044,41.154324929968055],[46.381063810638125,41.098772819446964],[46.431464314643165,41.07620477454776],[46.456664566645685,41.07099676418642],[46.53586535865358,41.08835679872425],[46.6258662586626,41.15953294032943],[46.66186661866618,41.246333113018636],[46.67266672666727,41.2862611924557],[46.61866618666187,41.34354930643059],[46.507065070650725,41.406045430766824],[46.38466384663846,41.45986153783414],[46.305463054630565,41.50846963454012],[46.255062550625524,41.60221382104447],[46.204662046620484,41.61262984176719],[46.19026190261903,41.624781865943675],[46.18306183061833,41.65776593156559],[46.18306183061833,41.70290202136397],[46.20106201062012,41.73762209043966],[46.25146251462516,41.751510118069945],[46.3018630186302,41.75671812843129],[46.34866348663488,41.789702194053206],[46.406264062640645,41.85567032529701],[46.431464314643165,41.8903903943727],[46.539465394653945,41.8695583529273],[46.5538655386554,41.81227023895241],[46.57186571865719,41.80011821477592],[46.615066150661505,41.807062228591064],[46.690666906669065,41.83136627694404],[46.748267482674834,41.81227023895241],[46.823868238682394,41.74283010080103],[46.9318693186932,41.66991795574208],[46.98946989469894,41.6213098590361],[47.01107011070113,41.588325793414214],[47.0650706507065,41.555341727792296],[47.14427144271443,41.51541364835526],[47.20547205472056,41.45638953092657],[47.25947259472596,41.31577325117004],[47.3170731707317,41.282789185548125],[47.52227522275223,41.228973078480806],[47.59067590675909,41.21855705775809],[47.79227792277925,41.19946101976646],[47.86067860678608,41.21334904739675],[47.965079650796525,41.33313328570787],[48.05508055080551,41.45812553438037],[48.141481414814166,41.48416558618712],[48.299882998829986,41.54492570706958],[48.389883898839,41.60221382104447],[48.42948429484295,41.662973941926936],[48.51948519485197,41.77928617333049],[48.57348573485734,41.845254304574325],[48.66348663486636,41.786230187145634],[48.82548825488254,41.62998987630502],[49.052290522905224,41.374797368598706],[49.10629106291063,41.301885223539756],[49.14229142291424,41.21855705775809],[49.17469174691749,41.116132853984794],[49.22509225092253,41.025860674388014],[49.455494554945545,40.80018022539602],[49.556295562955626,40.716852059614354],[49.71829718297184,40.60748384202594],[49.77589775897761,40.58317979367294],[49.85149851498517,40.5779717833116],[49.991899918999195,40.576235779857825],[50.117901179011795,40.53457169696699],[50.18270182701829,40.505059638252646],[50.24750247502476,40.46165955190804],[50.30510305103053,40.413051455202066],[50.36630366303663,40.27937918926065],[50.143101431014315,40.322779275605285],[49.919899198992,40.31583526179014],[49.790297902979034,40.288059206529596],[49.6678966789668,40.249867130546335],[49.55269552695529,40.194315020025215],[49.47709477094773,40.086682805890575],[49.4158941589416,39.84017031545318],[49.32589325893261,39.60754585264604],[49.32589325893261,39.50164964196517],[49.36909369093692,39.399225438191905],[49.36189361893619,39.34888133803216],[49.322293222932245,39.32804929658673],[49.26829268292684,39.28464921024212],[49.19989199892001,39.072856788880415],[49.1638916389164,39.02945670253578],[49.120691206912085,39.00341665072904],[49.10989109891099,39.02945670253578],[49.10989109891099,39.0850088130569],[49.012690126901276,39.13361690976288],[48.962289622896236,39.07806479924176],[48.926289262892624,38.961752567838204],[48.85428854288543,38.838496322619505],[48.850688506885064,38.8159282777203],[48.868688686886884,38.43574352134149]],[[45.553055530555326,40.61616385929486],[45.56385563855639,40.649147924916775],[45.535055350553506,40.664771956000834],[45.50625506255062,40.664771956000834],[45.477454774547766,40.649147924916775],[45.477454774547766,40.60748384202594],[45.51345513455135,40.59880382475703],[45.553055530555326,40.61616385929486]]],[[[45.023850238502405,41.027596677841785],[45.00225002250022,41.0154446536653],[44.969849698497,41.027596677841785],[44.95904959049591,41.05190072619479],[44.96264962649627,41.07967678145533],[44.99504995049952,41.08488479181668],[45.02025020250204,41.07794077800153],[45.02745027450274,41.05363672964856],[45.023850238502405,41.027596677841785]]]]}},{"type":"Feature","id":"051","properties":{"name":"Armenia","code":"AM","label":[44.938265646849416,40.28780654696867]},"geometry":{"type":"MultiPolygon","coordinates":[[[[44.76824768247684,39.70302604260419],[44.73224732247323,39.7464261289488],[44.55944559445595,39.887042408705355],[44.4010440104401,39.996410626293766],[44.28944289442896,40.0398107126384],[44.177841778417786,40.03633870573083],[44.00504005040051,40.013770660831625],[43.94023940239404,40.02245067810054],[43.792637926379285,40.07105877480652],[43.666636666366685,40.12661088532761],[43.68463684636848,40.14917893022681],[43.709837098371,40.16653896476467],[43.67743677436775,40.23945110982362],[43.60903609036092,40.355763341227174],[43.616236162361645,40.393955417210435],[43.59463594635946,40.44429951737018],[43.56943569435694,40.482491593353444],[43.666636666366685,40.574499776404025],[43.71343713437136,40.647411921462975],[43.724237242372425,40.720324066521925],[43.69543695436954,40.794972215034676],[43.63063630636307,40.92864448097609],[43.591035910359125,40.96857256041312],[43.5190351903519,41.00502863294258],[43.45423454234543,41.064052750371275],[43.439834398344004,41.10745283671588],[43.490234902349044,41.116132853984794],[43.6450364503645,41.116132853984794],[43.792637926379285,41.13175688506888],[43.90783907839079,41.15953294032943],[44.077040770407706,41.18210098522863],[44.14544145441454,41.20293302667403],[44.228242282422826,41.21334904739675],[44.4730447304473,41.190781002497545],[44.563045630456315,41.208141037035375],[44.840248402484036,41.21161304394295],[44.847448474484764,41.22029306121189],[44.81144811448115,41.248069116472436],[44.81144811448115,41.26022114064892],[44.9770497704977,41.27758117518678],[45.00225002250022,41.29146920281704],[45.023850238502405,41.246333113018636],[45.08505085050851,41.19598901285889],[45.15345153451534,41.175156971413486],[45.18945189451895,41.14738091615294],[45.18945189451895,41.12654887470751],[45.07065070650708,41.100508822900736],[45.06345063450635,41.08835679872425],[45.07065070650708,41.07620477454776],[45.106651066510665,41.06926076073262],[45.27225272252724,41.00676463639638],[45.36945369453696,41.00502863294258],[45.419854198542,40.98593259495095],[45.44505445054452,40.94774051896772],[45.52425524255244,40.89739641880794],[45.58905589055891,40.847052318648196],[45.592655926559274,40.829692284110365],[45.57825578255785,40.80365223230359],[45.401854018540206,40.70643603889167],[45.38025380253802,40.67345197326975],[45.376653766537686,40.63873190419406],[45.45585455854558,40.53283569351319],[45.57105571055712,40.41652346210964],[45.73665736657367,40.3297232894204],[45.96345963459635,40.23424309946225],[45.96705967059671,40.175218982033584],[45.93105931059313,40.104042840428434],[45.89865898658988,40.05717074717623],[45.88425884258842,40.02418668155434],[45.8590585905859,40.01203465737785],[45.62865628656289,40.013770660831625],[45.59625596255964,40.00335464010891],[45.58185581855818,39.98946661247865],[45.57825578255785,39.977314588302164],[45.661056610566106,39.95648254685673],[45.79065790657907,39.88183439834401],[45.86265862658627,39.80892225328506],[45.93825938259383,39.775938187663144],[46.02466024660248,39.71865007368825],[46.09306093060931,39.66483396662093],[46.20106201062012,39.593657825015754],[46.32346323463236,39.617961873368756],[46.481864818648205,39.55546574903252],[46.489064890648905,39.51206566268789],[46.47826478264784,39.47560959015843],[46.37746377463776,39.433945507267595],[46.36666366663667,39.416585472729736],[46.36666366663667,39.40269744509948],[46.37746377463776,39.38186540365405],[46.438664386643865,39.34888133803216],[46.507065070650725,39.29853723787241],[46.58626586265862,39.22388908935966],[46.55026550265504,39.20132104446046],[46.47826478264784,39.197849037552885],[46.42066420664207,39.20652905482183],[46.39906399063992,39.19264102719154],[46.40266402664028,39.16833697883857],[46.47466474664748,39.111048864863676],[46.489064890648905,39.06938478197284],[46.48546485464854,38.998208640367665],[46.489064890648905,38.906200457317084],[46.31626316263163,38.91314447113223],[46.16866168661687,38.86974438478762],[46.11466114661147,38.87842440205654],[46.078660786607884,38.95480855402306],[46.046260462604636,39.017304678359295],[45.95265952659528,39.178752999561254],[45.977859778597804,39.24472113080506],[45.9238592385924,39.28117720333455],[45.7978579785798,39.35061734148593],[45.76545765457655,39.378393396746475],[45.78345783457834,39.416585472729736],[45.7978579785798,39.487761614334914],[45.78345783457834,39.545049728309806],[45.75105751057512,39.562409762847636],[45.68625686256863,39.564145766301436],[45.610656106561066,39.55025773867115],[45.45585455854558,39.49470562815006],[45.351453514535166,39.52942569722575],[45.28665286652867,39.56588176975521],[45.25425254252542,39.595393828469554],[45.17145171451716,39.57108978011658],[45.15345153451534,39.58324180429307],[45.149851498515005,39.65615394935202],[45.124651246512485,39.69608202878905],[45.07785077850778,39.742954122041226],[45.031050310503105,39.76552216694043],[44.865448654486556,39.71865007368825],[44.76824768247684,39.70302604260419]],[[45.023850238502405,41.027596677841785],[45.02745027450274,41.05363672964856],[45.02025020250204,41.07794077800153],[44.99504995049952,41.08488479181668],[44.96264962649627,41.07967678145533],[44.95904959049591,41.05190072619479],[44.969849698497,41.027596677841785],[45.00225002250022,41.0154446536653],[45.023850238502405,41.027596677841785]]],[[[45.553055530555326,40.61616385929486],[45.51345513455135,40.59880382475703],[45.477454774547766,40.60748384202594],[45.477454774547766,40.649147924916775],[45.50625506255062,40.664771956000834],[45.535055350553506,40.664771956000834],[45.56385563855639,40.649147924916775],[45.553055530555326,40.61616385929486]]]]}},{"type":"Feature","id":"004","properties":{"name":"Afghanistan","code":"AF","label":[65.925899147139,33.81880137672014]},"geometry":{"type":"MultiPolygon","coordinates":[[[[66.52326523265234,37.349005359272354],[66.82926829268294,37.371573404171556],[67.07047070470705,37.33511733164208],[67.19647196471965,37.234429131322585],[67.31887318873189,37.2101250829696],[67.44127441274415,37.25873317967556],[67.51687516875171,37.26741319694449],[67.54567545675457,37.23616513477637],[67.6068760687607,37.222277107146084],[67.70047700477005,37.22748511750744],[67.75447754477545,37.199709062246896],[67.75807758077582,37.171933006986336],[67.76527765277655,37.14068494481822],[67.83367833678338,37.0643007928517],[67.95967959679598,36.972292609801116],[68.06768067680679,36.94972456490191],[68.21168211682118,37.02090070650708],[68.26208262082622,37.01222068923816],[68.28368283682838,37.03652473759114],[68.2980829808298,37.088604841204685],[68.38808388083882,37.13721293791065],[68.54648546485467,37.18408503116282],[68.63648636486366,37.22401311059987],[68.6688866888669,37.25873317967556],[68.72288722887231,37.26741319694449],[68.78048780487805,37.25873317967556],[68.82368823688239,37.27088520385206],[68.83808838088382,37.30213326602018],[68.85608856088561,37.31602129365045],[68.8848888488885,37.32817331782695],[68.91008910089101,37.333381328188295],[68.96048960489605,37.32470131091938],[69.05049050490507,37.2656771934907],[69.180091800918,37.15804497935606],[69.26649266492666,37.107700879196315],[69.30249302493027,37.11638089646523],[69.35289352893531,37.149364962087134],[69.41409414094142,37.20838907951581],[69.42849428494287,37.29171724529748],[69.39969399693999,37.399349459432116],[69.42129421294214,37.48614963212134],[69.49329493294934,37.55385376681893],[69.62649626496267,37.59378184625598],[69.8208982089821,37.60940587734004],[69.93969939699397,37.60072586007112],[69.98649986499865,37.56600579099543],[70.04410044100442,37.5469097530038],[70.11970119701198,37.54343774609623],[70.18810188101881,37.58162982207949],[70.2529025290253,37.66495798786114],[70.25650256502567,37.765646188180654],[70.1989019890199,37.88543042649178],[70.21330213302133,37.92362250247504],[70.23850238502385,37.940982537012886],[70.31410314103141,37.984382623357504],[70.41850418504185,38.074654802954285],[70.51930519305193,38.19270303781164],[70.61650616506165,38.33505532102197],[70.73530735307355,38.421855493711206],[70.87930879308794,38.456575562786895],[71.05211052110522,38.418383486803634],[71.25731257312574,38.30727926576142],[71.3329133291333,38.17013499291244],[71.28251282512826,38.00868667171048],[71.2789127891279,37.91841449211368],[71.31851318513185,37.90105445757584],[71.39051390513907,37.9062624679372],[71.48771487714879,37.93230251974397],[71.55251552515526,37.93230251974397],[71.58131581315814,37.90973447484477],[71.58131581315814,37.864598385046364],[71.54531545315453,37.795158246894985],[71.50571505715058,37.60246186352491],[71.48051480514806,37.43580553196159],[71.45531455314554,37.272621207305846],[71.43371433714339,37.126796917187946],[71.47331473314733,37.015692696145734],[71.5309153091531,36.845564357674846],[71.59571595715957,36.73272413317885],[71.66411664116643,36.69626806064937],[71.73251732517326,36.684116036472886],[71.8009180091801,36.69453205719559],[71.94131941319415,36.76570819880075],[72.15372153721538,36.90111646819595],[72.3589235892359,36.98270863052382],[72.65772657726578,37.02958072377601],[72.75852758527586,37.171933006986336],[72.89532895328955,37.26741319694449],[73.21213212132122,37.40802947670103],[73.38133381333813,37.46184558376835],[73.48213482134821,37.47226160449107],[73.60453604536048,37.44622155268429],[73.63333633336333,37.43754153541538],[73.65853658536585,37.430597521600234],[73.71973719737198,37.41844549742375],[73.73413734137341,37.37504541107913],[73.71613716137162,37.329909321280724],[73.64773647736479,37.29171724529748],[73.62613626136263,37.26220518658313],[73.65493654936552,37.23963714168393],[73.74853748537487,37.23095712441501],[73.95013950139503,37.28303722802855],[74.07614076140763,37.31602129365045],[74.16614166141662,37.329909321280724],[74.20214202142023,37.37330940762534],[74.25974259742597,37.414973490516175],[74.34974349743499,37.41844549742375],[74.44334443344434,37.395877452524545],[74.52254522545226,37.38198942489427],[74.65934659346595,37.39414144907076],[74.73134731347315,37.35768537654128],[74.83214832148323,37.28650923493612],[74.87534875348754,37.241373145137715],[74.88974889748897,37.23095712441501],[74.83934839348393,37.225749114053656],[74.76734767347673,37.24831715895286],[74.73854738547385,37.28650923493612],[74.72774727747279,37.28998124184369],[74.67014670146702,37.26741319694449],[74.55854558545587,37.23616513477637],[74.37134371343714,37.15804497935606],[74.3749437494375,37.13721293791065],[74.49734497344974,37.05735677903655],[74.52614526145263,37.03131672722979],[74.54054540545405,37.022636709960864],[74.43254432544327,36.9844446339776],[74.1949419494195,36.89764446128838],[74.04014040140402,36.826468319683215],[74.00054000540007,36.82299631277564],[73.90693906939072,36.852508371489975],[73.77013770137702,36.88896444401945],[73.73053730537308,36.88722844056568],[73.41013410134101,36.88202043020432],[73.11853118531187,36.86813240257405],[72.99252992529927,36.8507723680362],[72.76572765727659,36.83514833695213],[72.6217262172622,36.82994032659079],[72.53172531725318,36.80216427133023],[72.4309243092431,36.76570819880075],[72.32652326523265,36.74314015390155],[72.25092250922509,36.734460136632634],[72.15732157321574,36.70147607101073],[72.0961209612096,36.633771936313124],[71.919719197192,36.534819739447414],[71.82251822518225,36.48621164274144],[71.77211772117721,36.43239553567412],[71.71811718117183,36.427187525312775],[71.62091620916209,36.43586754258169],[71.54531545315453,36.37684342515301],[71.46251462514627,36.29351525937136],[71.31131311313115,36.17199501760645],[71.23211232112322,36.121650917446686],[71.18531185311855,36.04179475857261],[71.22131221312213,36.000130675681774],[71.34371343713437,35.93937055479931],[71.39771397713977,35.88034643737063],[71.42651426514266,35.83347434411846],[71.48411484114843,35.7154261092611],[71.52011520115201,35.59737787440376],[71.57051570515705,35.547033774244014],[71.58851588515887,35.460233601554776],[71.59931599315993,35.40815349794124],[71.57051570515705,35.36996142195798],[71.54531545315453,35.32829733906716],[71.54531545315453,35.288369259630116],[71.57771577715778,35.24844118019307],[71.60651606516066,35.211985107663594],[71.62091620916209,35.18247304894926],[71.6029160291603,35.15122498678113],[71.54531545315453,35.10088088662138],[71.51651516515167,35.050536786461635],[71.45531455314554,34.96720862067997],[71.35811358113583,34.90992050670508],[71.29331293312933,34.86825642381426],[71.2249122491225,34.77972024767125],[71.11331113311135,34.680768050805526],[71.06651066510665,34.599175888477646],[71.01611016110161,34.554039798679256],[70.96570965709657,34.52973575032627],[70.98010980109802,34.48633566398166],[71.02331023310234,34.43078355346056],[71.09531095310953,34.370023432578094],[71.09171091710917,34.272807239166156],[71.08811088110883,34.20336710101478],[71.09171091710917,34.120038935233126],[71.05211052110522,34.04886279362795],[70.8469084690847,33.981158658930354],[70.65250652506526,33.95164660021602],[70.41490414904149,33.94991059676224],[70.3249032490325,33.96032661748494],[70.2529025290253,33.975950648569],[69.99369993699938,34.05233480053552],[69.88929889298893,34.00719871073713],[69.86769867698678,33.8978304931487],[70.05490054900551,33.719022137408885],[70.1341013410134,33.620069940543175],[70.22050220502206,33.455149612433644],[70.28530285302853,33.36834943974442],[70.260102601026,33.28849328087033],[70.0909009090091,33.19822110127353],[69.92169921699218,33.11315693203808],[69.70209702097023,33.09406089404645],[69.5688956889569,33.06454883533212],[69.50049500495007,33.01941274553373],[69.45369453694539,32.83366037597878],[69.40329403294035,32.76422023782739],[69.40689406894069,32.68262807549952],[69.36009360093601,32.59061989244894],[69.29169291692918,32.52985977156648],[69.24129241292414,32.434379581608326],[69.25569255692557,32.24862721205339],[69.28089280892809,31.936146590372175],[69.18729187291873,31.838930396960237],[69.08289082890829,31.738242196640726],[68.97488974889751,31.667066055035562],[68.87048870488707,31.63408198941366],[68.78408784087841,31.646234013590146],[68.71208712087122,31.708730137926395],[68.67248672486727,31.759074238086143],[68.59688596885971,31.80247432443076],[68.52128521285215,31.793794307161832],[68.44208442084422,31.7538662277248],[68.31968319683199,31.767754255355072],[68.21528215282154,31.80768233479212],[68.16128161281614,31.80247432443076],[68.12888128881289,31.762546244993715],[68.01728017280175,31.677482075758277],[67.74007740077403,31.54901782017822],[67.62847628476285,31.538601799455506],[67.57807578075781,31.50735373728739],[67.5960759607596,31.45353763022007],[67.64647646476465,31.41013754387545],[67.7328773287733,31.378889481707333],[67.73647736477366,31.344169412631643],[67.6608766087661,31.312921350463526],[67.5960759607596,31.278201281387837],[67.45207452074521,31.234801195043218],[67.28647286472867,31.217441160505373],[67.11727117271172,31.243481212312133],[67.02727027270274,31.300769326287025],[66.92286922869229,31.305977336648382],[66.82926829268294,31.26431325375755],[66.73206732067322,31.19487311560617],[66.62406624066242,31.0455768185807],[66.59526595265953,31.01953676677394],[66.56646566465665,30.996968721874737],[66.49806498064981,30.963984656252833],[66.39726397263973,30.9119045526393],[66.3468634686347,30.80253633505086],[66.28566285662856,30.608103948226997],[66.30006300063002,30.502207737546144],[66.30726307263075,30.321663378352554],[66.28206282062823,30.193199122772498],[66.23886238862389,30.109870956990832],[66.24606246062461,30.043902825747026],[66.31446314463145,29.96925467723429],[66.28566285662856,29.920646580528327],[66.23166231662319,29.86509447000722],[66.17766177661778,29.835582411292876],[65.96165961659617,29.778294297317984],[65.66645666456665,29.701910145351476],[65.47205472054722,29.651566045191714],[65.18045180451804,29.576917896678978],[65.09405094050942,29.559557862141133],[64.91764917649178,29.552613848326004],[64.82764827648276,29.56476587250249],[64.70524705247053,29.566501875956277],[64.52164521645219,29.56476587250249],[64.39204392043922,29.543933831057075],[64.26604266042662,29.5074777585276],[64.17244172441724,29.460605665275423],[64.11844118441186,29.413733572023233],[64.10044100441004,29.39116552712403],[63.97083970839708,29.42935760310729],[63.56763567635676,29.498797741258684],[62.476824768247695,29.40852556166189],[62.37242372423725,29.425885596199734],[62.00162001620018,29.530045803426802],[61.5228152281523,29.665454072822],[61.22401224012242,29.748782238603653],[60.842408424084255,29.858150456192078],[61.10521105211052,30.128966994982463],[61.3320133201332,30.363327461243372],[61.55881558815588,30.599423930958082],[61.78561785617856,30.832048393765206],[61.81081810818108,30.91364055609307],[61.814418144181445,31.07335287384126],[61.75681756817568,31.285145295202966],[61.65961659616596,31.382361488614904],[61.346413464134656,31.42228956805195],[61.11241112411125,31.451801626766283],[60.85320853208532,31.4830496889344],[60.8208082080821,31.4952017131109],[60.792007920079215,31.660122041220433],[60.80280802808028,31.73477018973317],[60.78840788407885,31.877122472943498],[60.78840788407885,31.986490690531923],[60.8280082800828,32.1687710531793],[60.8280082800828,32.24862721205339],[60.709207092070926,32.59929990971786],[60.64440644406446,32.793732296541734],[60.5760057600576,32.99510869718074],[60.56160561605617,33.05934082497076],[60.56160561605617,33.13746098039107],[60.716407164071654,33.323213349946016],[60.766807668076694,33.36314142938306],[60.86040860408605,33.45688561588743],[60.918009180091815,33.50549371259339],[60.90720907209072,33.538477778215295],[60.80640806408064,33.55930981966071],[60.65520655206552,33.5610458231145],[60.57240572405726,33.58882187837504],[60.51120511205113,33.639165978534805],[60.48600486004861,33.712078123593756],[60.52560525605256,33.8422783826276],[60.48600486004861,34.09399888342635],[60.5688056880569,34.218991132098836],[60.64440644406446,34.307527308241845],[60.88920889208893,34.319679332418346],[60.80280802808028,34.418631529284056],[60.76320763207633,34.47591964325895],[60.734407344073446,34.491543674343006],[60.72720727207272,34.51758372614978],[60.73800738007381,34.545359781410326],[60.80280802808028,34.554039798679256],[60.84600846008462,34.58702386430116],[60.91440914409145,34.633895957553335],[60.95040950409506,34.652991995544966],[60.95760957609576,34.71028010951986],[60.99000990009901,34.750208188956904],[61.04041040410405,34.798816285662866],[61.080010800108,34.85610439963776],[61.069210692106935,34.92207253088158],[61.10521105211052,35.00192868975566],[61.12321123211234,35.050536786461635],[61.14841148411486,35.09393687280624],[61.126811268112704,35.15643299714249],[61.10521105211052,35.21024910420981],[61.10161101611018,35.27274522854606],[61.14121141211413,35.288369259630116],[61.18801188011881,35.31267330798309],[61.1988119881199,35.361281404689066],[61.22401224012242,35.4237775290253],[61.245612456124576,35.47412162918506],[61.278012780127824,35.514049708622096],[61.28161281612816,35.55397778805914],[61.26361263612637,35.619945919302964],[61.346413464134656,35.62862593657188],[61.378813788137876,35.59390586749619],[61.422014220142216,35.54529777079023],[61.54441544415445,35.458497598101005],[61.62001620016201,35.43245754629423],[61.72081720817209,35.41856951866396],[61.839618396183965,35.430721542840445],[61.93681936819368,35.44808157737829],[61.98361983619836,35.44287356701693],[62.0880208802088,35.3803774426807],[62.2140221402214,35.2901052630839],[62.25362253622538,35.250177183646855],[62.27162271622717,35.18941706276439],[62.30762307623078,35.17032102477276],[62.38682386823868,35.231081145655224],[62.46242462424624,35.25191318710064],[62.534425344253464,35.23976116292414],[62.610026100261024,35.23281714910901],[62.68922689226892,35.25538519400821],[62.72162721627217,35.27100922509227],[62.85842858428586,35.349129380512565],[62.9808298082981,35.40988950139503],[63.05643056430566,35.4463455739245],[63.08523085230854,35.56786581568943],[63.11763117631176,35.63730595384081],[63.1680316803168,35.67897003673163],[63.15003150031501,35.7275781334376],[63.12843128431285,35.76750621287465],[63.1068310683107,35.8178503130344],[63.12843128431285,35.845626368294944],[63.17883178831789,35.857778392471445],[63.30123301233013,35.857778392471445],[63.51723517235172,35.91333050299255],[63.69723697236972,35.96714661005987],[63.8628386283863,36.01228269985826],[63.93843938439386,36.019226713673405],[64.01044010440106,36.01228269985826],[64.0428404284043,36.02443472403476],[64.050040500405,36.06783481037937],[64.09324093240934,36.11297090017777],[64.18324183241833,36.149426972707246],[64.35964359643597,36.22581112467377],[64.5108451084511,36.34038735262354],[64.5648456484565,36.427187525312775],[64.60084600846008,36.553915777439045],[64.6728467284673,36.75008416771669],[64.7520475204752,36.96534859598597],[64.78084780847809,37.05909278249034],[64.8168481684817,37.13200492754929],[64.95004950049503,37.19276504843175],[65.09045090450905,37.23790113823014],[65.30285302853031,37.24658115549907],[65.55485554855551,37.25178916586043],[65.60885608856088,37.368101397263985],[65.64125641256413,37.46705359412971],[65.68445684456844,37.51913369774324],[65.74205742057421,37.560797780634076],[65.76365763657637,37.56947779790299],[65.90045900459006,37.50871767702054],[66.10926109261092,37.414973490516175],[66.35046350463506,37.368101397263985],[66.4728647286473,37.3455333523648],[66.52326523265234,37.349005359272354]]]]}}]}