{"type":"FeatureCollection","features":[{"type":"Feature","id":"010","properties":{"name":"Antarctica","code":"AQ","label":[82.07138201407001,-84.9385552864662]},"geometry":{"type":"MultiPolygon","coordinates":[[[[-45.718657186571875,-60.52166135473854],[-45.499054990549894,-60.54596540309152],[-45.38745387453875,-60.582421475621],[-45.358653586535866,-60.62408555851182],[-45.2290522905229,-60.63970958959589],[-45.21105211052111,-60.64838960686481],[-45.18585185851859,-60.6726936552178],[-45.17145171451713,-60.69873370702456],[-45.1750517505175,-60.733453776100255],[-45.39825398253981,-60.6501256103186],[-45.70785707857078,-60.64491759995724],[-45.77985779857798,-60.58589348252857],[-45.93825938259383,-60.62061355160426],[-45.95625956259562,-60.59804550670506],[-45.95625956259562,-60.568533447990724],[-45.93465934659346,-60.5268693650999],[-45.83385833858338,-60.54422939963774],[-45.718657186571875,-60.52166135473854]]],[[[-90.53550535505354,-68.79718981892944],[-90.54630546305462,-68.79892582238321],[-90.56790567905679,-68.79892582238321],[-90.58230582305822,-68.79892582238321],[-90.59670596705966,-68.800661825837],[-90.60750607506074,-68.80239782929078],[-90.61830618306183,-68.80239782929078],[-90.62190621906218,-68.80239782929078],[-90.62190621906218,-68.800661825837],[-90.62910629106291,-68.79718981892944],[-90.63990639906399,-68.78850980166051],[-90.6471064710647,-68.77982978439158],[-90.65070650706507,-68.77114976712267],[-90.6471064710647,-68.75899774294618],[-90.63630636306362,-68.75378973258482],[-90.63630636306362,-68.74684571876968],[-90.63630636306362,-68.73816570150076],[-90.63270632706326,-68.72948568423183],[-90.62910629106291,-68.72080566696292],[-90.62910629106291,-68.71559765660156],[-90.62550625506255,-68.71386165314777],[-90.61830618306183,-68.71212564969399],[-90.60030600306003,-68.71212564969399],[-90.58950589505895,-68.71212564969399],[-90.57150571505714,-68.71386165314777],[-90.56070560705606,-68.71559765660156],[-90.54990549905499,-68.71906966350913],[-90.53550535505354,-68.72774968077805],[-90.52470524705247,-68.73816570150076],[-90.52470524705247,-68.74337371186212],[-90.5211052110521,-68.74858172222346],[-90.5211052110521,-68.7555257360386],[-90.51750517505175,-68.76420575330752],[-90.51390513905139,-68.77114976712267],[-90.51750517505175,-68.78330179129915],[-90.52470524705247,-68.79545381547564],[-90.53190531905318,-68.79718981892944],[-90.53550535505354,-68.79718981892944]]],[[[-180,-89.999],[178.59238592385924,-89.999],[177.18837188371884,-89.999],[175.78075780757808,-89.999],[174.3767437674377,-89.999],[172.96912969129693,-89.999],[171.56151561515617,-89.999],[170.15750157501577,-89.999],[168.749887498875,-89.999],[167.34227342273425,-89.999],[165.93825938259386,-89.999],[164.5306453064531,-89.999],[163.1266312663127,-89.999],[161.71901719017194,-89.999],[160.31140311403118,-89.999],[158.90738907389073,-89.999],[157.49977499774997,-89.999],[156.0921609216092,-89.999],[154.6881468814688,-89.999],[153.28053280532805,-89.999],[151.87651876518765,-89.999],[150.4689046890469,-89.999],[149.06129061290613,-89.999],[147.65727657276574,-89.999],[146.24966249662498,-89.999],[144.84204842048422,-89.999],[143.43803438034382,-89.999],[142.03042030420306,-89.999],[140.62640626406267,-89.999],[139.2187921879219,-89.999],[137.81117811178115,-89.999],[136.40716407164075,-89.999],[134.9995499955,-89.999],[133.59553595535954,-89.999],[132.18792187921878,-89.999],[130.78030780307802,-89.999],[129.37629376293762,-89.999],[127.96867968679686,-89.999],[126.5610656106561,-89.999],[125.1570515705157,-89.999],[123.74943749437494,-89.999],[122.34542345423455,-89.999],[120.93780937809379,-89.999],[119.53019530195303,-89.999],[118.12618126181263,-89.999],[116.71856718567187,-89.999],[115.31095310953111,-89.999],[113.90693906939072,-89.999],[112.49932499324996,-89.999],[111.09531095310956,-89.999],[109.6876968769688,-89.999],[108.28008280082804,-89.999],[106.87606876068764,-89.999],[105.46845468454683,-89.999],[104.06084060840607,-89.999],[102.65682656826567,-89.999],[101.24921249212491,-89.999],[99.84519845198452,-89.999],[98.43758437584376,-89.999],[97.029970299703,-89.999],[95.6259562595626,-89.999],[94.21834218342184,-89.999],[92.81072810728108,-89.999],[91.40671406714068,-89.999],[89.99909999099992,-89.999],[88.59508595085953,-89.999],[87.18747187471877,-89.999],[85.779857798578,-89.999],[84.37584375843761,-89.999],[82.96822968229685,-89.999],[81.56421564215646,-89.999],[80.1566015660157,-89.999],[78.74898748987493,-89.999],[77.34497344973448,-89.999],[75.93735937359375,-89.999],[74.52974529745299,-89.999],[73.1257312573126,-89.999],[71.71811718117183,-89.999],[70.31410314103141,-89.999],[68.90648906489065,-89.999],[67.49887498874989,-89.999],[66.0948609486095,-89.999],[64.68724687246873,-89.999],[63.279632796327974,-89.999],[61.87561875618758,-89.999],[60.46800468004682,-89.999],[59.06399063990642,-89.999],[57.65637656376563,-89.999],[56.24876248762487,-89.999],[54.84474844748448,-89.999],[53.43713437134372,-89.999],[52.02952029520296,-89.999],[50.62550625506256,-89.999],[49.2178921789218,-89.999],[47.813878138781405,-89.999],[46.406264062640645,-89.999],[44.998649986499885,-89.999],[43.59463594635946,-89.999],[42.1870218702187,-89.999],[40.783007830078304,-89.999],[39.375393753937544,-89.999],[37.967779677796784,-89.999],[36.56376563765639,-89.999],[35.15615156151563,-89.999],[33.74853748537487,-89.999],[32.34452344523447,-89.999],[30.936909369093712,-89.999],[29.532895328953288,-89.999],[28.125281252812528,-89.999],[26.717667176671767,-89.999],[25.31365313653137,-89.999],[23.90603906039061,-89.999],[22.49842498424985,-89.999],[21.094410944109455,-89.999],[19.686796867968695,-89.999],[18.2827828278283,-89.999],[16.87516875168751,-89.999],[15.46755467554675,-89.999],[14.063540635406355,-89.999],[12.655926559265595,-89.999],[11.248312483124835,-89.999],[9.844298442984439,-89.999],[8.436684366843679,-89.999],[7.032670326703283,-89.999],[5.625056250562523,-89.999],[4.2174421744217625,-89.999],[2.813428134281338,-89.999],[1.405814058140578,-89.999],[-0.0018000180001820354,-89.999],[-1.405814058140578,-89.999],[-2.813428134281338,-89.999],[-4.217442174421734,-89.999],[-5.625056250562494,-89.999],[-7.032670326703254,-89.999],[-8.43668436684365,-89.999],[-9.84429844298441,-89.999],[-11.248312483124835,-89.999],[-12.655926559265595,-89.999],[-14.063540635406355,-89.999],[-15.46755467554675,-89.999],[-16.87516875168751,-89.999],[-18.28278282782827,-89.999],[-19.686796867968667,-89.999],[-21.094410944109427,-89.999],[-22.498424984249823,-89.999],[-23.90603906039061,-89.999],[-25.31365313653137,-89.999],[-26.717667176671767,-89.999],[-28.125281252812528,-89.999],[-29.532895328953288,-89.999],[-30.936909369093684,-89.999],[-32.344523445234444,-89.999],[-33.74853748537484,-89.999],[-35.1561515615156,-89.999],[-36.56376563765636,-89.999],[-37.967779677796784,-89.999],[-39.375393753937544,-89.999],[-40.783007830078304,-89.999],[-42.1870218702187,-89.999],[-43.59463594635946,-89.999],[-44.998649986499856,-89.999],[-46.406264062640616,-89.999],[-47.81387813878138,-89.999],[-49.21789217892177,-89.999],[-50.62550625506253,-89.999],[-52.02952029520294,-89.999],[-53.4371343713437,-89.999],[-54.84474844748448,-89.999],[-56.24876248762487,-89.999],[-57.65637656376563,-89.999],[-59.06399063990639,-89.999],[-60.46800468004679,-89.999],[-61.87561875618756,-89.999],[-63.27963279632796,-89.999],[-64.68724687246872,-89.999],[-66.09486094860948,-89.999],[-67.49887498874989,-89.999],[-68.90648906489065,-89.999],[-70.31410314103141,-89.999],[-71.7181171811718,-89.999],[-73.12573125731257,-89.999],[-74.52974529745298,-89.999],[-75.93735937359374,-89.999],[-77.3449734497345,-89.999],[-78.74898748987489,-89.999],[-80.15660156601565,-89.999],[-81.56421564215641,-89.999],[-82.96822968229682,-89.999],[-84.37584375843758,-89.999],[-85.77985779857798,-89.999],[-87.18747187471874,-89.999],[-88.5950859508595,-89.999],[-89.99909999099991,-89.999],[-91.40671406714067,-89.999],[-92.81072810728107,-89.999],[-94.21834218342183,-89.999],[-95.6259562595626,-89.999],[-97.029970299703,-89.999],[-98.43758437584376,-89.999],[-99.84519845198452,-89.999],[-101.24921249212491,-89.999],[-102.65682656826569,-89.999],[-104.06084060840608,-89.999],[-105.46845468454684,-89.999],[-106.8760687606876,-89.999],[-108.28008280082801,-89.999],[-109.68769687696877,-89.999],[-111.09531095310953,-89.999],[-112.49932499324993,-89.999],[-113.90693906939069,-89.999],[-115.3109531095311,-89.999],[-116.71856718567184,-89.999],[-118.12618126181262,-89.999],[-119.53019530195301,-89.999],[-120.93780937809379,-89.999],[-122.34542345423455,-89.999],[-123.74943749437494,-89.999],[-125.1570515705157,-89.999],[-126.5610656106561,-89.999],[-127.96867968679686,-89.999],[-129.37629376293762,-89.999],[-130.78030780307802,-89.999],[-132.18792187921878,-89.999],[-133.59553595535954,-89.999],[-134.99954999549996,-89.999],[-136.40716407164072,-89.999],[-137.81117811178112,-89.999],[-139.21879218792188,-89.999],[-140.62640626406264,-89.999],[-142.03042030420303,-89.999],[-143.4380343803438,-89.999],[-144.84204842048422,-89.999],[-146.24966249662498,-89.999],[-147.65727657276574,-89.999],[-149.06129061290613,-89.999],[-150.4689046890469,-89.999],[-151.87651876518765,-89.999],[-153.28053280532805,-89.999],[-154.6881468814688,-89.999],[-156.0921609216092,-89.999],[-157.49977499774997,-89.999],[-158.90738907389073,-89.999],[-160.31140311403115,-89.999],[-161.7190171901719,-89.999],[-163.12663126631267,-89.999],[-164.53064530645307,-89.999],[-165.93825938259383,-89.999],[-167.34227342273422,-89.999],[-168.74988749887498,-89.999],[-170.15750157501574,-89.999],[-171.56151561515614,-89.999],[-172.9691296912969,-89.999],[-174.3767437674377,-89.999],[-175.78075780757808,-89.999],[-177.18837188371884,-89.999],[-178.59238592385924,-89.999],[-180,-89.999]],[[-180,-84.35178076483889],[-178.39078390783908,-84.33789273720862],[-178.07038070380705,-84.35178076483889],[-177.7319773197732,-84.39518085118351],[-176.98676986769868,-84.39865285809108],[-176.28836288362885,-84.4177488960827],[-176.10836108361084,-84.47503701005759],[-175.87435874358744,-84.50975707913328],[-175.38115381153813,-84.48024502041895],[-174.9851498514985,-84.46462098933489],[-174.66474664746647,-84.4628849858811],[-171.7019170191702,-84.5427411447552],[-168.6670866708667,-84.68335742451174],[-168.04788047880479,-84.72849351431014],[-167.49347493474934,-84.834389724991],[-166.91026910269102,-84.81876569390694],[-163.4650346503465,-84.9003578562348],[-162.9322293222932,-84.9003578562348],[-160.82260822608225,-84.98715802892403],[-157.1289712897129,-85.18506242265548],[-156.80856808568086,-85.1920064364706],[-156.45936459364594,-85.18679842610925],[-156.64296642966428,-85.07916621197461],[-156.98856988569887,-84.98195001856269],[-157.4529745297453,-84.91250988041129],[-157.15057150571505,-84.89167783896589],[-156.48816488164883,-84.8899418355121],[-156.62136621366213,-84.83959773535234],[-156.9849698496985,-84.8118216800918],[-158.30258302583024,-84.7788376144699],[-163.56943569435694,-84.52885311712491],[-163.68463684636845,-84.51322908604085],[-163.76023760237604,-84.49239704459544],[-163.8970389703897,-84.46982899969625],[-164.11304113041132,-84.44552495134326],[-164.9158491584916,-84.43163692371299],[-165.13545135451355,-84.40906887881378],[-165.239852398524,-84.38129282355322],[-165.1858518585186,-84.36914079937674],[-165.12465124651246,-84.3743488097381],[-163.90063900639007,-84.35178076483889],[-163.76383763837637,-84.32400470957835],[-163.75663756637567,-84.30490867158672],[-163.82143821438214,-84.29102064395643],[-164.0338403384034,-84.27366060941858],[-164.5270452704527,-84.19033244363693],[-164.68544685446855,-84.15387637110746],[-164.60264602646026,-84.09658825713257],[-164.50184501845018,-84.07228420877958],[-164.12384123841238,-84.05318817078795],[-164.01224012240124,-84.01499609480469],[-164.08424084240843,-83.94555595665331],[-164.95184951849518,-83.80667568035055],[-165.5350553505535,-83.75633158019079],[-165.92025920259204,-83.79105164926649],[-166.65106651066512,-83.79278765272028],[-167.55467554675548,-83.81014768725812],[-167.79947799477995,-83.79105164926649],[-168.05148051480515,-83.73549953874539],[-168.34668346683466,-83.63654734187966],[-168.49788497884978,-83.61050729007289],[-168.7858878588786,-83.52891512774502],[-169.16749167491676,-83.44905896887093],[-171.1871118711187,-83.25636258550085],[-171.53991539915398,-83.20428248188732],[-174.06714067140672,-82.90048187747502],[-174.17154171541716,-82.84840177386148],[-174.23634236342363,-82.79284966334038],[-173.06993069930698,-82.91610590855908],[-172.85032850328503,-82.91610590855908],[-172.5911259112591,-82.88485784639096],[-172.3931239312393,-82.89353786365989],[-172.1231212312123,-82.86228980149176],[-171.82071820718207,-82.8466657704077],[-171.03231032310322,-82.94214596036585],[-169.44109441094412,-83.09665026775266],[-169.01629016290164,-83.15046637482],[-168.78948789487896,-83.18865845080325],[-168.60228602286023,-83.20081047497975],[-168.41868418684186,-83.22858653024029],[-168.19188191881918,-83.21296249915623],[-168.0550805508055,-83.2268505267865],[-167.7238772387724,-83.21817050951759],[-166.21546215462155,-83.20081047497975],[-165.6178561785618,-83.21469850261002],[-164.9158491584916,-83.28934665112276],[-164.64584645846458,-83.41260289634145],[-164.44424444244441,-83.46815500686256],[-164.0590405904059,-83.42475492051796],[-163.7350373503735,-83.37267481690441],[-163.11223112231121,-83.3292747305598],[-162.91062910629105,-83.34663476509765],[-162.5758257582576,-83.41086689288767],[-162.1978219782198,-83.51849910702231],[-160.59580595805957,-83.48898704830798],[-159.92259922599226,-83.49419505866933],[-159.44379443794438,-83.5428031553753],[-157.69777697776976,-83.38135483417334],[-157.42777427774277,-83.34663476509765],[-157.0281702817028,-83.23379454060165],[-157.35577355773557,-83.19907447152596],[-157.58977589775898,-83.18692244734947],[-157.67977679776797,-83.12963433337458],[-157.52137521375215,-83.10706628847538],[-157.01737017370175,-83.07581822630726],[-156.0381603816038,-83.02721012960129],[-155.45855458554587,-82.98033803634911],[-155.1489514895149,-82.85881779458418],[-153.82053820538206,-82.66959341812168],[-153.39933399333992,-82.58626525234001],[-153.01053010530106,-82.44912097949104],[-153.88173881738817,-82.17656843724687],[-154.7169471694717,-81.94047196753218],[-154.45054450544507,-81.86755982247323],[-154.18774187741877,-81.81027170849833],[-154.06174061740617,-81.76513561869993],[-153.95733957339573,-81.70090349090991],[-154.23094230942309,-81.6227833354896],[-154.48654486544865,-81.56549522151471],[-154.90774907749076,-81.5099431109936],[-156.49176491764916,-81.37627084505219],[-157.03177031770318,-81.31898273107731],[-156.8157681576816,-81.23044655493429],[-156.52776527765278,-81.1627424202367],[-155.91935919359193,-81.13323036152237],[-152.0349203492035,-81.02907015429528],[-148.12168121681216,-80.90060589871523],[-148.02448024480245,-80.8363737709252],[-148.54288542885428,-80.75998961895868],[-148.98568985689857,-80.74089358096705],[-149.14769147691476,-80.71832553606785],[-149.2088920889209,-80.66971743936189],[-149.21249212492125,-80.60374930811807],[-149.2628926289263,-80.59333328739537],[-149.42849428494284,-80.58638927358024],[-150.1341013410134,-80.51000512161372],[-150.28170281702816,-80.48049306289937],[-150.51570515705157,-80.4093169212942],[-150.5769057690577,-80.3537648107731],[-150.43650436504365,-80.21141252756277],[-150.22050220502206,-80.15065240668031],[-149.84609846098462,-80.1176683410584],[-149.5760957609576,-80.10551631688192],[-148.76608766087662,-80.1072523203357],[-148.44928449284492,-80.08989228579784],[-148.3160831608316,-80.07079624780623],[-148.34128341283412,-80.00309211310862],[-148.43128431284313,-79.9718440509405],[-148.4348843488435,-79.93017996804967],[-148.2980829808298,-79.9058759196967],[-148.1288812888129,-79.90761192315048],[-148.08208082080822,-79.85726782299072],[-148.17568175681757,-79.77567566066286],[-148.41688416884168,-79.73227557431824],[-149.05049050490504,-79.6576274258055],[-150.49050490504905,-79.5447872013095],[-151.04851048510486,-79.45972303207407],[-151.3689136891369,-79.39375490083026],[-151.63531635316355,-79.31737074886374],[-151.90531905319054,-79.28091467633426],[-152.09252092520924,-79.24098659689722],[-152.0529205292053,-79.19237850019124],[-152.13932139321392,-79.11599434822473],[-152.24372243722436,-79.10210632059444],[-152.7009270092701,-79.13509038621636],[-153.51813518135182,-79.11773035167852],[-154.5189451894519,-79.04655421007334],[-155.210152101521,-78.96496204774547],[-156.1137611376114,-78.74448960911484],[-156.470164701647,-78.63512139152641],[-156.20736207362074,-78.55873723955989],[-155.91935919359193,-78.51012914285393],[-154.7169471694717,-78.39728891835793],[-154.5369453694537,-78.35909684237467],[-154.29214292142922,-78.25840864205516],[-154.69534695346954,-78.21674455916434],[-155.03735037350373,-78.22021656607191],[-155.33975339753397,-78.19244051081135],[-156.5709657096571,-78.18549649699621],[-157.2657726577266,-78.1993845246265],[-157.84897848978488,-78.07439227595401],[-158.28458284582845,-77.9511360307353],[-158.4069840698407,-77.88863990639906],[-158.50058500585007,-77.77753568535685],[-158.35298352983529,-77.61435136070111],[-158.23058230582305,-77.49803912929754],[-158.2449824498245,-77.35395084263342],[-158.21258212582126,-77.15778245235578],[-158.00378003780037,-77.09181432111195],[-157.84177841778418,-77.07966229693547],[-157.46377463774638,-77.23069459741473],[-157.139771397714,-77.24284662159121],[-156.6681666816668,-77.21333456287687],[-156.36936369363693,-77.13521440745657],[-156.2109621096211,-77.10570234874223],[-155.91935919359193,-77.0987583349271],[-155.3577535775358,-77.13347840400279],[-155.10215102151022,-77.11959037637251],[-154.8141481414814,-77.12653439018764],[-153.91053910539105,-77.22722259050715],[-153.71253712537126,-77.27409468375933],[-153.60453604536045,-77.3105507562888],[-153.5721357213572,-77.36263085990234],[-153.46053460534606,-77.41644696696966],[-153.07533075330753,-77.44248701877643],[-151.9989199891999,-77.41297496006209],[-151.7181171811718,-77.42512698423859],[-150.95490954909548,-77.57268727781027],[-150.30690306903068,-77.73066359210466],[-150.08370083700837,-77.77059167154171],[-149.71649716497166,-77.79663172334848],[-149.5868958689587,-77.77406367844928],[-149.47529475294752,-77.7150395610206],[-149.1260912609126,-77.64212741596165],[-148.34128341283412,-77.55185523636486],[-148.1540815408154,-77.46158305676806],[-148.25848258482586,-77.41297496006209],[-148.5608856088561,-77.36089485644855],[-148.74448744487444,-77.34353482191071],[-148.84528845288452,-77.28451070448205],[-148.83808838088382,-77.20291854215417],[-148.77688776887769,-77.12479838673386],[-148.57168571685716,-77.10570234874223],[-148.19728197281972,-77.2115985594231],[-147.72927729277293,-77.3105507562888],[-147.56727567275672,-77.32443878391908],[-147.44127441274412,-77.32096677701152],[-147.20727207272074,-77.28624670793582],[-146.92646926469266,-77.26020665612906],[-146.390063900639,-77.47199907749076],[-146.0732607326073,-77.48588710512105],[-145.67725677256772,-77.48762310857484],[-145.60165601656016,-77.45463904295292],[-145.64845648456486,-77.39908693243181],[-145.71325713257133,-77.33832681154936],[-145.79605796057962,-77.32964679428044],[-145.80685806858068,-77.27409468375933],[-145.6340563405634,-77.2220145801458],[-145.51525515255153,-77.1994465352466],[-145.5620556205562,-77.16125445926333],[-145.75285752857528,-77.10396634528844],[-145.86445864458645,-77.09355032456574],[-145.96525965259653,-77.06924627621275],[-145.93285932859328,-77.0293181967757],[-145.80685806858068,-77.01195816223786],[-145.63045630456304,-76.9529340448092],[-145.68445684456844,-76.88522991011159],[-145.67725677256772,-76.79669373396858],[-145.74925749257494,-76.7498216407164],[-146.1668616686167,-76.65781345766582],[-146.77526775267754,-76.50678115718657],[-147.34047340473404,-76.43907702248897],[-148.60048600486004,-76.4928931295563],[-149.04689046890468,-76.4581730604806],[-149.33849338493386,-76.41824498104356],[-149.65529655296552,-76.36616487743002],[-149.28449284492845,-76.31061276690892],[-148.89568895688956,-76.27242069092566],[-148.78048780487805,-76.23770062184997],[-148.6328863288633,-76.16826048369859],[-148.46008460084602,-76.11791638353883],[-148.31968319683196,-76.10402835590855],[-147.8588785887859,-76.13006840771533],[-146.81846818468185,-76.31755678072405],[-146.5988659886599,-76.33838882216946],[-145.8860588605886,-76.4234529914049],[-145.6880568805688,-76.42866100176626],[-145.44325443254434,-76.40956496377463],[-145.64125641256413,-76.32623679799298],[-145.86085860858608,-76.2672126805643],[-146.38286382863828,-76.10055634900098],[-146.3252632526325,-76.02070019012689],[-145.98685986859869,-75.88876392763927],[-145.10485104851048,-75.87834790691656],[-144.71964719647195,-75.83147581366438],[-144.21924219242192,-75.73078761334487],[-143.5748357483575,-75.56413128178156],[-143.02043020430204,-75.54329924033615],[-142.3292232922329,-75.4912191367226],[-142.09522095220953,-75.52941121270587],[-141.50481504815048,-75.69085953390783],[-141.1340113401134,-75.74641164442895],[-141.0080100801008,-75.75161965479029],[-140.87480874808747,-75.74641164442895],[-141.2240122401224,-75.54503524378993],[-140.9972099720997,-75.52073119543695],[-140.70920709207093,-75.49816315053775],[-140.47160471604715,-75.447819050378],[-140.2952029520295,-75.40615496748717],[-139.69039690396903,-75.21345858411709],[-139.15039150391505,-75.15964247704977],[-137.61677616776169,-75.0763143112681],[-137.09117091170913,-75.15269846323463],[-136.64836648366483,-75.16137848050354],[-136.5511655116551,-75.13881043560436],[-136.4611646116461,-75.03638623183106],[-136.22716227162272,-74.83674583464584],[-136.02916029160292,-74.76556969304067],[-135.3631536315363,-74.69092154452794],[-134.8411484114841,-74.69439355143551],[-134.46674466744668,-74.77598571376338],[-134.11754117541176,-74.82980182083071],[-133.7971379713797,-74.85410586918368],[-133.47313473134733,-74.8523698657299],[-132.99072990729906,-74.80549777247772],[-132.349923499235,-74.78987374139366],[-132.0511205112051,-74.76556969304067],[-131.70551705517056,-74.81070578283908],[-130.8559085590856,-74.82632981392314],[-130.19710197101972,-74.89056194171316],[-129.79029790297903,-74.89056194171316],[-129.23949239492396,-74.82806581737691],[-128.94068940689408,-74.819385800108],[-127.86427864278642,-74.7186975997885],[-127.02187021870219,-74.69786555834308],[-126.38466384663846,-74.74300164814147],[-125.3550535505355,-74.71522559288093],[-124.3110431104311,-74.73605763432634],[-123.88983889838897,-74.77251370685582],[-121.54261542615426,-74.74994566195662],[-119.67779677796779,-74.65446547199846],[-119.42219422194222,-74.62148140637656],[-119.02259022590226,-74.51732119914948],[-118.8029880298803,-74.42184100919134],[-118.65538655386553,-74.392328950477],[-118.34218342183422,-74.3819129297543],[-117.80577805778057,-74.40274497119971],[-117.06777067770678,-74.47392111280487],[-116.43416434164342,-74.4478810609981],[-115.2209522095221,-74.48780914043515],[-115.10575105751057,-74.45482507481324],[-114.99054990549905,-74.27428071561965],[-114.79254792547925,-73.9878401457452],[-114.62334623346233,-73.90277597650976],[-114.34614346143461,-73.92534402140896],[-113.50733507335073,-74.0885283460647],[-113.48933489334892,-74.15796848421608],[-113.57573575735758,-74.20831258437583],[-113.71253712537126,-74.22740862236746],[-113.75213752137522,-74.36628889867023],[-113.64053640536405,-74.40621697810727],[-113.45333453334533,-74.39406495393078],[-113.33453334533345,-74.45482507481324],[-113.59733597335973,-74.55898528204031],[-113.78453784537845,-74.61800939946899],[-113.90333903339034,-74.64404945127576],[-113.98613986139861,-74.84368984846098],[-114.09774097740977,-74.90965797970479],[-114.11214112141121,-74.98257012476374],[-113.93213932139321,-74.98257012476374],[-113.75213752137522,-74.95132206259562],[-113.59373593735937,-74.94437804878048],[-113.08973089730897,-74.89229794516694],[-112.17172171721717,-74.83153782428448],[-111.86931869318693,-74.80202576557015],[-111.69651696516965,-74.79160974484745],[-111.58491584915849,-74.7516816654104],[-111.73971739717398,-74.65272946854468],[-111.79011790117902,-74.57113730621681],[-111.69651696516965,-74.5034331715192],[-111.72171721717217,-74.38712094011565],[-111.80811808118081,-74.2690727052583],[-111.63171631716317,-74.18227253256907],[-111.4661146611466,-74.2013685705607],[-111.18171181711817,-74.18748054293042],[-111.01971019710197,-74.23088062927503],[-110.77130771307714,-74.2690727052583],[-110.53370533705336,-74.28816874324993],[-110.30690306903068,-74.36628889867023],[-110.23130231302312,-74.53641723714111],[-110.29970299702997,-74.71001758251957],[-110.53370533705336,-74.83674583464584],[-110.96930969309693,-74.95132206259562],[-111.46251462514626,-75.133602425243],[-111.35811358113581,-75.22040259793222],[-111.10251102511025,-75.19089053921789],[-109.99009990099901,-75.1995705564868],[-109.27369273692737,-75.18568252885653],[-108.82368823688236,-75.20651457030195],[-108.25488254882549,-75.25338666355412],[-107.80487804878048,-75.32109079825173],[-107.26847268472685,-75.334978825882],[-106.93366933669337,-75.30893877407523],[-106.62046620466204,-75.34365884315092],[-105.40005400054001,-75.19783455303302],[-104.90324903249032,-75.11450638725137],[-104.61884618846189,-75.1561704701422],[-104.1580415804158,-75.12145040106651],[-103.90243902439025,-75.15269846323463],[-103.42363423634237,-75.1006183596211],[-103.12123121231213,-75.09541034925974],[-102.7720277202772,-75.11624239070515],[-101.70641706417064,-75.12665841142785],[-101.62721627216271,-75.222138601386],[-101.30321303213032,-75.36622688805012],[-101.04041040410404,-75.42177899857123],[-100.70560705607056,-75.39747495021825],[-100.46440464404644,-75.35407486387363],[-100.08280082800827,-75.3696988949577],[-99.5319953199532,-75.30893877407523],[-98.98118981189812,-75.32803481206686],[-98.75078750787507,-75.31761879134416],[-98.64638646386463,-75.27769071190711],[-98.55638556385564,-75.1891545357641],[-98.72558725587255,-75.14054643905814],[-99.2079920799208,-75.07805031472189],[-99.65079650796508,-74.94958605914184],[-99.84879848798488,-74.92181000388128],[-100.16560165601656,-74.93743403496535],[-100.31320313203132,-74.91486599006615],[-100.47160471604715,-74.87320190717531],[-100.26640266402664,-74.82285780701557],[-100.01440014400144,-74.6614094858136],[-100.11880118801187,-74.5155851956957],[-100.23760237602376,-74.48433713352757],[-100.52920529205292,-74.48954514388893],[-100.8820088200882,-74.54162524750247],[-101.02241022410225,-74.50516917497299],[-101.25281252812528,-74.48607313698136],[-101.34281342813428,-74.35066486758618],[-101.58761587615876,-74.09720836333362],[-101.71721717217171,-74.02429621827467],[-102.1060210602106,-73.95832808703086],[-102.44082440824408,-73.92534402140896],[-102.76482764827648,-73.88367993851813],[-102.8620286202862,-73.78299173819863],[-102.80082800828008,-73.64584746534965],[-102.4120241202412,-73.61633540663532],[-102.03762037620376,-73.63022343426559],[-101.82881828818287,-73.65626348607236],[-101.58761587615876,-73.66667950679506],[-101.31041310413104,-73.69445556205562],[-101.13041130411304,-73.73438364149266],[-100.98640986409863,-73.75695168639186],[-100.71640716407164,-73.75695168639186],[-99.78039780397803,-73.72049561386238],[-99.65439654396543,-73.69445556205562],[-99.54279542795427,-73.64584746534965],[-99.34479344793448,-73.63369544117316],[-99.16119161191611,-73.64063945498829],[-98.89478894788948,-73.61112739627396],[-99.20079200792007,-73.57119931683691],[-99.52839528395283,-73.49481516487039],[-100.02160021600216,-73.40280698181981],[-100.43560435604356,-73.35246288166006],[-101.1880118801188,-73.31774281258437],[-101.57321573215732,-73.32989483676086],[-101.81441814418145,-73.31079879876923],[-102.67482674826748,-73.32121481949194],[-102.90882908829089,-73.28475874696247],[-103.07443074430743,-73.18407054664296],[-103.30843308433084,-72.94450207002069],[-103.37323373233733,-72.8195098213482],[-103.21483214832148,-72.77263772809603],[-103.11043110431105,-72.7205576244825],[-102.85482854828548,-72.71534961412114],[-102.4840248402484,-72.73618165556655],[-102.36162361623616,-72.76048570391953],[-102.27162271622716,-72.83513385243226],[-102.36162361623616,-72.91151800439879],[-102.48042480424805,-72.95144608383583],[-102.40842408424083,-72.98790215636531],[-102.03042030420303,-72.99831817708801],[-101.84321843218432,-73.02088622198721],[-101.68121681216812,-73.02956623925614],[-101.3320133201332,-72.99484617018044],[-100.82080820808208,-72.98095814255016],[-100.56520565205652,-73.01567821162587],[-100.25920259202591,-73.04171826343263],[-99.80919809198092,-73.0000541805418],[-98.20718207182071,-73.022622225441],[-98.01278012780128,-73.0330382461637],[-97.81837818378183,-73.10247838431509],[-97.65277652776527,-73.14414246720591],[-97.47637476374763,-73.12678243266807],[-96.95436954369544,-73.20663859154216],[-96.67716677166771,-73.26913471587841],[-96.39276392763928,-73.30038277804653],[-96.15156151561516,-73.30906279531544],[-95.88155881558815,-73.29343876423138],[-95.52875528755287,-73.24135866061785],[-95.2371523715237,-73.22052661917243],[-95.02835028350283,-73.23962265716406],[-94.58554585545855,-73.25003867788678],[-94.24714247142471,-73.31253480222301],[-93.98433984339843,-73.28649475041625],[-93.70713707137071,-73.21531860881109],[-92.82872828728287,-73.16497450865133],[-92.2419224192242,-73.1788625362816],[-91.16911169111691,-73.30732679186167],[-90.92070920709207,-73.31947881603816],[-90.43110431104311,-73.24309466407163],[-90.27270272702727,-73.11810241539915],[-90.29430294302942,-72.97748613564261],[-90.1539015390154,-72.94450207002069],[-90.0351003510035,-72.96012610110475],[-89.8190981909819,-72.86290990769282],[-89.52389523895239,-72.87158992496174],[-89.34029340293402,-72.88894995949958],[-89.22869228692286,-72.82645383516335],[-89.12789127891278,-72.69278156922194],[-88.77868778687787,-72.68236554849923],[-88.52668526685267,-72.70319758994464],[-88.19548195481954,-72.78826175918009],[-88.19548195481954,-72.85943790078525],[-88.33228332283322,-72.93408604929799],[-88.5590855908559,-73.11983841885294],[-88.41868418684186,-73.22920663644136],[-88.20628206282062,-73.21879061571865],[-87.93627936279363,-73.24135866061785],[-87.60867608676087,-73.19448656736567],[-87.39987399873998,-73.19275056391189],[-87.03627036270362,-73.35419888511385],[-86.79146791467915,-73.36287890238276],[-86.60066600666006,-73.35419888511385],[-85.98145981459814,-73.20837459499595],[-85.80145801458015,-73.19275056391189],[-85.58185581855818,-73.2587186951557],[-85.26145261452614,-73.41322300254252],[-84.98064980649806,-73.50175917868553],[-84.57024570245702,-73.55731128920664],[-84.21384213842138,-73.5729353202907],[-83.79623796237962,-73.64584746534965],[-83.56583565835658,-73.70660758623211],[-83.04023040230402,-73.70660758623211],[-82.8170281702817,-73.73264763803887],[-82.18342183421834,-73.85763988671135],[-81.60741607416074,-73.79514376237512],[-81.30861308613086,-73.73785564840023],[-81.16461164611646,-73.63195943771937],[-81.23661236612365,-73.47398312342497],[-81.26181261812617,-73.3142708056768],[-81.17541175411753,-73.24830267443299],[-81.02421024210241,-73.23615065025649],[-80.33660336603366,-73.41495900599631],[-80.37980379803798,-73.30732679186167],[-80.43740437404374,-73.22573462953379],[-80.61380613806138,-73.08338234632346],[-80.58860588605886,-72.97748613564261],[-80.4410044100441,-72.94450207002069],[-80.1530015300153,-73.0000541805418],[-79.80739807398074,-73.02783023580236],[-79.5229952299523,-73.09032636013859],[-78.9649896498965,-73.31253480222301],[-78.78498784987849,-73.50696718904689],[-78.40698406984069,-73.55557528575285],[-78.14418144181441,-73.54689526848392],[-77.84537845378453,-73.5156472063158],[-77.44577445774458,-73.48787115105526],[-77.13617136171361,-73.49655116832417],[-76.85176851768517,-73.4600950957947],[-76.76536765367653,-73.56599130647555],[-77.03177031770318,-73.7187596104086],[-77.13617136171361,-73.81771180727432],[-77.04977049770497,-73.84375185908108],[-76.88776887768877,-73.8211838141819],[-76.75456754567546,-73.78993575201376],[-76.29016290162902,-73.80555978309782],[-75.91575915759157,-73.73611964494644],[-75.59535595355953,-73.71181559659345],[-75.29295292952929,-73.6389034515345],[-75.04455044550446,-73.64584746534965],[-74.85374853748537,-73.65799948952613],[-74.59454594545944,-73.71528760350103],[-74.34614346143461,-73.68403954133291],[-74.19854198541985,-73.6961915655094],[-73.99693996939969,-73.69966357241697],[-72.92772927729277,-73.44794307161821],[-72.68652686526865,-73.45315108197957],[-72.38052380523804,-73.43752705089551],[-71.99531995319953,-73.37850293346682],[-71.69651696516965,-73.35246288166006],[-71.45171451714516,-73.35419888511385],[-71.01611016110161,-73.26219070206326],[-70.32130321303212,-73.27434272623975],[-69.96849968499684,-73.22573462953379],[-69.28089280892809,-73.17018251901268],[-68.82008820088201,-73.10595039122265],[-67.99927999279993,-72.93582205275177],[-67.6680766807668,-72.83513385243226],[-67.30807308073081,-72.61118940689406],[-67.08127081270813,-72.38724496135586],[-66.82926829268293,-72.0903883707587],[-66.95166951669516,-71.89769198738861],[-67.08487084870848,-71.81262781815317],[-67.19647196471965,-71.71888363164881],[-67.45927459274593,-71.52618724827873],[-67.53127531275312,-71.28488276820268],[-67.5060750607506,-71.0574663157569],[-67.59967599675997,-70.8439378909414],[-67.69327693276932,-70.685961576647],[-67.88767887678877,-70.42208905167176],[-68.12528125281253,-70.25022470974709],[-68.40248402484025,-70.01933625039375],[-68.40248402484025,-69.80927983248581],[-68.47088470884708,-69.64435950437628],[-68.63648636486364,-69.52631126951894],[-68.70848708487084,-69.43256708301458],[-68.57888578885789,-69.41347104502294],[-68.460084600846,-69.38395898630861],[-68.13968139681397,-69.34750291377912],[-67.37287372873729,-69.41173504156916],[-67.30447304473044,-69.31799085506479],[-67.110071100711,-69.24855071691341],[-66.97326973269732,-69.16175054422419],[-67.02007020070201,-69.02807827828278],[-67.18927189271892,-68.97426217121546],[-67.39087390873908,-68.86142194671946],[-67.29727297272973,-68.77114976712267],[-67.13527135271352,-68.77114976712267],[-67.0560705607056,-68.67219757025694],[-67.11727117271172,-68.57498137684502],[-67.04167041670416,-68.45346113508009],[-66.89406894068941,-68.29722082423949],[-66.79326793267933,-68.2399327102646],[-66.97686976869768,-68.14618852376023],[-67.14967149671496,-68.02466828199532],[-67.10647106471065,-67.93092409549095],[-67.02007020070201,-67.83197189862523],[-66.91566915669156,-67.69309162232247],[-66.77166771667716,-67.59413942545675],[-66.6780667806678,-67.55941935638106],[-66.70326703267033,-67.52643529075915],[-66.92286922869228,-67.49171522168346],[-67.12447124471244,-67.48477120786832],[-67.4880748807488,-67.54726733220457],[-67.54567545675457,-67.53511530802807],[-67.56367563675636,-67.50213124240616],[-67.58527585275853,-67.43442710770857],[-67.54927549275493,-67.26950677959904],[-67.49167491674916,-67.11326646875844],[-67.44127441274412,-67.09069842385924],[-67.29727297272973,-67.0716023858676],[-67.16047160471604,-66.95181814755647],[-67.03447034470344,-66.94487413374134],[-66.95526955269553,-66.98480221317837],[-66.930069300693,-67.14277852747277],[-66.88686886868868,-67.17923460000225],[-66.90126901269012,-67.25561875196877],[-66.83646836468364,-67.28165880377553],[-66.75726757267573,-67.23305070706957],[-66.60966609666096,-67.20874665871658],[-66.5520655206552,-67.2625627657839],[-66.4980649806498,-67.28860281759067],[-66.47286472864728,-67.24346672779227],[-66.49086490864909,-67.11500247221221],[-66.5160651606516,-67.06292236859868],[-66.5340653406534,-66.97959420281703],[-66.50166501665016,-66.93966612337998],[-66.46566465664657,-66.87543399558994],[-66.52686526865268,-66.74002572619476],[-66.50526505265053,-66.689681626035],[-66.3720637206372,-66.60808946370713],[-66.30726307263072,-66.59246543262307],[-66.18126181261812,-66.59246543262307],[-65.95445954459544,-66.64628153969039],[-65.84645846458464,-66.64975354659796],[-65.76725767257672,-66.62544949824498],[-65.71685716857168,-66.57336939463144],[-65.67725677256772,-66.40324105616055],[-65.77445774457745,-66.3424809352781],[-65.77445774457745,-66.28866482821077],[-65.71685716857168,-66.25394475913508],[-65.6160561605616,-66.13589652427774],[-65.46485464854648,-66.1289525104626],[-65.31725317253172,-66.13936853118531],[-65.17325173251731,-66.11680048628611],[-65.22365223652235,-66.06819238958013],[-65.26685266852668,-65.99354424106741],[-65.10485104851048,-65.95708816853792],[-65.00045000450004,-65.94667214781522],[-64.72324723247232,-65.99354424106741],[-64.61524615246152,-66.01958429287417],[-64.51444514445144,-65.95882417199171],[-64.54684546845468,-65.89980005456303],[-64.65484654846549,-65.86681598894113],[-64.67284672846728,-65.8147358853276],[-64.64764647646476,-65.74703175063],[-64.47484474844748,-65.78175181970569],[-64.43524435244352,-65.76786379207542],[-64.38844388443884,-65.70883967464674],[-64.41724417244173,-65.67932761593241],[-64.43884438844388,-65.64113553994915],[-64.2120421204212,-65.63245552268022],[-64.17964179641795,-65.61683149159616],[-64.13284132841328,-65.56995939834397],[-64.06444064440645,-65.55433536725991],[-63.862838628386285,-65.5560713707137],[-63.81963819638196,-65.53176732236072],[-63.7980379803798,-65.47968721874719],[-63.90963909639096,-65.46753519457069],[-64.050040500405,-65.41719109441094],[-64.07164071640716,-65.27831081810817],[-64.03924039240393,-65.17935862124246],[-63.913239132391325,-65.09255844855323],[-63.762037620376205,-65.03353433112456],[-63.48123481234812,-65.08561443473809],[-63.26523265232652,-65.0734624105616],[-63.17883178831788,-65.12554251417514],[-63.06003060030599,-65.13943054180541],[-63.03123031230312,-65.08040642437673],[-63.08523085230851,-65.0283263207632],[-63.121231212312125,-64.94326215152776],[-62.77562775627756,-64.84083794775447],[-62.6640266402664,-64.85819798229232],[-62.52722527225272,-64.83389393393934],[-62.57762577625776,-64.75577377851903],[-62.5020250202502,-64.6568215816533],[-62.404824048240485,-64.64293355402303],[-62.33642336423364,-64.72973372671225],[-62.24282242822427,-64.74709376125011],[-62.13842138421384,-64.72626171980468],[-61.88281882818828,-64.62557351948519],[-61.75681756817568,-64.60994948840113],[-61.63081630816308,-64.60474147803977],[-61.50121501215011,-64.54571736061109],[-61.46881468814688,-64.47627722245971],[-61.39681396813968,-64.42766912575375],[-61.17361173611735,-64.36170099450993],[-61.08361083610836,-64.31482890125775],[-60.88560885608855,-64.14990857314822],[-60.92160921609215,-64.10824449025739],[-60.864008640086396,-64.0735244211817],[-60.27720277202772,-63.92422812415623],[-59.98919989199892,-63.91034009652596],[-59.51039510395104,-63.82006791692916],[-59.21879218792188,-63.71417170624831],[-59.03519035190351,-63.67077161990369],[-58.87318873188731,-63.55272338504634],[-58.675186751867514,-63.53362734705472],[-58.21438214382144,-63.45203518472684],[-57.86877868778687,-63.31836291878543],[-57.38997389973899,-63.22635473573485],[-57.166771667716674,-63.235034753003774],[-57.07677076770767,-63.26281080826433],[-57.01917019170192,-63.37217902585275],[-56.92556925569255,-63.50585129179416],[-56.78156781567816,-63.57181942303797],[-56.83556835568355,-63.63084354046664],[-56.97236972369723,-63.62389952665151],[-57.119971199712,-63.637787554281786],[-57.15237152371523,-63.57181942303797],[-57.09837098370983,-63.523211326332],[-57.15237152371523,-63.47981123998739],[-57.285572855728546,-63.4902272607101],[-57.46197461974619,-63.5127953056093],[-57.58077580775807,-63.545779371231205],[-57.73557735577356,-63.61695551283637],[-57.857978579785794,-63.65688359227342],[-58.26478264782648,-63.76277980295427],[-58.53118531185311,-63.915548106887314],[-58.72198721987219,-64.07699642808927],[-58.83718837188371,-64.1863646456777],[-59.00639006390064,-64.19504466294663],[-59.0459904599046,-64.23497274238366],[-58.977589775897755,-64.26622080455179],[-58.92358923589235,-64.28010883218207],[-58.79758797587975,-64.29226085635855],[-58.81918819188192,-64.33913294961074],[-58.90558905589056,-64.35128497378723],[-58.89478894788948,-64.38947704977049],[-58.80478804788048,-64.4450291602916],[-58.78678786787867,-64.52488531916569],[-58.89118891188912,-64.53703734334218],[-59.04959049590495,-64.45197317410674],[-59.229592295922956,-64.44329315683781],[-59.369993699937,-64.40336507740076],[-59.459994599946,-64.34607696342587],[-59.54639546395464,-64.35822898760237],[-59.61119611196112,-64.43982114993024],[-59.57159571595716,-64.53009332952703],[-59.64719647196472,-64.58390943659435],[-59.73359733597336,-64.55960538824138],[-59.76599765997659,-64.45197317410674],[-59.84879848798488,-64.43287713611511],[-59.9639996399964,-64.43114113266132],[-60.24120241202412,-64.54745336406488],[-60.3420034200342,-64.55092537097245],[-60.39240392403924,-64.60994948840113],[-60.55440554405544,-64.67591761964493],[-60.65880658806587,-64.72973372671225],[-60.91440914409144,-64.90680607899829],[-61.05841058410584,-64.98145422751102],[-61.3320133201332,-65.02311831040186],[-61.440014400143994,-65.0179103000405],[-61.504815048150476,-65.00055026550265],[-61.60201602016019,-64.98839824132615],[-61.70281702817027,-64.98666223787237],[-61.73521735217352,-65.03353433112456],[-61.57681576815767,-65.18630263505759],[-61.66321663216631,-65.23838273867113],[-61.85401854018539,-65.23491073176356],[-61.94761947619476,-65.19151064541894],[-62.02322023220232,-65.23317472830978],[-62.08442084420844,-65.27310280774682],[-62.145621456214556,-65.33212692517549],[-62.052020520205204,-65.45711917384799],[-61.90441904419043,-65.51267128436909],[-61.79641796417964,-65.52308730509179],[-61.75681756817568,-65.56995939834397],[-61.99081990819907,-65.5890554363356],[-62.14922149221492,-65.69842365392404],[-62.221222212222116,-65.77480780589056],[-62.304023040230405,-65.84077593713437],[-62.29322293222931,-65.91716008910089],[-62.170821708217076,-66.03173631705066],[-62.005220052200514,-66.11332847937854],[-61.83961839618395,-66.12027249319368],[-61.62361623616236,-66.09423244138691],[-61.57321573215732,-66.0716643964877],[-61.360813608136084,-66.05951237231122],[-61.26721267212672,-65.97965621343712],[-61.19881198811987,-65.97444820307578],[-61.13761137611375,-65.98833623070605],[-61.04041040410404,-65.99180823761361],[-60.98640986409863,-65.93972813400009],[-60.91440914409144,-65.92063209600846],[-60.813608136081356,-65.93452012363873],[-60.61920619206191,-65.93278412018495],[-60.56520565205652,-65.97965621343712],[-60.62640626406264,-66.03173631705066],[-60.74520745207451,-66.10464846210962],[-60.85680856808568,-66.06472038267256],[-60.9540095400954,-66.0716643964877],[-61.0080100801008,-66.10985647247097],[-60.90360903609036,-66.19144863479885],[-60.94320943209432,-66.2643607798578],[-61.02961029610296,-66.33727292491675],[-61.1340113401134,-66.29040083166456],[-61.14841148411483,-66.21228067624426],[-61.29241292412924,-66.16540858299207],[-61.43281432814328,-66.14457654154666],[-61.52641526415263,-66.22616870387454],[-61.6740167401674,-66.24873674877372],[-61.69561695616956,-66.3424809352781],[-61.75681756817568,-66.42928110796733],[-61.843218432184315,-66.40324105616055],[-61.87561875618756,-66.29560884202591],[-62.11682116821167,-66.20880866933669],[-62.24282242822427,-66.1966566451602],[-62.49482494824947,-66.21922469005939],[-62.58122581225811,-66.2174886866056],[-62.68202682026819,-66.23658472459724],[-62.7540275402754,-66.30949686965619],[-62.64962649626496,-66.3633129767235],[-62.61362613626136,-66.43622512178246],[-62.617226172261724,-66.49004122884978],[-62.63882638826388,-66.51087327029519],[-62.65682656826567,-66.5560093600936],[-62.54162541625416,-66.62024148788362],[-62.5380253802538,-66.70704166057286],[-62.6280262802628,-66.70530565711907],[-62.70362703627036,-66.6792656053123],[-62.995229952299525,-66.4535851563203],[-63.17883178831788,-66.3528969560008],[-63.2580325803258,-66.2643607798578],[-63.448834488344886,-66.24352873841238],[-63.585635856358564,-66.2417927349586],[-63.75123751237511,-66.27824880748807],[-63.686436864368645,-66.3199128903789],[-63.6540365403654,-66.38240901471514],[-63.75483754837548,-66.40844906652191],[-63.88083880838808,-66.50566525993383],[-63.963639636396366,-66.5889934257155],[-64.0140401404014,-66.60635346025335],[-64.07884078840787,-66.65496155695931],[-63.80883808838088,-66.76085776764018],[-63.76923769237692,-66.802521850531],[-63.75483754837548,-66.87369799213616],[-63.841238412384115,-66.91189006811942],[-64.04284042840428,-66.92751409920348],[-64.39924399243992,-66.85286595069076],[-64.5540455404554,-66.85112994723697],[-64.6080460804608,-66.79904984362344],[-64.68724687246872,-66.80599385743857],[-64.7340473404734,-66.89453003358157],[-64.79164791647916,-66.97265018900188],[-64.8780487804878,-67.02473029261542],[-64.85284852848528,-67.10458645148951],[-64.78444784447844,-67.12368248948114],[-64.83844838448384,-67.15666655510304],[-64.950049500495,-67.18270660690982],[-65.02565025650256,-67.21395466907794],[-64.860048600486,-67.24346672779227],[-64.82764827648276,-67.26950677959904],[-64.82044820448203,-67.3076988555823],[-65.07965079650796,-67.33547491084285],[-65.24885248852488,-67.34241892465799],[-65.34965349653496,-67.31117086248986],[-65.44325443254432,-67.32679489357393],[-65.50445504455044,-67.37713899373368],[-65.52245522455225,-67.44484312843127],[-65.50445504455044,-67.52817129421294],[-65.4720547205472,-67.5871954116416],[-65.44685446854469,-67.6097634565408],[-65.4180541805418,-67.66010755670055],[-65.57285572855729,-67.78857181228062],[-65.59085590855908,-67.81634786754117],[-65.60165601656016,-67.87537198496985],[-65.5260552605526,-67.92918809203717],[-65.46845468454684,-68.00904425091124],[-65.55125551255512,-68.04897233034829],[-65.64125641256412,-68.13056449267617],[-65.54765547655477,-68.14618852376023],[-65.38925389253892,-68.1496605306678],[-65.21645216452164,-68.13924450994509],[-64.95724957249573,-68.06806836833992],[-64.88524885248852,-68.05591634416344],[-64.85284852848528,-68.083692399424],[-64.83124831248313,-68.1270924857686],[-64.8960489604896,-68.16875656865943],[-65.3640536405364,-68.28680480351677],[-65.45045450454504,-68.33714890367654],[-65.33165331653316,-68.36492495893708],[-65.09045090450904,-68.37013296929844],[-64.99684996849967,-68.4083250452817],[-65.05445054450544,-68.44998912817252],[-65.14085140851408,-68.48991720760957],[-65.24165241652416,-68.58366139411393],[-65.15885158851589,-68.61838146318962],[-64.89964899648996,-68.67393357371073],[-64.4280442804428,-68.74684571876968],[-64.07884078840787,-68.77114976712267],[-64.1580415804158,-68.68608559788723],[-64.16884168841688,-68.58192539066015],[-63.9240392403924,-68.49686122142471],[-63.7980379803798,-68.46908516616415],[-63.21483214832148,-68.4187410660044],[-63.05643056430564,-68.42047706945819],[-62.93402934029339,-68.44304511435739],[-62.98082980829808,-68.48644520070201],[-63.1140311403114,-68.47082116961793],[-63.348033480334806,-68.4985972248785],[-63.7080370803708,-68.59234141138286],[-63.77283772837728,-68.63226949081991],[-63.74763747637476,-68.70518163587886],[-63.44163441634416,-68.76420575330752],[-63.34443344433444,-68.81107784655971],[-63.477634776347756,-68.95169412631626],[-63.4560345603456,-69.04196630591305],[-63.301233012330115,-69.14091850277877],[-63.096030960309605,-69.25375872727477],[-62.995229952299525,-69.3284068757875],[-62.84042840428404,-69.37180696213211],[-62.58842588425884,-69.47770317281297],[-62.45162451624516,-69.58359938349383],[-62.408424084240835,-69.82663986702366],[-62.203222032220324,-70.02801626766268],[-61.9620196201962,-70.12002445071325],[-61.93321933219332,-70.19988060958734],[-62.01242012420124,-70.27973676846143],[-62.21762217622175,-70.23286467520924],[-62.332823328233275,-70.27973676846143],[-62.3760237602376,-70.36480093769687],[-62.232022320223194,-70.42382505512555],[-62.001620016200164,-70.4967372001845],[-61.504815048150476,-70.48979318636935],[-61.490414904149034,-70.56964934524345],[-61.60561605616056,-70.61652143849562],[-61.69561695616956,-70.6755455559243],[-61.80721807218072,-70.7085296215462],[-61.994419944199436,-70.72936166299162],[-62.04122041220411,-70.80053780459679],[-61.9620196201962,-70.9012260049163],[-61.70281702817027,-70.85608991511789],[-61.51201512015119,-70.85088190475653],[-61.314013140131394,-70.86824193929439],[-61.252812528125276,-71.00191420523579],[-61.01881018810188,-71.16683453334532],[-60.96120961209611,-71.24495468876563],[-61.00441004410044,-71.31960283727837],[-61.14841148411483,-71.34217088217757],[-61.23841238412383,-71.40119499960625],[-61.3680136801368,-71.451539099766],[-61.515615156151554,-71.47931515502654],[-61.78921789217891,-71.61645942787553],[-61.9080190801908,-71.6303474555058],[-61.95841958419584,-71.65812351076636],[-61.72441724417244,-71.67201153839663],[-61.56241562415623,-71.67548354530419],[-61.21321213212131,-71.56437932426198],[-61.080010800108,-71.58868337261497],[-60.99360993609936,-71.66159551767392],[-60.950409504095035,-71.74665968690937],[-61.03681036810367,-71.81957183196832],[-61.64521645216452,-71.86297191831292],[-61.94041940419403,-71.90289999774997],[-62.257222572225714,-72.01747622569975],[-61.893618936189355,-72.07129233276707],[-61.62721627216271,-72.05219629477544],[-61.4940149401494,-72.07302833622086],[-61.310413104131044,-72.1129564156579],[-61.10881108811088,-72.09212437421249],[-60.950409504095035,-72.05046029132166],[-60.83160831608316,-72.05219629477544],[-60.72000720007199,-72.07302833622086],[-60.70560705607056,-72.14420447782602],[-60.69120691206912,-72.2691967264985],[-60.6660066600666,-72.36294091300287],[-60.73080730807308,-72.42543703733912],[-61.04761047610475,-72.47057312713751],[-61.278012780127796,-72.46883712368373],[-61.285212852128524,-72.60077338617135],[-60.93960939609396,-72.69972558303708],[-60.723607236072354,-72.64764547942355],[-60.53280532805327,-72.6736855312303],[-60.53280532805327,-72.8316618455247],[-60.385203852038515,-73.00699819435694],[-60.25560255602555,-73.01741421507964],[-60.147601476014756,-72.93755805620556],[-60.01080010800108,-72.93755805620556],[-59.956799567995674,-73.03130224270993],[-60.01800018000179,-73.18927855700431],[-60.122401224012236,-73.27607872969354],[-60.40320403204032,-73.23962265716406],[-60.561605616056156,-73.21184660190352],[-60.687606876068756,-73.27087071933218],[-60.89640896408963,-73.32121481949194],[-61.080010800108,-73.32815883330707],[-61.2420124201242,-73.25003867788678],[-61.429214292142916,-73.1910145604581],[-61.72801728017279,-73.16150250174377],[-62.00882008820088,-73.14761447411348],[-61.91521915219151,-73.21531860881109],[-61.78921789217891,-73.25524668824812],[-61.73881738817387,-73.37503092655926],[-61.63801638016379,-73.50002317523175],[-61.404014040140396,-73.46703910960984],[-61.080010800108,-73.53821525121501],[-60.87840878408784,-73.61286339972774],[-60.7920079200792,-73.71181559659345],[-60.90360903609036,-73.86979191088786],[-61.08721087210871,-73.92881602831653],[-61.202412024120235,-73.95659208357708],[-61.404014040140396,-73.89583196269461],[-61.54441544415444,-73.89583196269461],[-61.692016920169195,-73.92360801795517],[-61.742417424174235,-73.99652016301413],[-61.83961839618395,-74.03124023208981],[-61.32121321213212,-74.03644824245117],[-61.15921159211592,-74.0555442804428],[-61.04041040410404,-74.12151241168661],[-61.227612276122755,-74.20831258437583],[-61.56961569615696,-74.19442455674556],[-61.717217172171715,-74.22740862236746],[-61.843218432184315,-74.28990474670371],[-61.3320133201332,-74.32809682268697],[-61.11961119611196,-74.30726478124156],[-60.78480784807847,-74.24129664999774],[-60.70560705607056,-74.30726478124156],[-60.838808388083876,-74.37323291248536],[-61.01161011610115,-74.47912912316623],[-61.37161371613716,-74.51211318878813],[-61.641616416164155,-74.51384919224192],[-61.994419944199436,-74.47565711625866],[-62.0880208802088,-74.45308907135946],[-62.23562235622356,-74.44093704718297],[-62.22482224822248,-74.50516917497299],[-62.131221312213114,-74.5503052647714],[-61.893618936189355,-74.71348958942714],[-61.85401854018539,-74.77598571376338],[-61.92961929619295,-74.86278588645261],[-62.13842138421384,-74.92701801424263],[-62.37242372423724,-74.95132206259562],[-62.56682566825668,-74.89576995207452],[-62.70722707227071,-74.73779363778013],[-62.887228872288716,-74.69092154452794],[-63.070830708307085,-74.67703351689767],[-63.17883178831788,-74.6839775307128],[-63.1680316803168,-74.76383368958689],[-63.124831248312475,-74.84889785882233],[-63.196831968319685,-74.90965797970479],[-63.35523355233552,-74.87840991753667],[-63.560435604356044,-74.90618597279722],[-63.75123751237511,-74.95305806604941],[-63.9240392403924,-75.00513816966294],[-63.57123571235712,-75.02944221801593],[-63.33723337233371,-75.03465022837727],[-63.171631716317165,-75.11450638725137],[-63.23283232832328,-75.15443446668841],[-63.549635496354966,-75.17179450122626],[-63.85923859238592,-75.20651457030195],[-64.28044280442803,-75.29331474299117],[-63.97083970839708,-75.32977081552065],[-63.67923679236792,-75.32803481206686],[-63.474034740347406,-75.33671482933579],[-63.30483304833048,-75.35233886041985],[-63.2580325803258,-75.39921095367202],[-63.362433624336234,-75.45129105728557],[-64.05364053640535,-75.57975531286561],[-64.77724777247772,-75.73773162716002],[-65.04365043650436,-75.78807572731976],[-65.32085320853209,-75.81585178258032],[-65.96525965259652,-75.95126005197551],[-66.3720637206372,-76.01375617631176],[-67.51687516875168,-76.10923636626991],[-69.3060930609306,-76.35054084634595],[-69.91449914499145,-76.52240518827062],[-70.09450094500944,-76.65434145075825],[-70.20970209702097,-76.67343748874988],[-70.55170551705517,-76.71857357854827],[-70.89370893708937,-76.73940561999369],[-71.79731797317973,-76.75329364762396],[-72.72252722527224,-76.68906151983394],[-73.47133471334713,-76.67517349220367],[-73.8781387813878,-76.69600553364909],[-75.26775267752677,-76.5814293056993],[-75.44415444154441,-76.58663731606066],[-75.66015660156602,-76.60746935750606],[-75.83295832958329,-76.60746935750606],[-75.96255962559626,-76.591845326422],[-76.24336243362433,-76.58490131260687],[-77.19017190171901,-76.63003740240526],[-77.28737287372873,-76.70121354401043],[-77.16857168571686,-76.83314980649806],[-76.82296822968229,-76.99286212424624],[-76.24696246962469,-77.27409468375933],[-75.93735937359374,-77.3348548046418],[-75.74655746557465,-77.39908693243181],[-75.38655386553866,-77.47373508094455],[-74.58014580145802,-77.47720708785212],[-73.47853478534785,-77.5362312052808],[-72.85212852128521,-77.59004731234812],[-72.87372873728737,-77.69420751957519],[-73.25173251732517,-77.89384791676041],[-73.48573485734858,-77.97023206872693],[-74.04374043740437,-78.1091123450297],[-74.81054810548105,-78.17855248318108],[-75.39735397353974,-78.15772044173566],[-76.43776437764377,-78.04488021723967],[-77.74097740977409,-77.9407200100126],[-79.67779677796777,-77.84176781314687],[-80.10260102601026,-77.79663172334848],[-80.6030060300603,-77.75149563355008],[-80.88740887408873,-77.79836772680227],[-81.10341103411034,-77.84176781314687],[-81.58221582215822,-77.84523982005445],[-81.44181441814418,-77.88516789949149],[-79.50859508595086,-78.15424843482809],[-77.85977859778598,-78.35041682510574],[-77.66537665376653,-78.4007609252655],[-77.43137431374313,-78.43548099434119],[-77.45297452974529,-78.56047324301367],[-77.54657546575466,-78.65942543987939],[-77.87057870578705,-78.74622561256862],[-78.7129871298713,-78.75143362292997],[-79.76779767797677,-78.82087376108136],[-80.29340293402933,-78.82260976453514],[-80.81540815408154,-78.75490562983754],[-81.92781927819277,-78.55873723955989],[-82.60822608226081,-78.41291294944199],[-83.08343083430834,-78.24625661787867],[-83.4110341103411,-78.11432035539104],[-83.77823778237781,-77.9841200963572],[-83.7530375303753,-78.06571225868508],[-83.68823688236883,-78.14730442101296],[-83.50823508235082,-78.24799262133246],[-83.24543245432454,-78.35736083892088],[-83.22743227432274,-78.4007609252655],[-83.35343353433534,-78.40770493908063],[-83.54423544235442,-78.3556248354671],[-83.70623706237062,-78.40423293217307],[-83.76383763837639,-78.46152104614795],[-83.69543695436954,-78.53790519811447],[-83.59463594635946,-78.61081734317342],[-83.25983259832599,-78.77400166782917],[-82.97182971829717,-78.81740175417379],[-82.59022590225902,-78.9163539510395],[-81.66141661416614,-79.10037031714066],[-81.5030150301503,-79.16286644147691],[-81.22221222212222,-79.29827471087211],[-81.16461164611646,-79.40069891464539],[-80.8910089100891,-79.5013871149649],[-80.70380703807038,-79.51701114604896],[-80.53460534605345,-79.51353913914139],[-80.4770047700477,-79.42673896645216],[-80.48780487804878,-79.32084275577131],[-80.41580415804158,-79.29480270396454],[-80.14940149401494,-79.26876265215776],[-79.45459454594545,-79.30521872468724],[-76.49896498964989,-79.32605076613265],[-76.2181621816218,-79.38681088701512],[-76.10656106561065,-79.46493104243542],[-76.03096030960309,-79.62637936363738],[-76.34416344163441,-79.82081175046125],[-76.55656556565565,-79.90413991624291],[-76.90576905769058,-79.95448401640266],[-77.22257222572226,-79.9944120958397],[-77.70137701377013,-80.01003612692377],[-78.69138691386914,-79.99614809929349],[-79.65979659796598,-79.99614809929349],[-78.90738907389074,-80.08989228579784],[-78.17658176581766,-80.16627643776437],[-77.16137161371613,-80.1523884101341],[-76.7581675816758,-80.13155636868868],[-76.40896408964089,-80.0951002961592],[-76.26136261362613,-80.15933242394924],[-75.98415984159841,-80.29474069334442],[-75.82215822158221,-80.33814077968904],[-75.71055710557106,-80.38327686948745],[-75.55575555755557,-80.53083716305912],[-75.49455494554945,-80.61763733574836],[-75.34335343353433,-80.71832553606785],[-75.23535235352354,-80.8033897053033],[-75.07695076950769,-80.86067781927818],[-74.8069480694807,-80.88671787108495],[-74.51174511745117,-80.83810977437899],[-73.93933939339394,-80.81554172947979],[-73.3849338493385,-80.8936618849001],[-73.02853028530285,-80.91796593325307],[-72.55332553325533,-80.85373380546305],[-72.17532175321753,-80.76346162586626],[-71.37971379713797,-80.68186946353838],[-71.23211232112321,-80.64714939446269],[-71.01611016110161,-80.61937333920214],[-70.68850688506885,-80.62631735301727],[-70.55890558905588,-80.64714939446269],[-70.39330393303932,-80.7356855706057],[-70.23850238502385,-80.85720581237062],[-70.01170011700117,-80.91796593325307],[-69.77049770497705,-80.96136601959769],[-69.63369633696337,-80.96657402995905],[-69.180091800918,-81.00476610594231],[-68.58968589685897,-80.96831003341283],[-68.32688326883269,-81.00476610594231],[-68.28368283682836,-81.07420624409369],[-68.14328143281432,-81.1297583546148],[-67.96687966879668,-81.14885439260642],[-65.57285572855729,-81.46133501428764],[-64.74844748447484,-81.52209513517009],[-63.477634776347756,-81.55334319733822],[-62.49122491224912,-81.5568152042458],[-62.354423544235445,-81.57591124223742],[-62.16362163621636,-81.63667136311987],[-62.54162541625416,-81.6783354460107],[-62.944829448294485,-81.68354345637206],[-63.553235532355316,-81.667919425288],[-63.76923769237692,-81.67659944255692],[-64.23364233642336,-81.65923940801908],[-64.47484474844748,-81.67139143219556],[-64.69444694446945,-81.65229539420393],[-65.0220502205022,-81.69569548054855],[-65.61965619656196,-81.72867954617045],[-65.48645486454865,-81.77555163942264],[-65.26325263252632,-81.78596766014535],[-64.80964809648096,-81.80332769468319],[-64.19044190441905,-81.79464767741428],[-64.13644136441364,-81.869295825927],[-64.70524705247053,-81.88665586046486],[-65.91485914859147,-81.90227989154891],[-66.04086040860408,-81.9144319157254],[-66.13446134461344,-81.95262399170866],[-65.95445954459544,-81.9717200297003],[-65.84285842858428,-81.99255207114571],[-65.78525785257852,-82.04636817821303],[-65.91485914859147,-82.183512451062],[-65.71325713257133,-82.27899264102015],[-65.57285572855729,-82.29461667210421],[-65.42525425254252,-82.28072864447394],[-65.16965169651696,-82.3189207204572],[-64.92124921249211,-82.37100082407073],[-64.39564395643956,-82.3744728309783],[-63.77283772837728,-82.30503269282693],[-63.46683466834668,-82.30676869628071],[-62.64602646026459,-82.2633686099361],[-61.90081900819008,-82.27031262375124],[-60.86040860408603,-82.18698445796957],[-60.687606876068756,-82.18872046142336],[-60.52920529205292,-82.19913648214606],[-60.81720817208172,-82.27552063411258],[-62.095220952209516,-82.46648101402889],[-62.55242552425524,-82.50293708655836],[-62.736027360273596,-82.52724113491135],[-62.63162631626315,-82.6209853214157],[-62.4660246602466,-82.71820151482764],[-62.127621276212764,-82.82236172205472],[-61.91521915219151,-82.97686602944154],[-61.710017100171,-83.00985009506344],[-61.314013140131394,-82.93867395345828],[-61.21681216812168,-82.9924900605256],[-61.19881198811987,-83.09838627120645],[-61.303213032130316,-83.1834504404419],[-61.436414364143644,-83.23205853714786],[-61.530015300152996,-83.27893063040005],[-61.591215912159115,-83.34142675473629],[-61.42561425614255,-83.39524286180361],[-60.98280982809828,-83.42822692742551],[-60.39600396003959,-83.44037895160201],[-59.85239852398523,-83.4421149550558],[-59.517595175951755,-83.45773898613986],[-58.289982899829,-83.12095431610565],[-57.796777967779676,-82.95776999144991],[-57.55557555575555,-82.89006585675232],[-57.35397353973539,-82.83972175659255],[-56.317163171631705,-82.6331373455922],[-56.0759607596076,-82.57064122125595],[-55.802358023580226,-82.47863303820537],[-55.294752947529474,-82.4647450105751],[-54.59994599945999,-82.31544871354963],[-53.98433984339843,-82.20087248559985],[-53.739537395373944,-82.17830444070066],[-53.55593555935559,-82.16962442343173],[-53.33993339933399,-82.14532037507874],[-52.79992799927999,-82.15400039234767],[-52.41472414724147,-82.13490435435604],[-51.73071730717308,-82.06199220929709],[-51.20871208712086,-82.0151201160449],[-50.65430654306542,-81.97519203660787],[-50.02790027900278,-81.96824802279272],[-48.36108361083609,-81.8918638708262],[-47.88587885878857,-81.9248479364481],[-47.360273602736015,-82.0047040953222],[-47.018270182701826,-82.00296809186841],[-46.56826568265683,-81.97866404351544],[-46.25866258662586,-81.9474159813473],[-46.11826118261183,-82.03942416439789],[-46.04626046260461,-82.15920840270903],[-46.19746197461973,-82.27031262375124],[-46.44946449464493,-82.33975276190262],[-46.51786517865179,-82.4543289898524],[-46.17586175861757,-82.51161710382728],[-45.78705787057871,-82.49425706928943],[-45.04545045450453,-82.43870495876833],[-44.45504455044551,-82.36579281370938],[-44.293042930429294,-82.31718471700341],[-44.06264062640625,-82.33107274463369],[-43.67023670236702,-82.27031262375124],[-43.18063180631805,-82.01685611949868],[-42.5650256502565,-81.76166361179236],[-42.046620466204644,-81.59847928713661],[-41.71181711817118,-81.40751890722032],[-41.43461434614346,-81.2981506896319],[-41.12501125011249,-81.21482252385023],[-40.916209162091604,-81.1731584409594],[-40.44100441004409,-81.16447842369048],[-39.760597605976045,-81.03254216120285],[-38.77058770587706,-80.8815098607236],[-38.010980109801096,-80.95442200578255],[-37.20817208172082,-81.06379022337097],[-36.812168121681225,-80.97525404722796],[-36.49896498964989,-80.9596300161439],[-36.23256232562326,-80.91970193670686],[-35.966159661596606,-80.89018987799253],[-35.77535775357754,-80.81206972257222],[-35.51975519755197,-80.74610159132841],[-35.32535325353254,-80.65062140137026],[-34.34974349743496,-80.60374930811807],[-33.32733327333273,-80.54125318378183],[-33.190531905319034,-80.51868513888263],[-33.057330573305734,-80.53083716305912],[-32.70452704527045,-80.51347712852127],[-32.254522545225456,-80.46139702490774],[-31.635316353163518,-80.4440369903699],[-31.31131311313112,-80.44924500073125],[-31.016110161101608,-80.30862872097471],[-30.425704257042554,-80.27911666226036],[-29.795697956979552,-80.22356455173926],[-29.532895328953288,-80.18190046884843],[-29.327693276932763,-80.17148444812572],[-24.240842408424072,-80.0621162305373],[-24.02124021240212,-80.00830012346998],[-23.574835748357486,-79.96490003712536],[-23.405634056340546,-79.8590038264445],[-24.08964089640895,-79.8156037400999],[-24.29844298442984,-79.7704676503015],[-24.53244532445325,-79.75831562612501],[-24.669246692466913,-79.77393965720907],[-25.259652596525967,-79.76178763303257],[-29.950499504995037,-79.59860330837682],[-30.047700477004753,-79.58471528074655],[-30.209702097020966,-79.48576308388084],[-30.177301773017717,-79.30348272123345],[-30.317703177031774,-79.16286644147691],[-30.645306453064535,-79.12467436549365],[-30.98370983709836,-79.12814637240122],[-31.4121141211412,-79.14550640693906],[-32.54252542525424,-79.22189055890559],[-32.99252992529924,-79.22883457272073],[-34.19854198541984,-79.11078633786337],[-34.994149941499415,-78.97711407192196],[-35.51615516155161,-78.93371398557736],[-35.890558905589046,-78.84344180598055],[-36.23976239762396,-78.77400166782917],[-36.26496264962648,-78.61602535353478],[-36.18216182161822,-78.4684650599631],[-35.50895508955088,-78.0414082103321],[-35.08775087750877,-77.83655980278553],[-34.80694806948068,-77.82093577170146],[-34.55134551345512,-77.72892758865088],[-34.28854288542885,-77.52234317765053],[-34.0761407614076,-77.42512698423859],[-33.59013590135902,-77.3105507562888],[-33.37773377733777,-77.28103869757447],[-32.614526145261436,-77.14042241781792],[-32.405724057240576,-77.13695041091036],[-32.06372063720636,-77.15951845580955],[-31.674916749167494,-77.03279020368328],[-30.49050490504905,-76.76197366489289],[-30.220502205022058,-76.65954946111961],[-29.892898928989297,-76.59878934023715],[-28.935289352893534,-76.36963688433758],[-28.07848078480785,-76.25853266329537],[-27.653676536765374,-76.22554859767347],[-27.135271352713517,-76.15784446297587],[-26.55926559265592,-76.05542025920259],[-26.05886058860588,-75.95646806233687],[-24.269642696426956,-75.76724368587435],[-23.196831968319685,-75.7168995857146],[-22.466024660246603,-75.6613474751935],[-21.947619476194745,-75.6943315408154],[-21.43281432814328,-75.6839155200927],[-20.990009900098983,-75.63357141993295],[-20.784807848078486,-75.5936433404959],[-20.48600486004858,-75.4912191367226],[-19.492394923949234,-75.53982723342858],[-18.85158851588514,-75.4703870952772],[-18.585185851858512,-75.46344308146206],[-18.304383043830427,-75.43219501929394],[-18.4159841598416,-75.39573894676447],[-18.51678516785168,-75.39053093640311],[-18.61758617586176,-75.34192283969713],[-18.75078750787506,-75.24123463937764],[-18.61758617586176,-75.11450638725137],[-18.51678516785168,-75.05201026291512],[-18.22158221582214,-74.97389010749482],[-18.066780667806682,-74.86278588645261],[-17.92277922779226,-74.69960156179687],[-17.43677436774368,-74.37844092284672],[-17.299972999729988,-74.33330483304832],[-16.99036990369902,-74.31941680541804],[-16.727567275672754,-74.32809682268697],[-16.428764287642878,-74.3246248157794],[-15.672756727567275,-74.40795298156107],[-15.532355323553219,-74.37496891593915],[-15.29115291152911,-74.28122472943478],[-15.08955089550895,-74.16317649457744],[-14.657546575465744,-73.98957614919898],[-14.574745747457456,-73.93749604558545],[-14.610746107461068,-73.85243187635001],[-15.258752587525862,-73.88888794887949],[-15.748357483574836,-73.94617606285438],[-16.21996219962199,-73.91492800068625],[-16.28116281162812,-73.86631990398028],[-16.18036180361804,-73.82986383145081],[-16.0039600396004,-73.81597580382054],[-15.93555935559354,-73.75695168639186],[-16.097560975609753,-73.7083435896859],[-16.3891638916389,-73.68056753442534],[-16.518765187651866,-73.64411146189586],[-16.507965079650802,-73.55557528575285],[-16.435964359643577,-73.42537502671901],[-16.277562775627757,-73.38891895418953],[-16.147961479614793,-73.33510284712222],[-15.80235802358024,-73.15282248447484],[-15.597155971559715,-73.09727037395373],[-15.006750067500661,-73.04692627379399],[-14.322743227432255,-73.12331042576051],[-14.164341643416435,-73.10247838431509],[-13.998739987399858,-73.0000541805418],[-14.1679416794168,-72.8438138697012],[-14.297542975429735,-72.78478975227252],[-14.297542975429735,-72.73270964865898],[-13.937539375393754,-72.75701369701196],[-13.602736027360265,-72.79173376608766],[-13.210332103321036,-72.78478975227252],[-12.745927459274583,-72.62854944143191],[-12.094320943209425,-72.49834918239807],[-11.777517775177756,-72.44453307533075],[-11.496714967149671,-72.41328501316262],[-11.345513455134551,-72.281348750675],[-11.122311223112234,-72.03136425333003],[-10.956709567095658,-71.90116399429618],[-10.960309603096022,-71.82304383887589],[-11.010710107101062,-71.75707570763207],[-11.179911799117974,-71.7761717456237],[-11.334713347133459,-71.78485176289263],[-11.698316983169832,-71.71888363164881],[-12.14832148321483,-71.61298742096795],[-12.285122851228493,-71.4949391861106],[-12.34992349923499,-71.38904297542975],[-12.209522095220933,-71.33175486145485],[-12.072720727207269,-71.29703479237916],[-11.925119251192513,-71.28835477511025],[-11.66231662316622,-71.33175486145485],[-11.327513275132759,-71.43938707558951],[-11.161911619116182,-71.48105115848033],[-10.971109711097114,-71.56090731735442],[-10.827108271082693,-71.55396330353928],[-10.65790657906578,-71.44285908249707],[-10.521105211052117,-71.29529878892538],[-10.40590405904058,-71.25016269912699],[-10.22950229502294,-71.20155460242101],[-10.035100351003507,-71.13037846081585],[-10.121501215012131,-71.06093832266447],[-10.33030330303302,-71.024482250135],[-10.359103591035904,-70.98281816724416],[-10.269102691026916,-70.93594607399199],[-10.099900999009975,-70.92553005326928],[-9.88749887498875,-71.02795425704257],[-9.599495994959938,-71.09565839174016],[-9.401494014940141,-71.11822643663936],[-9.232292322923229,-71.17377854716047],[-8.965889658896572,-71.3612669201692],[-8.645486454864539,-71.67201153839663],[-8.497884978849783,-71.67548354530419],[-8.217082170821698,-71.64770749004364],[-7.914679146791457,-71.63555546586716],[-7.713077130771296,-71.54701928972415],[-7.669876698766984,-71.32481084763972],[-7.59067590675906,-71.22412264732021],[-7.619476194761944,-71.12169844354693],[-7.756277562775608,-71.01753823631987],[-7.875078750787509,-70.94115408435334],[-7.853478534785353,-70.88386597037845],[-7.7526775267752726,-70.84220188748762],[-7.619476194761944,-70.82831385985735],[-7.389073890738899,-70.78664977696651],[-7.032670326703254,-70.83525787367248],[-6.838268382683822,-70.8439378909414],[-6.546665466654673,-70.81616183568084],[-6.244262442624432,-70.7554017147984],[-5.934659346593463,-70.71200162845378],[-5.693456934569326,-70.74498569407568],[-5.58905589055891,-70.85608991511789],[-5.7078570785707825,-70.96893013961389],[-5.902259022590215,-71.05225830539555],[-6.0786607866078555,-71.15468250916884],[-6.1254612546125315,-71.26578673021105],[-6.118261182611832,-71.3265468510935],[-5.949059490594891,-71.34217088217757],[-4.451444514445143,-71.3282828545473],[-4.253442534425346,-71.33869887527],[-3.9942399423994175,-71.33869887527],[-3.7134371343713326,-71.37515494779947],[-3.2382323823238153,-71.3612669201692],[-2.813428134281338,-71.32133884073215],[-2.6118261182611775,-71.32133884073215],[-2.2626226262262605,-71.35779491326163],[-2.014220142201424,-71.43417906522815],[-1.4994149941499302,-71.41161102032895],[-1.3554135541355379,-71.38730697197596],[-1.2150121501214812,-71.28488276820268],[-1.0674106741067249,-71.26578673021105],[-0.8946089460894484,-71.3491148959927],[-0.8406084060840442,-71.540075275909],[-0.7614076140761483,-71.6303474555058],[-0.5418054180541674,-71.71193961783368],[-0.3258032580325789,-71.64249947968229],[-0.18540185401852227,-71.55917131390063],[0.15300153001530248,-71.39772299269868],[0.5382053820538317,-71.27446674747998],[0.8334083340833445,-71.20155460242101],[1.5534155341553344,-71.0800343606561],[1.9098190981909795,-71.00365020868958],[2.608226082260842,-70.89949000146251],[3.5082350823508364,-70.8439378909414],[5.113851138511393,-70.65644951793267],[5.6430564305643145,-70.63561747648725],[6.507065070650725,-70.58700937978129],[6.949869498694994,-70.53492927616776],[7.3998739987399915,-70.49500119673071],[7.677076770767712,-70.35612092042794],[8.307083070830714,-70.46201713110881],[8.523085230852303,-70.4741691552853],[8.818288182881844,-70.39084098950363],[9.14229142291424,-70.18425657850328],[9.613896138961394,-70.26932074773872],[9.883898838988387,-70.40299301368013],[10.218702187021876,-70.5071532209072],[10.96750967509675,-70.6876975801008],[11.205112051120523,-70.72936166299162],[11.701917019170196,-70.7658177355211],[11.835118351183525,-70.73630567680677],[12.069120691206905,-70.61652143849562],[12.310323103231042,-70.44292109311718],[12.461524615246162,-70.37000894805823],[12.681126811268115,-70.30924882717576],[12.929529295292951,-70.21376863721761],[12.864728647286483,-70.16168853360408],[12.724327243272427,-70.14432849906623],[12.59472594725949,-70.11655244380569],[12.62712627126271,-70.06620834364593],[13.066330663306644,-70.05405631946944],[13.296732967329689,-70.22939266830167],[13.534335343353433,-70.28668078227656],[13.822338223382246,-70.34396889625145],[14.491944919449196,-70.29883280645305],[15.06435064350643,-70.29536079954549],[15.561155611556131,-70.33008086862118],[15.805958059580604,-70.32487285825982],[16.025560255602556,-70.19293659577221],[16.3819638196382,-70.14432849906623],[16.583565835658362,-70.20335261649491],[16.709567095670963,-70.39778500331877],[17.166771667716688,-70.4516011103861],[18.12438124381245,-70.5401372865291],[18.23238232382326,-70.51756924162991],[18.35118351183513,-70.41514503785662],[18.43398433984339,-70.29015278918413],[18.628386283862852,-70.26932074773872],[18.87678876788769,-70.20161661304112],[19.009990099901017,-70.21203263376383],[19.19719197191972,-70.2936247960917],[19.132391323913254,-70.49152918982314],[19.02799027990281,-70.67380955247052],[19.15399153991541,-70.8213698460422],[19.265592655926554,-70.90296200837008],[19.409594095940975,-70.91685003600035],[19.650796507965083,-70.92032204290793],[19.945999459994596,-70.90990602218521],[20.129601296012964,-70.91685003600035],[21.069210692106935,-70.8439378909414],[21.184411844118443,-70.68075356628566],[21.335613356133564,-70.49500119673071],[21.706417064170637,-70.25890472701602],[21.850418504185058,-70.27626476155386],[21.9620196201962,-70.30056880990685],[22.214022140221402,-70.4168810413104],[22.365223652236523,-70.47590515873908],[22.39762397623977,-70.56096932797452],[22.232022320223223,-70.6425614903024],[22.2788227882279,-70.69637759736972],[22.444424444244447,-70.73977768371432],[22.977229772297733,-70.8109538253195],[23.15003150031501,-70.79706579768921],[23.405634056340574,-70.72241764917649],[23.664836648366503,-70.57485735560479],[23.80523805238053,-70.40472901713392],[24.024840248402484,-70.41340903440283],[24.237242372423736,-70.44812910347852],[24.384843848438493,-70.53666527962154],[24.384843848438493,-70.70505761463863],[24.590045900459018,-70.81963384258842],[24.755647556475566,-70.89254598764737],[25.18765187651877,-70.97066614306767],[25.64845648456486,-70.9897621810593],[25.972459724597257,-71.03663427431148],[26.498064980649815,-71.01927423977364],[26.75366753667538,-70.9671941361601],[26.919269192691928,-70.95330610852983],[27.20727207272074,-70.911642025639],[27.509675096750982,-70.81268982877327],[27.696876968769686,-70.77276174933624],[28.38808388083882,-70.68248956973945],[28.910089100891014,-70.58353737287372],[29.464494644946456,-70.4064650205877],[30.00450004500047,-70.30056880990685],[30.832508325083268,-70.24675270283953],[31.062910629106312,-70.22418465794033],[31.37971379713798,-70.2259206613941],[32.1609216092161,-70.09919240926783],[32.456124561245616,-70.02628026420888],[32.62172621726219,-70.00024021240212],[32.8089280892809,-69.90996803280532],[32.90972909729098,-69.7328956805193],[32.9889298892989,-69.62352746293087],[32.974529745297474,-69.51763125225001],[32.90252902529025,-69.37875097594726],[32.7369273692737,-69.25549473072854],[32.56772567725679,-69.07495037153495],[32.64332643326435,-68.8683659605346],[32.77652776527765,-68.78330179129915],[33.12213122131223,-68.6895576047948],[33.46413464134642,-68.67046156680317],[33.85293852938531,-68.68261359097966],[34.19134191341914,-68.70170962897129],[34.22014220142202,-68.7902458051143],[34.072540725407265,-68.88572599507245],[33.88533885338853,-68.9794701815768],[33.77373773737739,-69.01939826101386],[33.813338133381336,-69.09925441988794],[34.05814058140581,-69.11140644406444],[34.59454594545946,-69.09404640952658],[34.74934749347494,-69.16695855458553],[35.13095130951311,-69.4863831900819],[35.22455224552246,-69.63741549056115],[35.35775357753579,-69.68081557690576],[35.56655566555665,-69.65998353546036],[36.016560165601675,-69.66171953891413],[36.32976329763298,-69.63915149401492],[36.585365853658544,-69.63741549056115],[36.71856718567187,-69.65303952164521],[36.85536855368554,-69.72595166670416],[37.114571145711466,-69.8110158359396],[37.373773737737395,-69.74851971160336],[37.5609756097561,-69.71900765288902],[37.78777787777878,-69.72595166670416],[38.144181441814425,-69.82490386356989],[38.50058500585007,-70.05579232292322],[38.8857888578886,-70.17210455432678],[38.91098910989112,-70.09745640581406],[38.86058860588608,-70.00544822276348],[39.0189901899019,-69.9238560604356],[39.209792097920996,-69.78671178758663],[39.48699486994872,-69.60790343184681],[39.70659706597067,-69.42562306919943],[39.76059760597607,-69.17390256840068],[39.86499864998652,-68.96731815740031],[40.04140041400416,-68.8683659605346],[40.214202142021435,-68.80413383274457],[40.48420484204843,-68.73816570150076],[40.81540815408155,-68.72427767387049],[41.13221132211322,-68.57498137684502],[41.35541355413554,-68.51422125596255],[41.823418234182355,-68.43262909363469],[42.41022410224102,-68.35103693130681],[42.820628206282066,-68.12362047886103],[42.96102961029612,-68.09584442360048],[43.16983169831698,-68.05938835107101],[43.55503555035551,-68.04550032344073],[44.177841778417786,-67.97258817838178],[44.37224372243722,-67.96217215765907],[44.69984699846998,-67.90488404368418],[44.98784987849879,-67.76947577428899],[45.19665196651968,-67.73128369830573],[45.57105571055712,-67.73649170866707],[45.88785887858879,-67.66010755670055],[46.154261542615444,-67.656635549793],[46.39906399063992,-67.61844347380973],[46.4350643506435,-67.53337930457428],[46.31986319863199,-67.47609119059939],[46.31626316263163,-67.40144304208667],[46.45306453064532,-67.30422684867473],[46.5610656106561,-67.26777077614526],[46.885068850688526,-67.2747147899604],[47.15507155071552,-67.35804295574205],[47.353073530735315,-67.36151496264962],[47.403474034740356,-67.4083870559018],[47.23067230672308,-67.46741117333048],[47.11547115471154,-67.57330738401133],[47.31347313473137,-67.66531556706191],[47.48987489874901,-67.72781169139816],[47.70227702277023,-67.71565966722167],[47.9578795787958,-67.66010755670055],[48.209882098821,-67.7000356361376],[48.32148321483217,-67.78509980537305],[48.32148321483217,-67.91703606786066],[48.375483754837546,-67.98821220946584],[48.55188551885519,-67.9257160851296],[48.6490864908649,-67.79377982264197],[48.62028620286205,-67.62538748762486],[48.63108631086311,-67.5212272803978],[49.052290522905224,-67.35283494538069],[49.2178921789218,-67.22610669325442],[48.92268922689229,-67.20006664144766],[48.7138871388714,-67.21742667598551],[48.59868598685986,-67.17055458273332],[48.46548465484656,-67.04382633060705],[48.82908829088291,-66.9379301199262],[49.246692466924685,-66.94140212683376],[49.487894878948794,-67.03167430643056],[50.00630006300065,-67.17576259309467],[50.294302943029436,-67.1722905861871],[50.553505535055365,-67.1948586310863],[50.60750607506077,-67.1497225412879],[50.51030510305105,-66.9379301199262],[50.52110521105212,-66.81988188506884],[50.30510305103053,-66.75391375382503],[50.243902439024396,-66.60288145334577],[50.33390333903341,-66.44490513905139],[50.58950589505895,-66.35636896290838],[50.938709387093866,-66.31470488001754],[51.68751687516877,-66.0716643964877],[51.885518855188565,-66.01958429287417],[52.378723787237874,-65.96924019271442],[52.95472954729547,-65.94493614436144],[53.671136711367126,-65.85813597167221],[54.94914949149492,-65.91716008910089],[55.29115291152911,-65.95361616163036],[55.50355503555036,-66.00222425833633],[55.70875708757089,-66.08034441375663],[55.975159751597516,-66.20880866933669],[56.360363603636046,-66.37199299399244],[56.86076860768608,-66.42407309760597],[57.00117001170014,-66.47441719776572],[57.18477184771848,-66.61329747406849],[56.98676986769868,-66.70356965366528],[56.8247682476825,-66.7122496709342],[56.511565115651166,-66.65843356386688],[56.29556295562958,-66.60288145334577],[56.14436144361446,-66.62544949824498],[56.29196291962921,-66.72092968820313],[56.4539645396454,-66.7799538056318],[56.47916479164792,-66.85980996450589],[56.392763927639294,-66.97438619245567],[55.80235802358024,-67.20006664144766],[56.15516155161552,-67.26429876923768],[56.367563675636774,-67.21221866562415],[56.561965619656206,-67.116738475666],[56.759967599676,-67.07333838932138],[56.89316893168933,-67.05597835478355],[57.36117361173612,-67.05250634787598],[57.62757627576278,-67.01431427189272],[57.82917829178294,-67.04209032715326],[58.027180271802735,-67.10285044803572],[58.31878318783188,-67.16361056891819],[58.73638736387366,-67.229578700162],[59.251192511925126,-67.48477120786832],[59.65079650796508,-67.45873115606156],[59.8667986679867,-67.40317904554044],[60.482404824048245,-67.38581901100261],[61.01161011610117,-67.4986592354986],[61.310413104131044,-67.54032331838943],[62.174421744217454,-67.57504338746512],[62.68922689226892,-67.64795553252407],[63.01683016830168,-67.56115535983484],[63.23643236432366,-67.52643529075915],[63.69723697236972,-67.50907525622131],[63.93123931239313,-67.52643529075915],[64.57204572045723,-67.62017947726352],[65.7060570605706,-67.71565966722167],[66.48726487264872,-67.76600376738142],[67.17487174871749,-67.7677397708352],[67.50247502475025,-67.80940385372602],[68.10008100081001,-67.85453994352443],[68.32688326883269,-67.88926001260012],[68.89928899288995,-67.86148395733957],[69.16569165691658,-67.82502788481008],[69.41769417694178,-67.74343572248222],[69.55809558095581,-67.76253176047385],[69.65529655296555,-67.86495596424713],[69.60129601296015,-68.04029231307938],[69.70569705697059,-68.1600765513905],[69.78849788497885,-68.27986078970164],[69.90729907299072,-68.37881298656735],[69.98289982899828,-68.4638771558028],[69.92889928899291,-68.53505329740797],[69.76329763297633,-68.59928542519799],[69.53289532895329,-68.73642969804698],[69.54729547295474,-68.8562139363581],[69.64449644496446,-68.93259808832462],[69.52929529295295,-69.0246062713752],[69.61569615696158,-69.15307052695526],[69.63009630096303,-69.23119068237557],[69.55089550895511,-69.2936868067118],[69.3708937089371,-69.33187888269507],[69.0648906489065,-69.33708689305642],[68.90648906489065,-69.3735429655859],[68.88128881288813,-69.46902315554405],[68.96048960489605,-69.54019929714921],[69.1368913689137,-69.57839137313248],[69.18729187291873,-69.654775525099],[69.16209162091621,-69.76935175304877],[69.08289082890829,-69.8665679464607],[68.9208892088921,-69.91170403625911],[68.74448744487447,-69.92212005698181],[68.4168841688417,-69.9012880155364],[68.17928179281793,-69.83705588774637],[68.02808028080281,-69.89434400172127],[67.91647916479167,-69.95336811914993],[67.57447574475745,-70.08704038509134],[67.41607416074163,-70.17731256468814],[67.26847268472685,-70.27279275464629],[67.65727657276574,-70.32660886171361],[67.94167941679419,-70.42208905167176],[68.5608856088561,-70.41167303094906],[68.7588875888759,-70.37000894805823],[69.02169021690219,-70.32487285825982],[69.16209162091621,-70.33355287552875],[69.24849248492487,-70.43076906894069],[69.19809198091983,-70.5852733763275],[69.18729187291873,-70.70505761463863],[68.87408874088743,-71.0348982708577],[68.76968769687699,-71.09045038137882],[68.62208622086223,-71.1807225609756],[68.44928449284492,-71.25189870258077],[68.3088830888309,-71.28661877165646],[68.0388803888039,-71.39077897888353],[67.87327873278733,-71.58000335534605],[67.69327693276935,-71.73624366618665],[67.43047430474306,-72.00358819806948],[67.27927279272794,-72.29002876794392],[67.21447214472147,-72.46189310986858],[67.11367113671139,-72.6407014656084],[66.89046890468904,-72.94797407692826],[66.74646746467465,-73.0000541805418],[66.49806498064981,-73.12504642921428],[66.57006570065701,-73.20837459499595],[66.76446764467644,-73.21705461226486],[67.00207002070022,-73.23615065025649],[67.32247322473225,-73.30038277804653],[67.74727747277473,-73.1684465155589],[67.97047970479704,-73.08511834977725],[68.01728017280175,-72.91846201821393],[67.97047970479704,-72.75006968319683],[68.10728107281074,-72.6511174863311],[68.42048420484207,-72.51570921693592],[69.15849158491585,-72.41849302352398],[69.30969309693097,-72.40807700280126],[69.55449554495547,-72.37509293717936],[69.77049770497706,-72.25357269541445],[69.96129961299613,-72.13205245364952],[70.29610296102962,-72.05566830168301],[70.57330573305734,-71.93067605301053],[70.61650616506165,-71.84213987686752],[70.73170731707319,-71.82304383887589],[71.07731077310774,-71.73624366618665],[71.16731167311673,-71.67201153839663],[71.27531275312754,-71.62340344169066],[71.3509135091351,-71.51403522410223],[71.37971379713798,-71.30918681655567],[71.46611466114663,-71.15468250916884],[71.63531635316355,-70.94983410162226],[71.77211772117721,-70.80053780459679],[71.90531905319054,-70.70679361809242],[72.26172261722618,-70.65644951793267],[72.41652416524167,-70.59916140395778],[72.6217262172622,-70.47243315183151],[72.76212762127622,-70.39604899986499],[72.74412744127443,-70.23980868902439],[72.82332823328235,-70.09572040236027],[73.0429304293043,-70.00892022967105],[73.32373323733239,-69.84920791192286],[73.67653676536767,-69.82663986702366],[73.9429394293943,-69.743311701242],[74.22734227342275,-69.8005998152169],[74.56934569345694,-69.88045597409098],[75.1489514895149,-69.856151925738],[75.42255422554226,-69.89260799826748],[75.63495634956351,-69.84920791192286],[75.82215822158221,-69.72595166670416],[75.89055890558907,-69.5749193662249],[76.11016110161103,-69.48811919353568],[76.35856358563586,-69.48985519698947],[76.76896768967691,-69.33882289651021],[77.19377193771936,-69.2051506305688],[77.53937539375397,-69.17390256840068],[77.81657816578166,-69.06974236117361],[78.01458014580146,-68.89267000888758],[78.22698226982271,-68.7555257360386],[78.489784897849,-68.62532547700476],[78.56178561785617,-68.39443701765143],[78.72738727387275,-68.27812478624786],[79.03339033390336,-68.17570058247458],[79.28899288992892,-68.12014847195346],[80.36180361803616,-67.94654812657501],[81.18621186211863,-67.83197189862523],[82.01782017820182,-67.6896196154149],[82.27342273422732,-67.69135561886868],[82.60822608226084,-67.61323546344838],[83.15903159031592,-67.6097634565408],[83.30303303033031,-67.60281944272568],[83.49383493834938,-67.4413711215237],[83.90423904239043,-67.29207482449823],[84.159841598416,-67.24346672779227],[84.48384483844842,-67.11500247221221],[84.74664746647466,-67.10285044803572],[85.11745117451176,-67.12541849293493],[85.43065430654309,-67.16013856201062],[85.71145711457115,-67.1618745654644],[86.11826118261183,-67.05424235132975],[86.75186751867517,-67.03688231679192],[86.94626946269466,-66.98480221317837],[87.08307083070832,-66.93966612337998],[87.97947979479795,-66.78863382290072],[88.31428314283141,-66.81814588161507],[88.78948789487896,-66.79210582980829],[89.07749077490774,-66.79904984362344],[89.35109351093513,-66.81814588161507],[89.69669696696968,-66.82335389197641],[90.29430294302944,-66.76953778490909],[90.54630546305464,-66.7348177158334],[91.02151021510218,-66.60288145334577],[91.54711547115471,-66.57163339117766],[91.77751777517778,-66.53691332210197],[92.0727207272073,-66.50740126338764],[92.3139231392314,-66.55774536354738],[92.48672486724865,-66.60461745679956],[92.5911259112591,-66.61503347752227],[92.73152731527318,-66.62371349479119],[93.07353073530737,-66.57163339117766],[93.35793357933579,-66.58552141880793],[93.72153721537217,-66.64280953278282],[93.96273962739627,-66.689681626035],[94.0887408874089,-66.689681626035],[94.31194311943119,-66.64801754314418],[94.58554585545858,-66.5438573359171],[94.84114841148414,-66.50219325302628],[95.08235082350825,-66.52823330483304],[95.24795247952483,-66.57163339117766],[95.53955539555398,-66.63065750860633],[95.99315993159934,-66.6219774913374],[96.42516425164251,-66.59940944643822],[96.78876788767889,-66.55080134973224],[97.10197101971022,-66.4987212461187],[97.389973899739,-66.57857740499279],[97.7211772117721,-66.60808946370713],[98.25758257582578,-66.46747318395057],[98.4627846278463,-66.4987212461187],[98.60318603186033,-66.53517731864818],[98.71838718387187,-66.55253735318603],[98.8587885878859,-66.67058558804337],[99.36999369993703,-66.64801754314418],[99.82359823598239,-66.54906534627845],[100.21240212402125,-66.47441719776572],[100.59040590405903,-66.42580910105976],[100.88920889208896,-66.35810496636216],[101.32841328413286,-66.10117645520205],[101.32121321213214,-66.02132029632796],[101.38241382413827,-65.97271219962198],[101.47601476014762,-65.95188015817658],[102.17442174421745,-65.95361616163036],[102.39042390423907,-65.93278412018495],[102.67482674826749,-65.86507998548734],[103.1680316803168,-65.91716008910089],[103.63963639636398,-65.99875225142875],[103.76203762037619,-65.99007223415984],[103.95283952839532,-65.98833623070605],[104.28764287642878,-66.0386803308658],[104.66564665646655,-66.13763252773151],[105.00045000450007,-66.16367257953829],[106.38646386463864,-66.4101850699757],[107.17127171271716,-66.47094519085815],[107.56727567275675,-66.55253735318603],[107.66807668076683,-66.58031340844659],[107.78327783277831,-66.66364157422824],[107.9920799207992,-66.67232159149717],[108.15768157681578,-66.63933752587525],[108.37728377283776,-66.76606577800152],[108.91008910089101,-66.86154596795967],[109.46449464494646,-66.90841806121185],[109.82449824498246,-66.83376991269913],[110.43650436504367,-66.62024148788362],[110.62370623706238,-66.52476129792547],[110.5877058770588,-66.31296887656376],[110.9081090810908,-66.07687240684906],[111.4517145171452,-65.9605601754455],[112.12852128521286,-65.89980005456303],[112.54612546125463,-65.84771995094951],[113.10053100531007,-65.79911185424353],[113.36693366933673,-65.84945595440328],[113.5037350373504,-65.88591202693276],[113.70893708937092,-65.92931211327738],[113.95373953739539,-66.061248375765],[114.33534335343353,-66.35984096981593],[114.619746197462,-66.46747318395057],[114.86814868148684,-66.4761532012195],[115.0841508415084,-66.49351323575735],[115.31095310953111,-66.56121737045495],[115.63495634956348,-66.77127378836288],[115.44055440554405,-66.95876216137161],[115.27495274952753,-67.02820229952299],[114.56934569345697,-67.10805845839708],[114.259742597426,-67.1722905861871],[113.98973989739898,-67.21221866562415],[113.91413914139144,-67.36845897646475],[114.02574025740256,-67.4413711215237],[114.31734317343177,-67.40491504899424],[114.65934659346595,-67.38755501445638],[114.92574925749261,-67.35630695228826],[115.17055170551708,-67.3076988555823],[115.38295382953828,-67.23825871743091],[115.88695886958868,-67.20180264490145],[116.21456214562147,-67.14277852747277],[116.50976509765098,-67.10805845839708],[116.71496714967151,-67.04729833751462],[116.9237692376924,-67.05597835478355],[117.13257132571329,-67.11500247221221],[117.2981729817298,-67.10979446185087],[117.7445774457745,-67.1288904998425],[117.95337953379533,-67.08549041349788],[118.13698136981372,-67.08201840659031],[118.32418324183243,-67.11500247221221],[118.51858518585186,-67.16013856201062],[118.7129871298713,-67.1722905861871],[118.9649896498965,-67.14451453092656],[119.31779317793178,-67.0716023858676],[119.76779767797677,-66.99174622699351],[120.18900189001891,-66.96570617518674],[120.289802898029,-66.96744217864052],[120.37620376203762,-66.9830662097246],[119.95499954999553,-67.07507439277518],[119.28179281792819,-67.20006664144766],[118.92178921789218,-67.31985087975879],[119.13419134191344,-67.37019497991854],[120.40140401404017,-67.23652271397714],[120.97740977409774,-67.13583451365763],[121.48861488614887,-67.09069842385924],[121.6146161461615,-67.05771435823732],[122.03222032220322,-66.90147404739672],[122.18342183421834,-66.85980996450589],[122.63342633426333,-66.80425785398478],[123.22023220232205,-66.74523373655612],[123.66663666636668,-66.67752960185851],[123.96903969039693,-66.60808946370713],[124.19584195841958,-66.60114544989199],[124.37224372243725,-66.65148955005174],[124.5990459904599,-66.70877766402663],[124.82224822248224,-66.69488963639635],[125.09585095850957,-66.64107352932903],[125.2866528665287,-66.51608128065655],[125.39825398253981,-66.42407309760597],[125.60345603456034,-66.39282503543785],[125.86625866258663,-66.36504898017729],[126.07866078660788,-66.39629704234542],[126.42426424264244,-66.46226517358923],[126.66546665466655,-66.49698524266492],[126.87426874268743,-66.75912176418639],[127.36387363873638,-66.99001022353973],[127.54027540275405,-67.05077034442219],[127.96867968679686,-67.02820229952299],[128.42948429484295,-67.11847447911978],[128.62748627486275,-67.1063224549433],[128.8146881468815,-67.08028240313652],[128.9838898388984,-67.09764243767437],[129.2358923589236,-67.04209032715326],[129.49869498694989,-66.75217775037125],[129.739897398974,-66.46920918740437],[129.97749977499774,-66.34421693873188],[130.1215012150122,-66.29213683511834],[130.30150301503016,-66.26783278676535],[130.57870578705786,-66.20880866933669],[130.95310953109532,-66.19144863479885],[131.23031230312301,-66.21575268315182],[131.8315183151832,-66.23658472459724],[132.32112321123213,-66.16540858299207],[132.87552875528758,-66.17756060716857],[133.1491314913149,-66.09423244138691],[133.44433444334442,-66.08208041721042],[133.84393843938443,-66.15325655881558],[133.9591395913959,-66.20360065897533],[134.1787417874179,-66.27651280403428],[134.2327423274233,-66.34768894563945],[134.29034290342906,-66.4761532012195],[134.39834398343987,-66.47962520812708],[134.76914769147692,-66.3528969560008],[134.97074970749708,-66.3303289111016],[135.35235352353527,-66.12721650700881],[135.55395553955543,-66.17929661062234],[136.0111601116011,-66.26609678331158],[136.1947619476195,-66.29213683511834],[136.5547655476555,-66.43969712869003],[136.73836738367385,-66.40844906652191],[136.88956889568897,-66.33900892837053],[137.3359733597336,-66.34595294218566],[137.75357753577538,-66.40671306306812],[137.92637926379263,-66.45705716322787],[138.13878138781388,-66.5438573359171],[138.27198271982724,-66.56468937736251],[138.37638376383762,-66.54038532900954],[139.24039240392403,-66.57336939463144],[139.6147961479615,-66.63760152242146],[139.89919899198992,-66.71572167784177],[140.90000900009,-66.75217775037125],[141.28521285212855,-66.83203390924534],[141.51561515615157,-66.79384183326208],[141.9728197281973,-66.80599385743857],[142.160021600216,-66.87369799213616],[142.32562325623257,-66.9483461406489],[142.68922689226895,-67.01257826843893],[142.88722887228874,-67.00042624426243],[143.1680316803168,-66.9483461406489],[143.44883448834491,-66.87716999904373],[143.72963729637297,-66.87716999904373],[143.86283862838627,-66.9379301199262],[143.90963909639095,-67.09069842385924],[144.11844118441184,-67.08722641695167],[144.3488434884349,-67.01778627880029],[144.55044550445507,-67.03514631333813],[144.62244622446224,-67.14104252401899],[144.51444514445143,-67.28165880377553],[144.25884258842592,-67.47956319750696],[144.15444154441548,-67.6444835256165],[143.94203942039422,-67.79377982264197],[143.9780397803978,-67.86495596424713],[144.19044190441906,-67.89967603332283],[144.4028440284403,-67.79377982264197],[144.8780487804878,-67.72086767758302],[145.12645126451264,-67.62538748762486],[145.5548555485555,-67.59066741854917],[145.9760597605976,-67.62365148417109],[146.27486274862747,-67.75037973629736],[146.8292682926829,-67.96390816111285],[146.8508685086851,-68.04029231307938],[146.89766897668977,-68.12014847195346],[146.87966879668795,-68.19132461355863],[146.7968679686797,-68.2729167758865],[147.0920709207092,-68.36839696584465],[147.3548735487355,-68.38402099692871],[147.56727567275675,-68.3753409796598],[148.45648456484565,-68.46734916271038],[148.88128881288816,-68.43089309018089],[149.2628926289263,-68.43089309018089],[149.71649716497166,-68.41700506255061],[150.06570065700657,-68.42047706945819],[150.34290342903432,-68.43610110054225],[150.67050670506706,-68.40311703492034],[150.9369093690937,-68.35798094512194],[151.06651066510665,-68.3857570003825],[151.12051120511205,-68.62358947355098],[151.13851138511387,-68.76420575330752],[151.289712897129,-68.81628585692107],[151.44811448114484,-68.76420575330752],[151.56331563315632,-68.69302961170236],[152.26532265322652,-68.72601367732426],[152.54612546125463,-68.72948568423183],[152.8125281252813,-68.7676777602151],[153.08253082530825,-68.8562139363581],[153.34173341733418,-68.81802186037484],[153.49653496534967,-68.76420575330752],[153.70533705337056,-68.72948568423183],[153.7665376653767,-68.64094950808882],[153.79173791737918,-68.49338921451714],[153.78453784537845,-68.34930092785302],[153.90693906939072,-68.32326087604625],[154.0329403294033,-68.34930092785302],[154.19854198541987,-68.41700506255061],[154.5765457654577,-68.63400549427368],[154.86454864548648,-68.77462177403024],[154.9869498694987,-68.84058990527404],[155.16335163351636,-68.89440601234136],[155.519755197552,-69.0246062713752],[156.00936009360095,-69.07842237844253],[156.48816488164886,-69.18258258566959],[157.0461704617046,-69.17563857185446],[157.4817748177482,-69.30931083779586],[157.77697776977772,-69.2051506305688],[157.9317793177932,-69.18084658221582],[158.15858158581585,-69.20862263747637],[158.43218432184324,-69.29889481707316],[158.64818648186485,-69.31972685851858],[159.38619386193864,-69.46902315554405],[159.78219782197823,-69.52110325915758],[159.929799297993,-69.63047147674601],[160.12420124201242,-69.73463168397308],[160.12420124201242,-69.84052789465395],[160.2106021060211,-69.97420016059534],[160.65340653406537,-70.0800963712762],[160.82620826208262,-70.1825205750495],[161.03861038610387,-70.31792884444468],[161.42381423814237,-70.82657785640356],[161.62541625416253,-70.91685003600035],[161.91701917019174,-70.90817001873143],[162.19062190621906,-71.04010628121905],[162.2770227702277,-71.02101024322742],[162.28782287822878,-70.96893013961389],[162.03942039420394,-70.62520145576455],[162.02142021420218,-70.4394490862096],[162.2158221582216,-70.33355287552875],[162.67302673026734,-70.3040408168144],[163.02583025830262,-70.50194521054584],[163.349833498335,-70.62172944885698],[163.5658356583566,-70.6425614903024],[163.99783997839978,-70.63735347994104],[164.40464404644047,-70.51062522781477],[164.71424714247144,-70.55576131761316],[165.2110521105211,-70.57138534869723],[165.85545855458554,-70.64603349720997],[166.1326613266133,-70.63214546957968],[166.6258662586626,-70.66339353174781],[167.22707227072272,-70.77102574588245],[167.5690756907569,-70.8109538253195],[167.64107641076413,-70.8543539116641],[167.79947799477998,-70.92553005326928],[167.87867878678787,-71.01233022595851],[167.9650796507965,-71.09218638483259],[168.17388173881739,-71.1824585644294],[168.38268382683827,-71.19808259551345],[168.7966879668797,-71.27446674747998],[169.66429664296646,-71.51056321719466],[169.97749977499774,-71.58000335534605],[170.16110161101614,-71.6303474555058],[170.25110251102512,-71.56958733462334],[170.27630276302762,-71.44459508595085],[170.43470434704346,-71.41855503414408],[170.6039060390604,-71.60430740369904],[170.78030780307802,-71.74492368345558],[170.85950859508597,-71.86817992867428],[170.67590675906763,-71.96886812899379],[170.40950409504097,-71.94803608754837],[170.22230222302227,-71.94803608754837],[170.03150031500314,-72.11469241911169],[169.95229952299525,-72.40286899243992],[170.12870128701286,-72.39766098207856],[170.25830258302585,-72.3716209302718],[170.2871028710287,-72.47751714095266],[170.2079020790208,-72.56605331709567],[170.04950049500496,-72.60077338617135],[169.77589775897758,-72.53306925147376],[169.44109441094412,-72.48619715822157],[169.07389073890738,-72.46883712368373],[168.71748717487174,-72.38377295444829],[168.5770857708577,-72.37856494408693],[168.42948429484295,-72.38377295444829],[168.62028620286202,-72.4723091305913],[168.81828818288182,-72.55216528946539],[169.26829268292687,-72.62160542761677],[169.82989829898298,-72.72923764175141],[169.84429844298444,-72.79520577299522],[169.71109711097114,-72.8767979353231],[169.54549545495456,-73.05039828070156],[169.03429034290343,-73.19969457772702],[168.73548735487356,-73.09206236359238],[168.38268382683827,-73.06602231178562],[168.20628206282066,-73.13025443957564],[167.85347853478538,-73.12331042576051],[167.15507155071555,-73.14761447411348],[166.88146881468816,-73.01047020126451],[166.4530645306453,-72.93582205275177],[166.46746467464675,-72.99831817708801],[166.8346683466835,-73.22399862608],[167.22707227072272,-73.27607872969354],[167.61587615876158,-73.336838850576],[167.70947709477093,-73.39412696455089],[167.53307533075332,-73.44794307161821],[167.29547295472958,-73.43926305434928],[166.9966699666997,-73.54515926503015],[166.4278642786428,-73.52779923049229],[166.15786157861578,-73.53300724085365],[165.99945999459993,-73.57640732719827],[165.8590585905859,-73.59203135828233],[165.97065970659708,-73.63022343426559],[166.10746107461074,-73.73438364149266],[165.9130591305913,-73.82291981763566],[165.73305733057333,-73.86631990398028],[165.54945549455493,-73.84548786253487],[165.34785347853477,-73.88020793161056],[165.25065250652506,-73.78299173819863],[165.2434524345244,-73.57119931683691],[165.12825128251285,-73.38197494037439],[165.00585005850058,-73.37503092655926],[164.81144811448115,-73.39759897145845],[164.75024750247502,-73.55904729266042],[164.88704887048874,-73.83854384871972],[164.9806498064981,-73.92534402140896],[164.9050490504905,-74.00346417682925],[164.77544775447757,-74.02776822518224],[165.03825038250386,-74.26386469489694],[165.26145261452615,-74.4253130160989],[165.3982539825398,-74.47912912316623],[165.4090540905409,-74.55898528204031],[165.3010530105301,-74.593705351116],[165.00225002250022,-74.56245728894788],[164.85464854648546,-74.57808132003194],[164.68904689046894,-74.56766529930924],[164.4118441184412,-74.53294523023355],[164.17424174241745,-74.52252920951084],[163.93663936639365,-74.56766529930924],[163.7350373503735,-74.56419329240167],[163.5550355503555,-74.41663299882998],[163.39663396633966,-74.3819129297543],[163.26703267032673,-74.42704901955268],[163.16623166231665,-74.60238536838493],[162.96102961029612,-74.65620147545225],[162.75222752227523,-74.73605763432634],[162.60462604626048,-74.82285780701557],[162.53262532625325,-75.1665864908649],[162.41022410224105,-75.23776263247007],[162.22662226622265,-75.2342906255625],[162.08622086220862,-75.26206668082305],[161.909819098191,-75.2342906255625],[161.67941679416793,-75.21693059102465],[160.90900909009093,-75.334978825882],[161.03141031410314,-75.39573894676447],[161.22581225812257,-75.38532292604175],[161.90261902619028,-75.40441896403338],[162.19062190621906,-75.46691508836963],[162.23742237422374,-75.62141939575645],[162.35262352623528,-75.68738752700027],[162.57942579425793,-75.75856366860543],[162.75222752227523,-75.79328373768112],[162.81702817028173,-75.84536384129466],[162.7450274502745,-75.95126005197551],[162.6478264782648,-76.04847624538745],[162.43542435424354,-76.1543724560683],[162.49662496624967,-76.20818856313562],[162.72702727027274,-76.22554859767347],[162.82422824228246,-76.46338107084195],[162.67302673026734,-76.56927728152282],[162.7450274502745,-76.65781345766582],[162.76302763027633,-76.74634963380883],[162.60822608226084,-76.82794179613671],[162.48942489424894,-76.86960587902753],[162.449824498245,-76.95640605171675],[162.680226802268,-77.00675015187652],[162.84942849428495,-77.02411018641436],[163.0870308703087,-77.03279020368328],[163.2490324903249,-77.12653439018764],[163.4578345783458,-77.26888667339797],[163.60903609036092,-77.38693490825533],[163.619836198362,-77.58310329853298],[163.76743767437677,-77.69941552993654],[164.04464044640446,-77.77406367844928],[164.03744037440373,-77.85218383386959],[164.23184231842322,-77.87648788222256],[164.4226442264423,-77.8834318960377],[164.4910449104491,-77.95460803764287],[164.42984429844302,-78.0414082103321],[164.10944109441095,-78.14730442101296],[163.97623976239765,-78.22368857297947],[164.29664296642966,-78.23584059715597],[164.6278462784628,-78.31569675603005],[165.0490504905049,-78.22542457643326],[165.27225272252724,-78.12820838302133],[165.41625416254163,-78.0414082103321],[165.52425524255244,-78.0639762552313],[165.53505535055353,-78.15424843482809],[165.66465664656647,-78.30528073530735],[166.20826208262082,-78.45110502542525],[166.51066510665106,-78.49797711867743],[166.80226802268027,-78.52228116703041],[167.05787057870577,-78.51880916012284],[167.129871298713,-78.60560933281207],[167.0506705067051,-78.68546549168616],[166.84906849068494,-78.6802574813248],[166.52506525065252,-78.69414550895509],[166.28746287462877,-78.62817737771127],[166.11826118261183,-78.57088926373638],[164.63504635046354,-78.6038733293583],[164.30024300243002,-78.62991338116505],[163.90063900639007,-78.71671355385428],[163.50463504635047,-78.75837763674511],[162.89622896228963,-78.84517780943433],[162.64062640626406,-78.89725791304788],[161.97461974619745,-78.69414550895509],[161.7586175861759,-78.54484921192962],[161.6686166861669,-78.53616919466069],[161.51021510215105,-78.57088926373638],[161.50301503015032,-78.67678547441724],[161.8126181261813,-78.90767393377058],[161.95301953019532,-78.96843405465304],[161.95301953019532,-79.0291941755355],[161.86301863018633,-79.06044223770363],[161.7370173701737,-79.06044223770363],[161.54621546215463,-79.01530614790522],[161.189811898119,-78.97885007537575],[160.8730087300873,-79.05002621698091],[160.48420484204843,-79.20105851746017],[160.5670056700567,-79.30174671777968],[160.67140671406713,-79.35903483175456],[160.64620646206464,-79.42673896645216],[160.2106021060211,-79.55520322203222],[160.06660066600665,-79.56041123239356],[159.97659976599766,-79.58645128420034],[160.08460084600847,-79.63332337745251],[160.32220322203221,-79.6350593809063],[160.34740347403476,-79.69234749488119],[160.26460264602645,-79.7374835846796],[159.87219872198722,-79.78956368829313],[159.89739897398977,-79.8590038264445],[160.10980109801102,-79.89198789206641],[160.3870038700387,-79.87983586788992],[160.55980559805602,-79.93017996804967],[160.55980559805602,-80.01003612692377],[160.38340383403835,-80.05517221672216],[160.17820178201782,-80.08815628234407],[158.7669876698767,-80.29300468989064],[158.56178561785617,-80.34855680041174],[158.57258572585727,-80.42320494892448],[159.06579065790658,-80.44230098691611],[160.5418054180542,-80.42494095237826],[160.6390063900639,-80.44924500073125],[160.60300603006033,-80.50826911815993],[160.520205202052,-80.58291726667267],[160.60300603006033,-80.63673337373999],[160.82260822608225,-80.67318944626946],[160.82980829808298,-80.73047756024435],[160.72180721807217,-80.75304560514354],[160.50220502205025,-80.77908565695031],[160.26100261002614,-80.78602967076546],[160.27540275402754,-80.84678979164791],[160.6066060660607,-80.90060589871523],[160.7182071820718,-80.90754991253037],[160.7290072900729,-81.11239832007695],[160.7182071820718,-81.19919849276617],[160.5418054180542,-81.240862575657],[160.4770047700477,-81.27037463437134],[160.46980469804697,-81.33981477252271],[160.90900909009093,-81.39015887268248],[161.58221582215822,-81.61063131131311],[161.72981729817297,-81.61063131131311],[161.99621996219963,-81.65229539420393],[162.4246242462425,-81.76513561869993],[162.57582575825762,-81.83283975339754],[162.8206282062821,-81.86582381901944],[162.85302853028531,-81.92137592954055],[163.00423004230043,-81.96824802279272],[163.6018360183602,-82.12101632672577],[163.68103681036814,-82.18698445796957],[162.4282242822428,-82.31371271009584],[161.1682116821168,-82.40745689660021],[161.28341283412834,-82.49078506238187],[162.64422644226443,-82.48210504511295],[163.01143011430116,-82.53418514872648],[163.17343173431738,-82.51856111764242],[163.26703267032673,-82.46300900712131],[164.00144001440015,-82.39704087587751],[164.74664746647466,-82.35364078953289],[164.9806498064981,-82.384888851701],[165.98145981459817,-82.62966533868463],[166.44586445864462,-82.72167352173521],[166.74106741067413,-82.7563935908109],[166.9570695706957,-82.76507360807983],[167.11547115471154,-82.8015296806093],[167.27027270272703,-82.8796498360296],[167.23427234272344,-82.95256198108855],[167.29907299072994,-82.98554604671047],[167.40347403474038,-82.99943407434074],[167.60147601476018,-83.0480421710467],[167.82827828278283,-83.03068213650886],[168.09108091080913,-82.97513002598775],[168.27468274682747,-82.98728205016425],[168.60588605886062,-83.06540220558455],[168.479884798848,-83.12616232646701],[168.40788407884082,-83.15567438518134],[168.32148321483214,-83.21122649570245],[168.23868238682388,-83.23032253369408],[167.97227972279723,-83.24247455787058],[167.82467824678247,-83.24247455787058],[167.67347673476735,-83.23205853714786],[167.6590765907659,-83.27198661658491],[167.8426784267843,-83.31538670292953],[168.10908109081095,-83.3622587961817],[169.8370983709837,-83.39871486871118],[170.33030330303302,-83.47857102758528],[170.81630816308166,-83.43517094124066],[171.03591035910358,-83.44905896887093],[171.21951219512198,-83.4750990206777],[171.28791287912878,-83.5549551795518],[171.53631536315362,-83.58099523135856],[171.9179191791918,-83.6434913556948],[172.45072450724507,-83.67473941786292],[172.87552875528758,-83.67300341440914],[173.39753397533974,-83.75806758364457],[173.66033660336603,-83.76153959055215],[173.82233822338225,-83.81014768725812],[175.01035010350103,-83.83965974597245],[175.1867518675187,-83.87785182195572],[175.32355323553236,-83.94034794629195],[175.60435604356047,-83.96812400155251],[175.91035910359108,-83.97333201191387],[177.58077580775807,-84.07575621568715],[178.20718207182074,-84.12957232275447],[178.35118351183513,-84.1261003158469],[178.49518495184952,-84.13651633656961],[178.94518945189452,-84.181652426368],[179.40239402394025,-84.20595647472099],[179.62199621996223,-84.26845259905724],[-180,-84.35178076483889]]],[[[-45.22185221852217,-78.81045774035864],[-45.09225092250921,-78.81392974726622],[-44.56664566645665,-78.80351372654351],[-44.041040410404094,-78.80698573345109],[-43.72063720637206,-78.81913775762757],[-43.62703627036271,-78.84691381288812],[-43.54423544235442,-78.90246592340922],[-43.45063450634507,-78.98926609609845],[-43.364233642336416,-79.0847462860566],[-43.2670326703267,-79.16286644147691],[-43.20943209432093,-79.3000107143259],[-43.11943119431194,-79.35035481448564],[-42.96462964629646,-79.47708306661191],[-42.9430294302943,-79.5795072703852],[-42.98982989829898,-79.80171571246962],[-43.06543065430654,-79.89198789206641],[-43.2670326703267,-79.97878806475565],[-43.497434974349744,-79.97010804748672],[-43.60183601836019,-79.97358005439429],[-43.70263702637027,-79.99094008893213],[-43.74223742237422,-80.00309211310862],[-43.75663756637567,-80.02045214764647],[-43.490234902349016,-80.0951002961592],[-43.45783457834577,-80.12287635141976],[-43.45423454234543,-80.15586041704167],[-43.490234902349016,-80.17842846194087],[-43.52623526235263,-80.19058048611736],[-49.18909189091892,-80.64194138410133],[-49.40869408694087,-80.66624543245432],[-49.62829628296282,-80.71311752570651],[-49.70029700297002,-80.75304560514354],[-49.772297722977214,-80.78429366731167],[-54.16074160741607,-80.86935783654711],[-54.20034200342003,-80.86414982618575],[-54.239942399423995,-80.84678979164791],[-54.351543515435154,-80.75998961895868],[-54.37314373143731,-80.6228453461097],[-54.34794347943479,-80.56902923904238],[-54.12834128341282,-80.51694913542885],[-54.04554045540455,-80.48743707671451],[-53.674736747367476,-80.28432467262172],[-53.48393483934839,-80.18884448266357],[-53.39393393933939,-80.10898832378948],[-53.347133471334715,-80.11419633415083],[-53.17793177931779,-80.16106842740302],[-53.05193051930519,-80.1749564550333],[-52.807128071280715,-80.15586041704167],[-52.56592565925659,-80.09857230306677],[-52.46152461524615,-80.06732424089866],[-52.357123571235704,-80.07774026162136],[-52.33912339123391,-80.12634835832733],[-52.295922959229586,-80.1419723894114],[-51.71271712717126,-79.98920408547835],[-51.18351183511834,-79.81907574700746],[-50.66510665106651,-79.62637936363738],[-50.402304023040216,-79.5118031356876],[-50.33750337503375,-79.4788190700657],[-50.294302943029436,-79.43021097335972],[-50.33030330303302,-79.38160287665376],[-50.377103771037696,-79.33820279030914],[-50.420304203042036,-79.32084275577131],[-50.46350463504635,-79.31389874195617],[-50.73350733507334,-79.28265067978805],[-50.65070650706505,-79.23230657962829],[-50.57150571505716,-79.17154645874584],[-50.52110521105212,-79.10384232404823],[-50.503105031050296,-79.02225016172036],[-50.51390513905139,-78.98058607882953],[-50.503105031050296,-78.94933801666141],[-50.38070380703806,-78.92329796485464],[-50.29790297902977,-78.88163388196381],[-50.24030240302403,-78.83302578525785],[-50.333903339033384,-78.81740175417379],[-50.377103771037696,-78.78094568164431],[-50.294302943029436,-78.69588151240887],[-50.218702187021876,-78.60560933281207],[-50.143101431014315,-78.5570012361061],[-49.941499414994155,-78.46152104614795],[-49.354693546935465,-78.22195256952568],[-49.14229142291421,-78.09348831394563],[-49.08109081090811,-78.04661622069345],[-47.69147691476914,-77.84003180969309],[-47.46467464674646,-77.81919976824767],[-47.02907029070289,-77.78968770953334],[-46.82746827468273,-77.78447969917198],[-46.25866258662586,-77.8053117406174],[-45.99225992259923,-77.82614378206281],[-45.53145531455314,-77.88169589258392],[-44.8510485104851,-77.98759210326477],[-44.595445954459535,-78.03446419651696],[-44.33984339843397,-78.09348831394563],[-44.0950409504095,-78.16813646245836],[-43.85383853838539,-78.25840864205516],[-43.807038070380685,-78.28618469731572],[-43.78543785437853,-78.33652879747547],[-43.77823778237783,-78.38513689418144],[-43.78903789037889,-78.43200898743362],[-43.85383853838539,-78.52922518084556],[-43.94743947439474,-78.59692931554315],[-45.06705067050669,-78.66116144333319],[-45.21465214652147,-78.68720149513994],[-45.29385293852937,-78.73928159875348],[-45.35145351453514,-78.79136170236701],[-45.22185221852217,-78.81045774035864]]],[[[-59.73359733597336,-80.3433487900504],[-59.77319773197732,-80.55861321831968],[-59.769597695976955,-80.65582941173162],[-59.82719827198271,-80.73394956715191],[-59.92799927999279,-80.77387764658896],[-60.1260012600126,-80.84158178128655],[-60.27000270002699,-80.8815098607236],[-60.58320583205831,-80.94747799196742],[-62.02322023220232,-80.88845387453874],[-62.671226712267114,-80.83463776747142],[-62.94122941229412,-80.76519762932004],[-62.98442984429843,-80.73394956715191],[-63.06723067230672,-80.62805335647106],[-63.14283142831428,-80.59506929084915],[-63.715237152371515,-80.61763733574836],[-64.06444064440645,-80.65062140137026],[-64.12564125641256,-80.6679814359081],[-64.21924219242192,-80.73394956715191],[-64.26964269642696,-80.7478375947822],[-65.2020520205202,-80.60722131502564],[-66.18486184861848,-80.44230098691611],[-66.59166591665917,-80.35723681768067],[-66.73206732067321,-80.31904474169741],[-66.77166771667716,-80.29300468989064],[-66.68166681666817,-80.26002062426873],[-66.5880658806588,-80.23918858282332],[-66.48366483664836,-80.22356455173926],[-66.37566375663756,-80.22182854828547],[-66.29646296462964,-80.23398057246197],[-66.21726217262172,-80.25828462081495],[-66.16686166861668,-80.34682079695796],[-66.11646116461164,-80.36070882458824],[-65.97965979659796,-80.38501287294122],[-62.52002520025199,-80.37286084876473],[-62.232022320223194,-80.36938884185716],[-61.63441634416344,-80.3433487900504],[-61.314013140131394,-80.30689271752092],[-61.19521195211952,-80.25654861736116],[-61.48321483214832,-80.24439659318467],[-61.59841598415984,-80.20620451720141],[-61.69561695616956,-80.13502837559625],[-61.717217172171715,-80.06906024435244],[-61.68481684816848,-80.02045214764647],[-61.303213032130316,-79.99614809929349],[-61.24561245612456,-79.97878806475565],[-61.34641346413464,-79.95101200949509],[-61.34281342813428,-79.88677988170507],[-61.1160111601116,-79.86247583335208],[-61.026010260102595,-79.80865972628476],[-60.57960579605796,-79.74095559158715],[-59.8739987399874,-79.77741166411664],[-59.70479704797047,-79.87462785752857],[-59.75159751597515,-79.93712398186481],[-59.7839978399784,-80.00135610965484],[-59.78759787597876,-80.10030830652056],[-59.49959499594995,-80.11419633415083],[-59.40959409594096,-80.15065240668031],[-59.32319323193232,-80.19578849647871],[-59.42759427594275,-80.1975244999325],[-59.52839528395283,-80.2079405206552],[-59.61119611196112,-80.25481261390738],[-59.68319683196832,-80.31557273478984],[-59.73359733597336,-80.3433487900504]]],[[[-70.05130051300513,-69.18952659948474],[-70.080100801008,-69.31104684124966],[-69.91449914499145,-69.26764675490504],[-69.85329853298532,-69.27632677217397],[-69.70929709297093,-69.32146286197236],[-69.41769417694177,-69.58359938349383],[-69.35289352893528,-69.66692754927548],[-69.23409234092341,-69.90823202935154],[-69.090090900909,-70.09051239199891],[-68.73008730087301,-70.40820102404149],[-68.55368553685537,-70.58180136941994],[-68.460084600846,-70.68248956973945],[-68.44928449284492,-70.81789783913463],[-68.33768337683377,-70.85608991511789],[-68.31248312483125,-70.911642025639],[-68.27648276482765,-71.09739439519394],[-68.25128251282513,-71.31265882346322],[-68.22608226082261,-71.72582764546395],[-68.24048240482405,-71.82130783542209],[-68.39528395283952,-71.97581214280892],[-68.460084600846,-72.08518036039735],[-68.54288542885429,-72.1580925054563],[-68.640086400864,-72.21017260906983],[-69.14769147691476,-72.4271730407929],[-69.20889208892089,-72.53480525492755],[-70.06210062100621,-72.62681343797811],[-70.54450544505444,-72.66500551396138],[-70.73170731707317,-72.62334143107056],[-70.92250922509224,-72.61292541034786],[-71.160111601116,-72.62681343797811],[-71.84771847718477,-72.63896546215462],[-72.36612366123661,-72.67021352432273],[-72.43452434524345,-72.65806150014625],[-72.48132481324812,-72.6181334207092],[-72.53172531725316,-72.59035736544865],[-72.66852668526685,-72.59556537581],[-72.78012780127801,-72.57994134472594],[-72.88812888128881,-72.54695727910403],[-73.0069300693007,-72.48446115476779],[-73.05733057330573,-72.44800508223832],[-73.0861308613086,-72.40807700280126],[-72.85572855728557,-72.3039167955742],[-72.73692736927369,-72.281348750675],[-72.61812618126181,-72.27440473685986],[-72.37692376923769,-72.29697278175905],[-72.13572135721357,-72.33169285083476],[-71.60651606516065,-72.3594689060953],[-70.8721087210872,-72.36641291991045],[-70.67050670506704,-72.35599689918774],[-70.42930429304293,-72.32301283356583],[-70.2061020610206,-72.22753264360767],[-70.31410314103141,-72.19107657107821],[-70.42570425704257,-72.16850852617901],[-70.53370533705336,-72.16330051581765],[-70.64170641706417,-72.17024452963278],[-70.94410944109441,-72.22926864706146],[-71.1781117811178,-72.26398871613716],[-71.4121141211412,-72.28482075758257],[-71.66051660516605,-72.25010068850688],[-71.89091890918908,-72.15288449509495],[-71.89811898118981,-72.12163643292682],[-71.10611106111061,-72.04698828441408],[-71.03411034110341,-72.0348362602376],[-70.89010890108901,-71.98796416698542],[-70.84330843308433,-71.94630008409459],[-70.82170821708216,-71.90637200465754],[-71.35451354513545,-71.83693186650616],[-71.4661146611466,-71.83866786995995],[-71.57411574115741,-71.85081989413644],[-71.81531815318152,-71.82130783542209],[-72.04572045720457,-71.73971567309422],[-72.2581225812258,-71.6407634762285],[-72.33732337323373,-71.63208345895958],[-72.41292412924129,-71.66159551767392],[-72.92772927729277,-71.9219960357416],[-72.9709297092971,-71.92373203919539],[-73.16533165331653,-71.90463600120376],[-73.41013410134101,-71.85255589759022],[-73.63333633336333,-71.83519586305238],[-73.77733777337772,-71.84908389068265],[-73.83133831338313,-71.86991593212807],[-73.69093690936909,-71.92894004955674],[-73.57213572135721,-71.98102015317028],[-73.53613536135362,-72.02268423606111],[-73.89973899738997,-72.15288449509495],[-73.99693996939969,-72.17024452963278],[-74.15174151741518,-72.1580925054563],[-74.20934209342093,-72.14246847437224],[-74.32094320943209,-72.07302833622086],[-74.4289442894429,-72.05566830168301],[-74.66294662946629,-72.06955632931329],[-74.78534785347853,-72.06434831895193],[-74.90774907749078,-72.03310025678381],[-75.02295022950229,-71.98796416698542],[-75.1309513095131,-71.96366011863243],[-75.26055260552606,-71.91331601847267],[-75.35415354153541,-71.87859594939698],[-75.3829538295383,-71.82825184923723],[-75.37215372153722,-71.77964375253127],[-75.33255332553325,-71.75186769727071],[-75.32535325353253,-71.72582764546395],[-75.35415354153541,-71.67895555221176],[-75.33615336153362,-71.64597148658986],[-75.29295292952929,-71.61472342442174],[-75.09855098550985,-71.55569930699306],[-74.86454864548645,-71.54354728281658],[-74.63774637746377,-71.61819543132931],[-74.48654486544865,-71.6407634762285],[-74.4181441814418,-71.64249947968229],[-74.39294392943928,-71.63902747277473],[-74.37494374943749,-71.61819543132931],[-74.37854378543786,-71.58000335534605],[-74.42174421744217,-71.5070912102871],[-74.42534425344253,-71.45674711012734],[-74.37494374943749,-71.41508302723652],[-74.30654306543065,-71.39945899615245],[-74.23454234542345,-71.38904297542975],[-74.18774187741877,-71.38383496506839],[-74.04014040140402,-71.40987501687516],[-73.93573935739357,-71.43765107213571],[-73.72333723337233,-71.5175072310098],[-73.5469354693547,-71.57305934153091],[-73.47853478534785,-71.57826735189226],[-73.4281342813428,-71.55917131390063],[-73.38133381333813,-71.52792325173252],[-73.59373593735937,-71.44806709285842],[-73.61533615336153,-71.39598698924489],[-73.60453604536045,-71.35085089944648],[-73.47493474934748,-71.32481084763972],[-73.39573395733957,-71.32133884073215],[-73.02133021330214,-71.36821093398433],[-72.81972819728198,-71.38383496506839],[-72.62172621726216,-71.38904297542975],[-72.21132211322113,-71.33522686836243],[-72.43092430924308,-71.27446674747998],[-72.90612906129061,-71.22238664386643],[-72.99612996129962,-71.18593057133695],[-73.06093060930608,-71.12690645390828],[-72.71172711727117,-71.07309034684096],[-72.35532355323552,-71.07482635029474],[-71.7181171811718,-71.14426648844614],[-71.50571505715057,-71.11128242282422],[-71.30771307713077,-71.01059422250472],[-71.19251192511925,-70.98455417069795],[-70.74250742507425,-70.99323418796688],[-70.37890378903789,-70.94636209471469],[-70.32130321303212,-70.95157010507604],[-70.26730267302672,-70.96545813270632],[-69.9180991809918,-71.13385046772342],[-69.87129871298713,-71.1251704504545],[-69.83529835298353,-71.09218638483259],[-69.82449824498245,-71.03316226740392],[-69.82089820898209,-70.97413814997525],[-69.83169831698316,-70.91337802909278],[-69.87489874898749,-70.87518595310952],[-69.93249932499324,-70.88039396347088],[-69.99369993699936,-70.89775399800872],[-70.09450094500944,-70.88212996692467],[-70.19530195301952,-70.85088190475653],[-70.29970299702997,-70.83699387712626],[-70.65970659706596,-70.81789783913463],[-70.91530915309153,-70.78664977696651],[-71.04851048510484,-70.76234572861352],[-71.17091170911709,-70.71373763190756],[-71.18891188911888,-70.65992152484024],[-71.05931059310593,-70.53666527962154],[-70.56250562505625,-70.40472901713392],[-70.32850328503285,-70.3613289307893],[-70.09090090900908,-70.3509129100666],[-69.97569975699757,-70.35959292733551],[-69.7020970209702,-70.41514503785662],[-69.65889658896589,-70.41167303094906],[-69.61929619296193,-70.39778500331877],[-69.8820988209882,-70.30577682026819],[-70.1161011610116,-70.23460067866303],[-70.23490234902349,-70.18078457159571],[-70.32850328503285,-70.15995253015029],[-70.72090720907208,-70.13912048870488],[-70.9261092610926,-70.19293659577221],[-71.02331023310232,-70.20161661304112],[-71.12051120511205,-70.19640860267977],[-71.69651696516965,-70.06794434709971],[-71.72891728917288,-70.05405631946944],[-71.81171811718117,-70.00544822276348],[-71.85491854918548,-69.96899215023399],[-71.880118801188,-69.90823202935154],[-71.86931869318693,-69.84747190846907],[-71.85131851318513,-69.80754382903203],[-71.76491764917648,-69.64956751473764],[-71.7181171811718,-69.52457526606516],[-71.74331743317433,-69.42215106229187],[-71.83331833318333,-69.36659895177075],[-71.96291962919629,-69.3284068757875],[-72.08172081720816,-69.26764675490504],[-72.11412114121141,-69.22598267201421],[-72.13572135721357,-69.17737457530825],[-72.13932139321393,-69.114878450972],[-72.10692106921069,-69.0593263404509],[-72.05652056520564,-69.00030222302223],[-71.99171991719916,-68.97079016430789],[-71.86931869318693,-68.94127810559355],[-71.39051390513904,-68.87357397089595],[-70.41850418504184,-68.78850980166051],[-70.31050310503105,-68.83190988800513],[-70.15570155701556,-68.92218206760192],[-70.10530105301052,-68.9586381401314],[-70.05130051300513,-69.13918249932499],[-70.05130051300513,-69.18952659948474]]],[[[-98.09198091980919,-71.91331601847267],[-98.17478174781748,-72.01921222915354],[-98.16758167581675,-72.1233724363806],[-97.92277922779228,-72.11642842256546],[-97.81477814778148,-71.91852402883403],[-97.58437584375844,-71.88206795630455],[-97.47277472774728,-72.00011619116191],[-97.58077580775807,-72.09559638112006],[-97.52677526775267,-72.14941248818738],[-97.4619746197462,-72.18760456417064],[-97.34677346773468,-72.18934056762441],[-97.24237242372423,-72.13205245364952],[-97.19557195571956,-72.0903883707587],[-97.1559715597156,-72.0452522809603],[-97.08757087570875,-71.9445640806408],[-96.8679686796868,-71.85081989413644],[-96.38196381963819,-71.83693186650616],[-96.12636126361264,-71.89595598393484],[-96.29916299162991,-72.0452522809603],[-96.71316713167131,-72.13205245364952],[-96.97956979569796,-72.22232463324633],[-96.88956889568895,-72.2466286815993],[-96.79956799567995,-72.2587807057758],[-96.71676716767168,-72.25530869886823],[-96.48276482764827,-72.20843660561604],[-95.90675906759067,-72.12163643292682],[-95.68715687156872,-72.0574043051368],[-95.6079560795608,-72.0678203258595],[-95.6079560795608,-72.17545253999414],[-95.53235532355323,-72.24836468505309],[-95.57555575555756,-72.40981300625506],[-95.8239582395824,-72.4393250649694],[-96.07956079560795,-72.45321309259967],[-96.01476014760148,-72.52438923420483],[-96.0291602916029,-72.55390129291916],[-96.05076050760508,-72.57646933781837],[-96.69156691566916,-72.54695727910403],[-96.80316803168031,-72.55737329982674],[-96.91476914769147,-72.57820534127215],[-97.02637026370263,-72.5729973309108],[-97.24957249572495,-72.52091722729728],[-97.36477364773647,-72.52091722729728],[-97.59517595175951,-72.54695727910403],[-97.82917829178291,-72.55737329982674],[-98.1639816398164,-72.55563729637296],[-98.40878408784087,-72.54695727910403],[-98.63918639186392,-72.48966916512914],[-98.88038880388804,-72.47404513404508],[-99.15039150391503,-72.4723091305913],[-99.43479434794348,-72.40634099934749],[-99.67239672396724,-72.38030094754072],[-100.01440014400144,-72.31259681284313],[-100.10440104401044,-72.28655676103635],[-100.19440194401943,-72.27266873340608],[-100.35640356403563,-72.27787674376744],[-101.60201602016019,-72.17545253999414],[-101.78561785617856,-72.17718854344793],[-101.90441904419043,-72.19107657107821],[-102.02322023220232,-72.18413255726307],[-102.26442264422644,-72.1355244605571],[-102.31482314823148,-72.08170835348977],[-102.28962289622896,-72.03136425333003],[-102.23562235622356,-72.00879620843082],[-102.12762127621276,-71.98622816353162],[-100.39960399603996,-71.8664439252205],[-100.21960219602195,-71.83345985959859],[-100.08640086400864,-71.83693186650616],[-99.98559985599856,-71.93935607027944],[-99.83439834398344,-72.0452522809603],[-99.7839978399784,-72.04351627750651],[-99.73359733597336,-72.03310025678381],[-99.56439564395643,-71.9445640806408],[-99.25479254792548,-71.97234013590135],[-99.0819908199082,-71.9324120564643],[-98.96318963189631,-71.85429190104401],[-98.6139861398614,-71.76401972144721],[-98.39438394383943,-71.78137975598506],[-98.18918189181892,-71.81957183196832],[-98.09198091980919,-71.91331601847267]]],[[[-120.55620556205562,-73.75521568293807],[-120.37980379803798,-73.85590388325758],[-120.31140311403114,-73.92187201450139],[-120.27180271802717,-73.98957614919898],[-120.98820988209883,-74.1562324807623],[-121.02061020610205,-74.17359251530014],[-121.0530105301053,-74.26039268798937],[-121.0350103501035,-74.279488725981],[-121.00621006210062,-74.29337675361128],[-121.00261002610026,-74.32636081923319],[-121.06381063810639,-74.33677683995589],[-122.28782287822878,-74.40274497119971],[-122.86022860228601,-74.34198485031725],[-122.93942939429394,-74.3020567708802],[-122.95742957429573,-74.23956064654396],[-122.8890288902889,-74.22740862236746],[-122.7630276302763,-74.21872860509855],[-122.79542795427955,-74.19095254983799],[-122.87462874628747,-74.14060844967824],[-122.88182881828818,-74.0989443667874],[-122.7090270902709,-73.99304815610655],[-122.62622626226262,-73.965272100846],[-122.95022950229503,-73.86631990398028],[-122.98982989829898,-73.84375185908108],[-123.03303033030329,-73.83680784526595],[-123.19143191431914,-73.84895986944244],[-123.34623346233462,-73.84375185908108],[-123.29223292232922,-73.80382377964403],[-123.24903249032491,-73.73785564840023],[-123.11223112231121,-73.68230353787912],[-123.01143011430113,-73.67362352061019],[-122.91062910629105,-73.67883153097155],[-122.43542435424354,-73.68230353787912],[-121.96741967419675,-73.71181559659345],[-121.49581495814958,-73.73264763803887],[-120.72180721807217,-73.7517436760305],[-120.55620556205562,-73.75521568293807]]],[[[-126.33066330663306,-73.28649475041625],[-126.06426064260643,-73.3142708056768],[-125.97425974259743,-73.35767089202142],[-125.85545855458554,-73.38891895418953],[-125.73665736657367,-73.40627898872738],[-125.6250562505625,-73.45315108197957],[-125.56025560255603,-73.53647924776122],[-125.50265502655026,-73.56251929956798],[-125.32625326253262,-73.6180714100891],[-125.26505265052651,-73.66667950679506],[-125.27585275852758,-73.69098355514805],[-125.61065610656107,-73.71007959313968],[-125.72225722257222,-73.70313557932454],[-125.82665826658265,-73.7187596104086],[-125.8590585905859,-73.74827166912294],[-125.85545855458554,-73.77951973129106],[-125.79785797857978,-73.80208777619026],[-125.67545675456753,-73.82291981763566],[-125.5530555305553,-73.8194478107281],[-125.32625326253262,-73.79514376237512],[-125.22545225452254,-73.80035177273646],[-125.11025110251103,-73.82639182454324],[-124.9950499504995,-73.82986383145081],[-124.69264692646927,-73.75000767257671],[-124.6170461704617,-73.73611964494644],[-124.54144541445415,-73.73959165185401],[-124.12744127441275,-73.83333583835838],[-124.0410404104041,-73.88020793161056],[-124.10224102241023,-73.90624798341733],[-124.15264152641527,-73.94444005940059],[-124.13104131041311,-73.97048011120735],[-123.9330393303933,-74.00867218719061],[-123.85023850238503,-74.05728028389659],[-123.79983799837999,-74.0763763218882],[-123.81063810638106,-74.11804040477904],[-123.83943839438393,-74.16838450493879],[-123.83583835838358,-74.22567261891368],[-123.93663936639366,-74.25692068108181],[-123.98343983439834,-74.25692068108181],[-124.19944199441994,-74.22567261891368],[-124.87264872648726,-74.20831258437583],[-125.08865088650887,-74.18227253256907],[-125.41985419854198,-74.06943230807308],[-125.54945549455493,-74.06248829425793],[-125.68265682656826,-74.03471223899739],[-125.88785887858879,-73.95485608012329],[-126.24426244262443,-73.89062395233327],[-126.47106471064711,-73.81250379691296],[-126.46386463864638,-73.74653566566914],[-126.49626496264963,-73.69966357241697],[-126.53946539465394,-73.68056753442534],[-126.58266582665826,-73.67015151370263],[-126.71226712267122,-73.65279147916479],[-126.83826838268382,-73.65799948952613],[-126.9030690306903,-73.67709552751776],[-127.00747007470075,-73.72570362422374],[-127.12267122671227,-73.73438364149266],[-127.21267212672126,-73.72396762076995],[-127.23067230672306,-73.71355160004724],[-127.23427234272341,-73.58508734446718],[-127.33147331473315,-73.56772730992934],[-127.41427414274142,-73.5156472063158],[-127.42867428674288,-73.44620706816443],[-127.39267392673926,-73.38197494037439],[-127.26667266672666,-73.3038547849541],[-127.12267122671227,-73.29517476768517],[-126.97866978669786,-73.30732679186167],[-126.83106831068311,-73.28996675732381],[-126.59706597065971,-73.27955073660111],[-126.33066330663306,-73.28649475041625]]],[[[-159.05139051390515,-79.80692372283097],[-160.30060300603006,-79.84511579881423],[-160.80820808208082,-79.81213173319233],[-161.86661866618667,-79.7027635156039],[-163.31743317433174,-79.50485912187247],[-163.71343713437133,-79.44236299753622],[-163.97263972639726,-79.3885468904689],[-164.22464224642246,-79.32084275577131],[-164.28224282242823,-79.24619460725856],[-164.24624246242462,-79.13856239312392],[-164.19944199441994,-79.05002621698091],[-164.12384123841238,-78.9944741064598],[-163.8142381423814,-78.928505975216],[-163.65943659436596,-78.85559383015705],[-163.34623346233462,-78.77920967819053],[-163.25623256232564,-78.72192156421563],[-163.1230312303123,-78.71844955730806],[-162.8710287102871,-78.7253935711232],[-162.62262622626227,-78.74101760220726],[-162.38862388623886,-78.7601136401989],[-162.16182161821618,-78.7930977058208],[-161.64341643416435,-78.90072991995544],[-161.28341283412834,-79.0066261306363],[-160.7650076500765,-79.13161837930879],[-160.25020250202502,-79.27223465906533],[-159.9621996219962,-79.32431476267887],[-159.6849968499685,-79.40243491809917],[-159.41859418594186,-79.50833112878003],[-159.36819368193682,-79.5447872013095],[-159.25659256592564,-79.5916592945617],[-159.1881918819188,-79.63679538436008],[-159.11979119791198,-79.67498746034335],[-159.05139051390515,-79.69408349833498],[-158.99738997389974,-79.73574758122581],[-159.0081900819008,-79.7808836710242],[-159.05139051390515,-79.80692372283097]]],[[[167.08307083070832,-77.32096677701152],[167.4610746107461,-77.39387892207047],[168.45108451084513,-77.38693490825533],[169.27549275492754,-77.45463904295292],[169.35109351093513,-77.5240791811043],[169.11709117091175,-77.56053525363379],[168.75348753487538,-77.65254343668437],[168.51948519485194,-77.6820554953987],[168.32148321483214,-77.6820554953987],[167.91827918279182,-77.64386341941544],[167.3926739267393,-77.6490714297768],[167.28107281072812,-77.70288753684412],[167.02547025470255,-77.75670364391144],[166.73026730267304,-77.8504478304158],[166.65106651066515,-77.77406367844928],[166.53226532265325,-77.70115153339033],[166.23706237062373,-77.5466472260035],[166.21546215462155,-77.5240791811043],[166.37746377463776,-77.49456712238997],[166.45666456664566,-77.44422302223022],[166.6258662586626,-77.37651888753263],[166.60786607866078,-77.3348548046418],[166.46746467464675,-77.28971871484339],[166.41346413464134,-77.25152663886013],[166.5070650706507,-77.18903051452389],[166.71586715867159,-77.16125445926333],[166.9858698586986,-77.1872945110701],[167.10827108271081,-77.27062267685176],[167.0866708667087,-77.30707874938123],[167.08307083070832,-77.32096677701152]]],[[[-31.120511205112052,-79.79824370556204],[-30.98370983709836,-79.81907574700746],[-30.839708397083967,-79.7704676503015],[-30.861308613086123,-79.7253315605031],[-30.778507785077835,-79.6472114050828],[-30.659706597065963,-79.73227557431824],[-29.871298712987112,-79.82254775391503],[-29.615696156961576,-79.90934792660426],[-29.720097200971992,-79.93017996804967],[-29.799297992979916,-79.9267079611421],[-30.02970029700296,-79.93538797841103],[-30.42210422104222,-80.01003612692377],[-30.84330843308433,-79.9388599853186],[-31.59571595715957,-79.88851588515885],[-31.82251822518225,-79.85032380917559],[-31.99891998919989,-79.73227557431824],[-31.682116821168194,-79.6350593809063],[-31.606516065160633,-79.64547540162901],[-31.120511205112052,-79.79824370556204]]],[[[-33.93573935739357,-79.32084275577131],[-34.05094050940508,-79.35729882830077],[-36.4809648096481,-79.29480270396454],[-36.59976599765997,-79.28265067978805],[-36.567365673656724,-79.20800253127531],[-36.2361623616236,-79.19585050709881],[-36.048960489604895,-79.18196247946854],[-35.789757897578966,-79.14897841384663],[-35.5989559895599,-79.09169029987174],[-35.5341553415534,-79.08995429641796],[-34.3929439294393,-79.22362656235937],[-33.99333993339934,-79.27917867288048],[-33.946539465394636,-79.30521872468724],[-33.93573935739357,-79.32084275577131]]],[[[-70.33570335703357,-79.6801954707047],[-70.55170551705517,-79.68366747761227],[-70.98370983709837,-79.67498746034335],[-71.41571415714157,-79.64026739126766],[-71.52731527315272,-79.62290735672981],[-71.68571685716857,-79.5673552462087],[-71.73611736117361,-79.53784318749437],[-71.77931779317792,-79.5013871149649],[-71.78291782917829,-79.44409900099001],[-71.66771667716677,-79.24619460725856],[-71.45531455314553,-79.12814637240122],[-71.25371253712537,-79.06044223770363],[-70.62730627306273,-78.90072991995544],[-70.54450544505444,-78.8833698854176],[-69.9720997209972,-78.80872173690486],[-69.74889748897489,-78.76879365746782],[-69.39969399693996,-78.68546549168616],[-67.47727477274772,-78.36256884928224],[-67.0380703807038,-78.31569675603005],[-66.840068400684,-78.35041682510574],[-66.72846728467285,-78.38340089072766],[-66.7860678606786,-78.4215929667109],[-67.04527045270453,-78.51360114976148],[-67.16767167671676,-78.5691532602826],[-67.48087480874808,-78.68199348477859],[-68.15768157681576,-78.8712178612411],[-68.63648636486364,-79.01357014445144],[-69.2520925209252,-79.2097385347291],[-69.39609396093961,-79.27917867288048],[-69.68769687696877,-79.44409900099001],[-69.63369633696337,-79.51701114604896],[-69.73089730897308,-79.61769934636845],[-70.1161011610116,-79.66630744307443],[-70.33570335703357,-79.6801954707047]]],[[[-57.847178471784716,-64.05442838319007],[-57.807578075780754,-64.06831641082036],[-57.77517775177752,-64.06137239700521],[-57.74277742777427,-64.04748436937493],[-57.71037710377104,-64.01450030375304],[-57.59157591575915,-63.96762821050085],[-57.47997479974799,-63.96242020013949],[-57.51597515975159,-64.01102829684547],[-57.24957249572495,-64.09782846953469],[-57.27117271172712,-64.16553260423228],[-57.22077220772208,-64.22108471475339],[-57.32877328773287,-64.23844474929123],[-57.41517415174151,-64.29573286326612],[-57.33957339573395,-64.31830090816533],[-57.29637296372964,-64.36690900487129],[-57.386373863738626,-64.37906102904779],[-57.58077580775807,-64.34954897033344],[-57.68157681576815,-64.35649298414859],[-57.670776707767075,-64.31135689435018],[-57.70317703177031,-64.29399685981234],[-57.821978219782196,-64.30267687708127],[-57.872378723787236,-64.40162907394698],[-57.908379083790834,-64.41030909121591],[-57.95157951579516,-64.39468506013185],[-57.91917919179191,-64.33045293234181],[-57.96957969579695,-64.32003691161911],[-58.01998019980199,-64.3217729150729],[-58.17118171181711,-64.36864500832507],[-58.21438214382144,-64.37038101177886],[-58.30438304383043,-64.31482890125775],[-58.01998019980199,-64.2419167561988],[-58.13878138781388,-64.20546068366933],[-58.1639816398164,-64.16032459387094],[-58.14598145981459,-64.09782846953469],[-58.25038250382504,-64.10650848680362],[-58.35118351183512,-64.1308125351566],[-58.39798397983979,-64.13428454206417],[-58.437584375843755,-64.11345250061875],[-58.42318423184231,-64.06831641082036],[-58.34038340383404,-63.993668262307615],[-58.27558275582756,-63.915548106887314],[-58.14598145981459,-63.87735603090405],[-58.07038070380703,-63.847843972189715],[-57.96957969579695,-63.833955944559435],[-57.92637926379264,-63.80617988929889],[-57.832778327783274,-63.8044438858451],[-57.77877778777787,-63.868676013635124],[-57.78237782377823,-63.906868089618385],[-57.82557825578256,-63.94853217250922],[-57.847178471784716,-64.05442838319007]]],[[[-55.52875528755287,-63.17427463212131],[-55.46755467554675,-63.200314683928084],[-55.21555215552155,-63.1985786804743],[-55.157951579515796,-63.205522694289435],[-55.107551075510756,-63.24892278063405],[-55.07515075150751,-63.32357092914678],[-55.157951579515796,-63.35308298786112],[-55.59355593555935,-63.33572295332328],[-55.751957519575186,-63.297530877340016],[-55.83115831158311,-63.2992668807938],[-56.00756007560075,-63.34093096368463],[-56.08316083160831,-63.38259504657546],[-56.37836378363784,-63.438147157096566],[-56.46116461164611,-63.41731511565115],[-56.500765007650074,-63.35829099822247],[-56.50436504365044,-63.33398694986949],[-56.475564755647554,-63.31836291878543],[-56.46116461164611,-63.302738887701366],[-56.464764647646476,-63.283642849709736],[-56.38556385563855,-63.23329874954999],[-56.04356043560435,-63.156914597583466],[-55.58995589955899,-63.12913854232292],[-55.52875528755287,-63.156914597583466],[-55.52875528755287,-63.17427463212131]]],[[[-57.97677976779768,-61.91220012121995],[-57.85077850778508,-61.939976176480506],[-57.73917739177391,-61.920880138488876],[-57.67797677976779,-61.94171217993429],[-57.63477634776348,-61.99900029390918],[-57.63837638376383,-62.01983233535459],[-57.807578075780754,-62.01115231808568],[-57.96237962379624,-62.077120449329485],[-58.14598145981459,-62.06323242169921],[-58.17118171181711,-62.11704852876653],[-58.13158131581315,-62.14656058748086],[-58.18198181981819,-62.17086463583385],[-58.34038340383404,-62.11878453222032],[-58.46638466384664,-62.13788057021195],[-58.50598505985059,-62.22641674635496],[-58.563585635856356,-62.2437767808928],[-58.59238592385924,-62.24724878780037],[-58.64278642786428,-62.22468074290117],[-58.74718747187471,-62.217736729086035],[-58.75438754387544,-62.20558470490954],[-58.81918819188192,-62.17086463583385],[-59.002790027900275,-62.20905671181711],[-58.9559895598956,-62.16392062201871],[-58.71118711187111,-62.04413638370758],[-58.68238682386823,-62.007680311178106],[-58.39798397983979,-61.93824017302673],[-58.26478264782648,-61.953864204110786],[-57.97677976779768,-61.91220012121995]]],[[[-63.17883178831788,-64.46933320864457],[-63.276032760327595,-64.57349341587165],[-63.1320313203132,-64.57175741241787],[-63.03123031230312,-64.53530133988839],[-62.92682926829268,-64.51967730880433],[-62.836828368283676,-64.57175741241787],[-63.024030240302395,-64.61168549185491],[-63.2040320403204,-64.68112563000629],[-63.276032760327595,-64.71758170253577],[-63.35523355233552,-64.73320573361983],[-63.4560345603456,-64.72799772325848],[-63.55683556835568,-64.73494173707361],[-63.64683646836468,-64.8026458717712],[-63.740437404374035,-64.83389393393934],[-63.76923769237692,-64.80785388213256],[-63.80523805238052,-64.7922298510485],[-64.00684006840068,-64.76792580269552],[-64.10044100441004,-64.73320573361983],[-64.18324183241832,-64.70890168526685],[-64.27324273242732,-64.69674966109035],[-64.22644226442264,-64.6359895402079],[-64.17244172441724,-64.58217343314058],[-63.866438664386635,-64.50926128808163],[-63.89523895238952,-64.48669324318243],[-63.916839168391675,-64.45718118446808],[-63.67563675636755,-64.42072511193861],[-63.66843668436684,-64.38426903940913],[-63.68283682836828,-64.3426049565183],[-63.60723607236072,-64.31482890125775],[-63.535235352353524,-64.27316481836692],[-63.484834848348484,-64.26101279419044],[-63.333633336333364,-64.26622080455179],[-63.22923229232292,-64.32350891852667],[-63.272432724327246,-64.38079703250156],[-63.17883178831788,-64.46933320864457]]],[[[-62.32562325623256,-64.42419711884618],[-62.39762397623976,-64.46412519828323],[-62.455224552245525,-64.47106921209837],[-62.509225092250915,-64.45370917756051],[-62.58122581225811,-64.51446929844298],[-62.72522725227252,-64.49537326045134],[-62.78282782827827,-64.47974922936729],[-62.746827468274674,-64.47106921209837],[-62.721627216272154,-64.4450291602916],[-62.642426424264244,-64.39121305322428],[-62.505625056250565,-64.25406878037529],[-62.480424804248045,-64.21066869403069],[-62.5920259202592,-64.13949255242551],[-62.610026100260995,-64.11692450752632],[-62.584825848258475,-64.07526042463549],[-62.54522545225451,-64.04574836592116],[-62.45162451624516,-64.01276430029924],[-62.329223292232925,-64.01276430029924],[-62.26802268022679,-64.0405403555598],[-62.26802268022679,-64.09088445571955],[-62.05922059220592,-64.13775654897174],[-62.095220952209516,-64.23497274238366],[-62.17442174421744,-64.29573286326612],[-62.18522185221852,-64.36864500832507],[-62.304023040230405,-64.40162907394698],[-62.32562325623256,-64.42419711884618]]],[[[-67.98847988479885,-67.47435518714562],[-68.09288092880928,-67.53858731493564],[-68.17568175681757,-67.55768335292727],[-68.25128251282513,-67.54032331838943],[-68.32688326883269,-67.53164330112051],[-68.38088380883808,-67.55594734947348],[-68.43848438484385,-67.656635549793],[-68.50688506885068,-67.70697964995274],[-68.57888578885789,-67.7330197017595],[-68.6220862208622,-67.7226036810368],[-68.66528665286653,-67.7226036810368],[-68.73368733687336,-67.745171725936],[-68.82008820088201,-67.75385174320493],[-68.90288902889029,-67.74343572248222],[-68.98208982089821,-67.67920359469218],[-69.09729097290972,-67.60281944272568],[-69.11889118891189,-67.57851539437269],[-69.13689136891368,-67.51601927003645],[-69.13329133291333,-67.45178714224642],[-69.08289082890829,-67.40317904554044],[-68.82008820088201,-67.23305070706957],[-68.73368733687336,-67.15666655510304],[-68.6580865808658,-67.06986638241382],[-68.57528575285752,-66.99174622699351],[-68.41688416884169,-66.85286595069076],[-68.33768337683377,-66.802521850531],[-67.93807938079381,-66.6566975604131],[-67.830078300783,-66.62371349479119],[-67.71127711277113,-66.6323935120601],[-67.68247682476824,-66.70877766402663],[-67.740077400774,-66.74696974000989],[-67.93087930879308,-66.84418593342183],[-67.97047970479704,-66.9813302062708],[-67.96687966879668,-67.03167430643056],[-67.94887948879489,-67.04556233406083],[-67.87687876878769,-67.06292236859868],[-67.82647826478265,-67.08201840659031],[-67.76167761677617,-67.12368248948114],[-67.68607686076861,-67.14798653783413],[-67.8480784807848,-67.21916267943928],[-67.9560795607956,-67.25561875196877],[-68.03168031680316,-67.30075484176716],[-68.17568175681757,-67.34415492811178],[-68.23688236882369,-67.37193098337232],[-68.14328143281432,-67.38234700409504],[-68.00648006480064,-67.41880307662451],[-67.97047970479704,-67.45005113879263],[-67.98847988479885,-67.47435518714562]]],[[[-73.70533705337053,-70.63561747648725],[-73.55053550535504,-70.72415365263026],[-73.69453694536945,-70.79359379078164],[-74.20574205742057,-70.92379404981548],[-74.50454504545046,-70.97413814997525],[-74.8069480694807,-71.01233022595851],[-76.1749617496175,-71.13211446426963],[-76.27216272162721,-71.13211446426963],[-76.36576365763658,-71.11649043318558],[-76.41976419764197,-71.09045038137882],[-76.50976509765097,-70.99149818451309],[-76.49896498964989,-70.94115408435334],[-76.37656376563766,-70.89428199110115],[-76.25056250562506,-70.86303392893304],[-76.03456034560345,-70.83525787367248],[-75.21015210152102,-70.77276174933624],[-75.12735127351273,-70.75192970789082],[-75.0589505895059,-70.70505761463863],[-75.03735037350373,-70.65124150757131],[-75.00855008550086,-70.6095774246805],[-74.95454954549545,-70.59048138668886],[-74.89694896948969,-70.59048138668886],[-74.78894788947889,-70.63040946612591],[-74.5909459094591,-70.79185778732787],[-74.52614526145261,-70.76928974242867],[-74.46854468544684,-70.72588965608405],[-74.45774457744577,-70.58700937978129],[-74.40014400144001,-70.57659335905859],[-74.22374223742237,-70.61478543504185],[-74.11574115741158,-70.65471351447889],[-74.11214112141121,-70.57659335905859],[-74.03654036540365,-70.5522893107056],[-73.95733957339573,-70.56096932797452],[-73.8781387813878,-70.57832936251236],[-73.70533705337053,-70.63561747648725]]],[[[-74.98694986949869,-69.72768767015795],[-74.81054810548105,-69.75199171851094],[-74.55134551345513,-69.86135993609935],[-74.4649446494465,-69.91691204662047],[-74.43974439744397,-69.94989611224237],[-74.46134461344613,-69.97246415714156],[-74.58014580145802,-69.99850420894833],[-74.670146701467,-70.13217647488975],[-74.85014850148501,-70.17904856814192],[-75.26775267752677,-70.14953650942759],[-75.72855728557285,-70.09572040236027],[-75.76455764557645,-70.08530438163756],[-75.80415804158041,-70.03843228838538],[-75.81135811358114,-69.98461618131806],[-75.7609576095761,-69.91691204662047],[-75.68175681756817,-69.88219197754476],[-75.33975339753397,-69.84052789465395],[-75.31455314553145,-69.81622384630096],[-75.26415264152641,-69.74851971160336],[-75.17775177751777,-69.73463168397308],[-75.13815138151381,-69.73983969433444],[-74.98694986949869,-69.72768767015795]]],[[[-74.35334353343534,-73.09900637740752],[-74.49734497344973,-73.22920663644136],[-74.52254522545225,-73.24309466407163],[-74.66654666546665,-73.27607872969354],[-74.61614616146161,-73.31079879876923],[-74.57654576545765,-73.32815883330707],[-74.55134551345513,-73.3698229161979],[-74.46854468544684,-73.4271110301728],[-74.36774367743676,-73.46356710270227],[-74.45054450544505,-73.56599130647555],[-74.57294572945729,-73.61112739627396],[-75.90135901359014,-73.33336684366843],[-76.00216002160022,-73.28823075387004],[-76.05256052560526,-73.25524668824812],[-76.0921609216092,-73.20316658463459],[-76.09576095760957,-73.15108648102105],[-76.06336063360634,-73.10942239813022],[-76.01656016560165,-73.08511834977725],[-75.89775897758977,-73.0556062910629],[-75.77535775357754,-73.05387028760912],[-75.50535505355053,-73.10942239813022],[-75.46935469354693,-73.1007423808613],[-75.41895418954189,-73.05213428415533],[-75.27495274952749,-73.05039828070156],[-75.24255242552425,-73.00873419781072],[-75.44055440554405,-72.99484617018044],[-75.5989559895599,-72.95318208728962],[-75.70335703357033,-72.91151800439879],[-75.73215732157321,-72.87853393877688],[-75.37575375753757,-72.82124582480199],[-74.47214472144721,-72.89415796986094],[-74.33534335343353,-72.91846201821393],[-74.27414274142741,-72.95144608383583],[-74.22374223742237,-72.99658217363424],[-74.35334353343534,-73.09900637740752]]],[[[-91.16191161911618,-73.18233454318917],[-91.34551345513455,-73.20663859154216],[-91.51111511115111,-73.19622257081946],[-91.449914499145,-72.96707011491989],[-91.35631356313563,-72.909782000945],[-91.38151381513815,-72.86811791805417],[-91.55071550715506,-72.7535416901044],[-91.66951669516695,-72.62334143107056],[-91.6119161191612,-72.59382937235623],[-91.30231302313022,-72.54695727910403],[-90.9459094590946,-72.55563729637296],[-90.80550805508055,-72.61118940689406],[-90.76230762307623,-72.68062954504545],[-90.78030780307803,-72.7309736452052],[-90.89550895508955,-72.82298182825578],[-90.77670776707767,-72.8542298904239],[-90.75150751507515,-72.91672601476014],[-90.77670776707767,-72.99311016672667],[-90.89190891908919,-73.08338234632346],[-90.99990999909998,-73.13719845339078],[-91.16191161911618,-73.18233454318917]]],[[[167.64107641076413,-78.1420964106516],[167.51867518675186,-78.21674455916434],[167.37827378273784,-78.24972862478624],[166.93546935469357,-78.22195256952568],[166.6258662586626,-78.28444869386193],[166.2838628386284,-78.30701673876113],[166.1218612186122,-78.27403267313923],[166.04986049860497,-78.21327255225677],[166.0138601386014,-78.13168038992889],[166.0138601386014,-78.10216833121456],[166.1110611106111,-78.09001630703807],[166.56826568265683,-78.14730442101296],[166.7590675906759,-78.19764852117271],[166.86346863468634,-78.19591251771892],[167.13707137071373,-78.1299443864751],[167.36387363873638,-78.04661622069345],[167.42147421474215,-78.0066881412564],[167.49707497074974,-77.99280011362613],[167.59427594275945,-78.02231217234046],[167.64107641076413,-78.11258435193726],[167.64107641076413,-78.1420964106516]]],[[[100.98280982809831,-65.67759161247862],[100.54720547205471,-65.7018956608316],[100.51120511205113,-65.67585560902484],[100.34920349203492,-65.67238360211726],[100.29160291602915,-65.65155156067185],[100.27000270002702,-65.60294346396589],[100.32400324003243,-65.521351301638],[100.41040410404105,-65.4657991911169],[100.54360543605435,-65.40851107714201],[100.60840608406085,-65.39635905296552],[100.88200882008823,-65.37726301497389],[101.08001080010803,-65.40330306678067],[101.22041220412206,-65.47274320493204],[101.260012600126,-65.52829531545315],[101.23841238412388,-65.56475138798262],[100.98280982809831,-65.67759161247862]]],[[[26.858068580685824,-70.38042496878093],[26.793267932679328,-70.41861704476419],[26.609666096660987,-70.41167303094906],[26.46926469264693,-70.44812910347852],[26.357663576635787,-70.43424107584825],[26.004860048600506,-70.3734809549658],[25.96525965259653,-70.29536079954549],[25.954459544595466,-70.2606407304698],[25.98325983259832,-70.19988060958734],[26.30006300063002,-70.07315235746107],[26.42606426064262,-70.06100033328457],[26.606066060660623,-70.07836036782243],[26.685266852668548,-70.1148164403519],[26.735667356673588,-70.18599258195707],[26.876068760687616,-70.33008086862118],[26.858068580685824,-70.38042496878093]]],[[[-5.895058950589487,-70.5522893107056],[-6.15786157861578,-70.61131342813428],[-6.179461794617936,-70.5852733763275],[-6.265862658626588,-70.55055330725182],[-6.438664386643865,-70.45333711383988],[-6.244262442624432,-70.44639310002475],[-6.067860678606792,-70.40472901713392],[-5.970659706597047,-70.42208905167176],[-5.949059490594891,-70.43250507239446],[-5.895058950589487,-70.5522893107056]]],[[[-3.2814328143281273,-70.53319327271397],[-3.44343443434434,-70.53492927616776],[-3.490234902349016,-70.5071532209072],[-3.497434974349744,-70.48805718291557],[-3.2886328863288554,-70.34396889625145],[-3.1734317343173473,-70.30751282372198],[-2.9502295022950307,-70.27973676846143],[-2.80622806228061,-70.28841678573035],[-2.712627126271258,-70.31966484789848],[-2.6838268382683736,-70.37695296187336],[-2.6838268382683736,-70.46201713110881],[-2.737827378273778,-70.5071532209072],[-3.2814328143281273,-70.53319327271397]]],[[[-66.1740617406174,-80.07774026162136],[-66.26766267662676,-80.08121226852893],[-66.3180631806318,-80.07426825471379],[-66.36846368463684,-80.05343621326838],[-66.41166411664116,-79.97358005439429],[-66.90486904869049,-79.90934792660426],[-66.96246962469624,-79.87289185407478],[-66.99486994869949,-79.7930356952007],[-67.07767077670776,-79.76178763303257],[-67.71847718477184,-79.61943534982224],[-67.77247772477725,-79.58992329110791],[-67.80847808478084,-79.54652320476329],[-67.68967689676896,-79.52916317022544],[-67.43767437674376,-79.56041123239356],[-66.98046980469805,-79.56909124966249],[-66.87966879668797,-79.58297927729276],[-66.7860678606786,-79.60728332564575],[-66.27486274862748,-79.61249133600711],[-66.01566015660156,-79.6246433601836],[-65.87165871658716,-79.7374835846796],[-65.580055800558,-79.7704676503015],[-65.54045540455404,-79.8364357815453],[-65.50445504455044,-79.95448401640266],[-65.90045900459005,-80.04128418909188],[-65.99045990459904,-80.05343621326838],[-66.1740617406174,-80.07774026162136]]],[[[-67.26127261272612,-79.45277901825892],[-67.43407434074341,-79.5013871149649],[-68.16128161281613,-79.4788190700657],[-68.40968409684096,-79.46319503898164],[-68.550085500855,-79.43715498717486],[-68.42048420484204,-79.3329947799478],[-68.32328323283232,-79.29827471087211],[-68.23328233282332,-79.28438668324182],[-68.03168031680316,-79.22709856926694],[-67.71487714877148,-79.21321054163666],[-67.47367473674737,-79.22362656235937],[-67.06687066870668,-79.26876265215776],[-67.17127171271713,-79.31216273850238],[-67.23967239672396,-79.32778676958644],[-67.30447304473044,-79.39375490083026],[-67.26127261272612,-79.45277901825892]]],[[[-55.16515165151651,-61.22127074661371],[-55.298352983529824,-61.24904680187426],[-55.345153451534514,-61.210854725891],[-55.370353703537035,-61.146622598100976],[-55.43875438754387,-61.10669451866393],[-55.38835388353883,-61.07197444958824],[-54.671946719467186,-61.11711053938664],[-54.71154711547115,-61.13967858428583],[-55.057150571505716,-61.16919064300017],[-55.16515165151651,-61.22127074661371]]],[[[-55.87075870758707,-63.5353633505085],[-55.95715957159571,-63.580499440306895],[-56.17676176761768,-63.5127953056093],[-56.23436234362343,-63.46939521926468],[-56.20916209162091,-63.43641115364278],[-55.85635856358563,-63.40689909492844],[-55.76275762757628,-63.42252312601251],[-55.71955719557195,-63.491963264163886],[-55.87075870758707,-63.5353633505085]]],[[[-57.23877238772387,-64.56654940205651],[-57.32517325173251,-64.57002140896408],[-57.43317433174332,-64.54050935024975],[-57.44757447574476,-64.4884292466362],[-57.44757447574476,-64.46065319137566],[-57.36477364773647,-64.43808514647645],[-57.31437314373143,-64.43461313956888],[-57.02277022770227,-64.35302097724102],[-56.89316893168932,-64.3321889357956],[-56.95076950769507,-64.38253303595535],[-56.94356943569436,-64.42766912575375],[-56.99036990369903,-64.4675972051908],[-57.23877238772387,-64.56654940205651]]],[[[-56.061560615606155,-63.078794442163165],[-56.25956259562595,-63.172538628667525],[-56.35316353163532,-63.16906662175996],[-56.54756547565475,-63.097890480154796],[-56.601566015660154,-63.06143440762532],[-56.61236612366123,-63.045810376541255],[-56.489964899648996,-62.981578248751234],[-56.140761407614065,-63.005882297104215],[-56.061560615606155,-63.01282631091935],[-56.05796057960579,-63.01803432128071],[-56.05076050760508,-63.054490393810184],[-56.061560615606155,-63.078794442163165]]],[[[-57.37557375573755,-63.807915892752675],[-57.361173611736106,-63.82527592729052],[-57.15957159571596,-63.814859906567804],[-57.105571055710556,-63.84089995837458],[-57.217172171721714,-63.87562002745027],[-57.2459724597246,-63.868676013635124],[-57.343173431734314,-63.87909203435784],[-57.61677616776167,-63.853051982551065],[-57.68157681576815,-63.813123903114025],[-57.44037440374403,-63.79055585821483],[-57.37557375573755,-63.807915892752675]]],[[[-61.9980199801998,-69.72247965979659],[-62.08442084420844,-69.72942367361173],[-62.170821708217076,-69.63741549056115],[-62.21762217622175,-69.49506320735082],[-62.49482494824947,-69.28847879635046],[-62.56682566825668,-69.18084658221582],[-62.51642516425164,-69.15480653040905],[-62.44082440824408,-69.14612651314013],[-62.23922239222392,-69.17563857185446],[-62.11682116821167,-69.21556665129151],[-61.980019800197994,-69.30063082052695],[-61.81441814418143,-69.37701497249347],[-61.7820178201782,-69.4412471002835],[-61.80721807218072,-69.51415924534246],[-61.91161911619116,-69.53325528333407],[-61.9080190801908,-69.5870713904014],[-61.969219692196916,-69.69123159762847],[-61.9980199801998,-69.72247965979659]]],[[[-60.62640626406264,-62.55972940948159],[-60.5760057600576,-62.57188143365808],[-60.14040140401404,-62.549313388758875],[-60.00360003600035,-62.61875352691026],[-59.84879848798488,-62.615281520002696],[-60.21960219602195,-62.74548177903654],[-60.32040320403203,-62.70728970305328],[-60.35280352803528,-62.67951364779272],[-60.3780037800378,-62.61701752345648],[-60.61920619206191,-62.63264155454054],[-60.698406984069834,-62.62048953036405],[-60.79560795607955,-62.66215361325487],[-60.99360993609936,-62.67951364779272],[-61.06201062010619,-62.67951364779272],[-61.14841148411483,-62.63437755799433],[-61.152011520115195,-62.58924146819592],[-60.975609756097555,-62.59097747164971],[-60.838808388083876,-62.53368935767482],[-60.799207992079914,-62.474665240246146],[-60.73080730807308,-62.490289271330205],[-60.62640626406264,-62.55972940948159]]],[[[-71.98451984519845,-69.69817561144362],[-72.20052200522005,-69.73983969433444],[-72.34452344523444,-69.70685562871253],[-72.77652776527765,-69.64435950437628],[-72.95652956529565,-69.52978327642651],[-72.93852938529385,-69.46902315554405],[-72.85572855728557,-69.43256708301458],[-72.72612726127261,-69.41347104502294],[-72.46332463324633,-69.4516631210062],[-72.330123301233,-69.49159120044325],[-71.98451984519845,-69.69817561144362]]],[[[-95.02835028350283,-72.66500551396138],[-95.21915219152191,-72.67021352432273],[-95.27315273152732,-72.64764547942355],[-95.21555215552155,-72.59903738271757],[-94.75474754747547,-72.5174452203897],[-94.56754567545676,-72.46883712368373],[-94.53874538745387,-72.47578113749887],[-94.51354513545135,-72.49140516858293],[-94.43434434344343,-72.58862136199487],[-94.42714427144271,-72.61292541034786],[-95.02835028350283,-72.66500551396138]]],[[[-104.53964539645396,-73.16671051210511],[-104.65844658446584,-73.21184660190352],[-104.88164881648817,-73.2014305811808],[-105.05445054450544,-73.12678243266807],[-105.12285122851229,-73.02609423234857],[-105.130051300513,-72.99137416327288],[-105.08325083250833,-72.9653341114661],[-104.97164971649717,-72.94103006311312],[-104.53964539645396,-73.16671051210511]]],[[[-119.54819548195482,-74.11109639096391],[-119.7569975699757,-74.12151241168661],[-119.82179821798218,-74.11977640823282],[-119.88659886598866,-74.09720836333362],[-119.90459904599047,-74.08158433224956],[-119.79659796597966,-74.02950422863603],[-119.69219692196921,-74.00693618373683],[-119.65979659796598,-73.98957614919898],[-119.80379803798039,-73.81423980036675],[-119.67059670596706,-73.80903179000539],[-119.51579515795157,-73.7743117209297],[-119.2169921699217,-73.77778372783727],[-118.95778957789577,-73.80903179000539],[-118.91098910989109,-73.83507184181217],[-118.87858878588786,-73.87847192815677],[-118.99018990189902,-73.9670081042998],[-119.05859058590585,-73.99825616646791],[-119.44739447394474,-74.0763763218882],[-119.54819548195482,-74.11109639096391]]],[[[-127.36747367473674,-74.62321740983035],[-127.51867518675186,-74.64057744436819],[-127.81747817478174,-74.57460931312437],[-127.91467914679146,-74.54336125095625],[-128.0010800108001,-74.48954514388893],[-128.06948069480694,-74.47739311971245],[-128.09468094680946,-74.46697709898973],[-128.13428134281344,-74.32809682268697],[-128.04428044280442,-74.31247279160291],[-127.85347853478535,-74.33156882959454],[-127.48627486274862,-74.4044809746535],[-127.23067230672306,-74.4253130160989],[-127.14427144271443,-74.48086512662002],[-127.23067230672306,-74.57808132003194],[-127.36747367473674,-74.62321740983035]]],[[[-161.99261992619927,-83.11921831265187],[-162.30582305823057,-83.14178635755107],[-163.04743047430475,-83.09665026775266],[-163.24183241832418,-83.0601941952232],[-163.349833498335,-83.02200211923994],[-163.55143551435515,-82.98728205016425],[-163.6018360183602,-82.96818601217262],[-163.6018360183602,-82.92652192928179],[-163.6342363423634,-82.9022178809288],[-163.70263702637027,-82.8796498360296],[-163.7350373503735,-82.85708179113041],[-163.79623796237962,-82.84319376350012],[-162.7990279902799,-82.86402580494554],[-162.41022410224102,-82.89874587402123],[-162.33822338223382,-82.92304992237422],[-161.63621636216362,-83.02721012960129],[-161.8270182701827,-83.04283416068535],[-161.99261992619927,-83.11921831265187]]],[[[-160.4662046620466,-81.5897992698677],[-160.57060570605705,-81.59847928713661],[-163.25263252632527,-81.48216705573306],[-163.76743767437674,-81.4439749797498],[-163.88983889838897,-81.42314293830438],[-163.940239402394,-81.40404690031275],[-163.9510395103951,-81.39015887268248],[-163.92943929439295,-81.35196679669922],[-163.86823868238682,-81.32419074143866],[-163.20223202232023,-81.28079065509405],[-162.4570245702457,-81.31377472071595],[-161.5570155701557,-81.3971028864976],[-160.9378093780938,-81.46307101774143],[-160.61740617406173,-81.52209513517009],[-160.48420484204843,-81.5672312249685],[-160.4662046620466,-81.5897992698677]]],[[[163.97623976239765,-74.83327382773827],[163.8430384303843,-74.83327382773827],[163.7638376383764,-74.80202576557015],[163.73863738637385,-74.73432163087256],[163.74223742237422,-74.71175358597336],[164.00144001440015,-74.62842542019169],[164.21024210242103,-74.60759337874629],[164.09864098640986,-74.73258562741877],[164.0590405904059,-74.75341766886419],[163.97623976239765,-74.83327382773827]]],[[[162.96822968229685,-75.56760328868913],[162.78822788227882,-75.69606754426918],[162.66222662226625,-75.69259553736161],[162.59022590225902,-75.66829148900864],[162.71982719827201,-75.59711534740347],[162.84222842228422,-75.56586728523534],[162.9178291782918,-75.55718726796643],[162.96822968229685,-75.56760328868913]]],[[[169.84429844298444,-73.60418338245881],[169.70749707497077,-73.62501542390423],[169.52389523895238,-73.56078329611421],[169.48069480694807,-73.5399512546688],[169.6606966069661,-73.41843101290388],[169.64629646296464,-73.37850293346682],[169.67149671496713,-73.34551886784493],[169.739897398974,-73.32121481949194],[169.7830978309783,-73.3246868263995],[169.88749887498875,-73.45835909234091],[169.95949959499598,-73.51391120286202],[169.8586985869859,-73.56772730992934],[169.84429844298444,-73.60418338245881]]],[[[164.83304833048334,-67.54032331838943],[164.74664746647466,-67.56809937364997],[164.69264692646925,-67.55941935638106],[164.6386463864639,-67.50039523895238],[164.69624696246962,-67.4083870559018],[164.6746467464675,-67.28860281759067],[164.68544685446858,-67.25909075887634],[164.8258482584826,-67.32679489357393],[164.8510485104851,-67.36325096610341],[164.90864908649087,-67.41880307662451],[164.91944919449196,-67.44831513533885],[164.8618486184862,-67.50386724585995],[164.83304833048334,-67.54032331838943]]],[[[163.3030330303303,-66.82161788852262],[163.2850328503285,-66.88237800940509],[163.23463234632345,-66.86848998177481],[163.16263162631628,-66.81988188506884],[163.09063090630906,-66.70009764675771],[163.15543155431556,-66.68794562258122],[163.23823238232382,-66.70877766402663],[163.2706327063271,-66.7678017814553],[163.29943299432995,-66.79904984362344],[163.3030330303303,-66.82161788852262]]],[[[162.6118261182612,-66.47788920467329],[162.5578255782558,-66.52476129792547],[162.51102511025113,-66.51955328756412],[162.30222302223024,-66.39976904925298],[162.32742327423273,-66.34768894563945],[162.29862298622987,-66.30428885929484],[162.30222302223024,-66.2643607798578],[162.30942309423097,-66.25047275222752],[162.56502565025653,-66.43275311487488],[162.6118261182612,-66.47788920467329]]],[[[96.61236612366127,-66.03520832395823],[96.72756727567275,-66.061248375765],[96.93276932769328,-66.05777636885743],[97.0047700477005,-66.0959684448407],[97.0191701917019,-66.13936853118531],[97.01557015570154,-66.16367257953829],[96.93276932769328,-66.20012865206776],[96.3927639276393,-66.22443270042075],[96.30636306363067,-66.18624062443749],[96.39996399964002,-66.08034441375663],[96.5007650076501,-66.04562434468093],[96.61236612366127,-66.03520832395823]]],[[[100.26640266402666,-66.21575268315182],[100.13320133201336,-66.22964071078209],[100.08280082800832,-66.20360065897533],[100.07560075600759,-66.18797662789127],[100.1728017280173,-66.13068851391638],[100.29160291602915,-66.11159247592475],[100.28080280802811,-66.17929661062234],[100.26640266402666,-66.21575268315182]]],[[[98.84438844388444,-66.46920918740437],[98.75078750787509,-66.48136121158086],[98.65358653586537,-66.4535851563203],[98.6067860678607,-66.39976904925298],[98.5959859598596,-66.38240901471514],[98.74718747187472,-66.36852098708486],[98.94878948789489,-66.4206010906984],[98.84438844388444,-66.46920918740437]]],[[[103.39843398433987,-65.4449671496715],[103.33723337233374,-65.46927119802447],[103.17523175231753,-65.4553831703942],[103.13923139231395,-65.43455112894878],[103.12483124831249,-65.33907093899063],[103.1140311403114,-65.31129488373008],[103.05283052830532,-65.28525483192331],[102.79002790027903,-65.23664673521735],[102.76122761227612,-65.16720659706596],[102.79722797227976,-65.13595853489784],[102.89442894428947,-65.1290145210827],[103.13563135631358,-65.18977464196516],[103.18963189631899,-65.23664673521735],[103.18243182431826,-65.30782287682251],[103.18603186031862,-65.33039092172172],[103.26163261632615,-65.37726301497389],[103.38043380433805,-65.42587111167987],[103.39843398433987,-65.4449671496715]]],[[[92.60192601926019,-65.80779187151245],[92.46872468724689,-65.82167989914274],[92.33192331923323,-65.80779187151245],[92.26352263522637,-65.76091977826027],[92.24912249122491,-65.74008773681486],[92.30312303123031,-65.70710367119295],[92.49752497524975,-65.7018956608316],[92.63432634326347,-65.73140771954594],[92.66312663126632,-65.76091977826027],[92.67032670326705,-65.77480780589056],[92.60192601926019,-65.80779187151245]]],[[[85.82305823058232,-66.95355415101025],[85.65025650256501,-66.97959420281703],[85.62145621456216,-66.96570617518674],[85.6178561785618,-66.95008214410268],[85.35865358653587,-66.85460195414453],[85.31545315453155,-66.77648179872423],[85.3406534065341,-66.72266569165691],[85.5530555305553,-66.72787370201826],[85.8050580505805,-66.77474579527045],[85.93825938259386,-66.89453003358157],[85.82305823058232,-66.95355415101025]]],[[[86.54306543065434,-66.7678017814553],[86.4278642786428,-66.79210582980829],[86.33786337863381,-66.78689781944693],[86.23346233462337,-66.73308171237962],[86.27666276662768,-66.69662563985014],[86.38466384663849,-66.67405759495094],[86.52146521465215,-66.68620961912744],[86.55746557465574,-66.70530565711907],[86.65106651066509,-66.71745768129556],[86.54306543065434,-66.7678017814553]]],[[[85.32985329853301,-66.6115614706147],[85.2218522185222,-66.64280953278282],[85.13545135451358,-66.63760152242146],[85.07785077850781,-66.60461745679956],[85.06705067050672,-66.58378541535414],[85.12105121051212,-66.51781728411034],[85.16425164251643,-66.52128929101791],[85.19305193051929,-66.5560093600936],[85.32985329853301,-66.6115614706147]]],[[[69.91809918099182,-71.91852402883403],[69.79209792097922,-72.04698828441408],[69.74529745297454,-72.04351627750651],[69.69129691296914,-71.96886812899379],[69.73809738097381,-71.9219960357416],[69.79569795697958,-71.89421998048104],[69.89649896498966,-71.90810800811133],[69.91809918099182,-71.91852402883403]]],[[[68.46008460084602,-72.30044478866662],[68.40968409684098,-72.30044478866662],[68.4348843488435,-72.26051670922959],[68.56808568085683,-72.18934056762441],[68.6688866888669,-72.10254039493519],[68.73008730087301,-72.08865236730492],[68.84168841688418,-72.16503651927144],[68.81648816488166,-72.22926864706146],[68.6688866888669,-72.27614074031365],[68.46008460084602,-72.30044478866662]]],[[[72.00252002520025,-70.63214546957968],[71.93051930519306,-70.63214546957968],[71.84051840518407,-70.62172944885698],[71.72531725317253,-70.54881730379803],[71.66051660516607,-70.4967372001845],[71.63531635316355,-70.44292109311718],[71.64611646116461,-70.33702488243631],[71.70371703717038,-70.28494477882278],[71.79731797317973,-70.26411273737736],[71.8369183691837,-70.31272083408334],[71.85131851318513,-70.36827294460444],[71.88011880118802,-70.40472901713392],[71.99891998919989,-70.45680912074745],[72.05652056520566,-70.50020920709207],[72.07452074520745,-70.52451325544504],[72.0961209612096,-70.57485735560479],[72.07812078120782,-70.6095774246805],[72.00252002520025,-70.63214546957968]]],[[[48.54468544685449,-66.78342581253936],[48.37908379083791,-66.80772986089235],[48.30348303483035,-66.79731384016964],[48.29628296282965,-66.77300979181666],[48.292682926829286,-66.75044174691746],[48.299882998829986,-66.72440169511069],[48.357483574835754,-66.70356965366528],[48.63828638286384,-66.7018336502115],[48.74988749887498,-66.71919368474934],[48.78228782287823,-66.73134570892583],[48.785887858878596,-66.7678017814553],[48.7750877508775,-66.77821780217802],[48.54468544685449,-66.78342581253936]]],[[[16.223562235622353,-70.00718422621725],[16.158761587615885,-70.07141635400728],[15.845558455584552,-69.98288017786427],[15.661956619566212,-69.95510412260371],[15.615156151561536,-69.93948009151966],[15.571955719557195,-69.88392798099855],[15.561155611556131,-69.86309593955315],[15.597155971559715,-69.82837587047744],[15.697956979569796,-69.77282375995634],[15.910359103591048,-69.72768767015795],[16.245162451624537,-69.70511962525875],[16.57276572765727,-69.72247965979659],[16.626766267662674,-69.75025571505714],[16.317163171631734,-69.84399990156152],[16.223562235622353,-70.00718422621725]]],[[[3.036630366303683,-70.597425400504],[2.69822698226983,-70.62346545231077],[2.6226262262622697,-70.59395339359642],[2.5830258302583218,-70.53492927616776],[2.629826298262998,-70.50020920709207],[3.072630726307267,-70.38216097223471],[3.191431914319139,-70.39257699295743],[3.2310323103231156,-70.40299301368013],[3.2598325983259997,-70.44812910347852],[3.2202322023220233,-70.5193052450837],[3.169831698316983,-70.55402531415939],[3.036630366303683,-70.597425400504]]],[[[-2.9538295382953663,-71.21370662659751],[-3.0618306183061748,-71.23627467149672],[-3.202232022320203,-71.23106666113536],[-3.3102331023310114,-71.20155460242101],[-3.3858338583385716,-71.14253048499234],[-3.4038340383403636,-71.11996244009315],[-3.3930339303393,-71.08177036410989],[-3.400234002340028,-71.06267432611826],[-3.2634326343263353,-71.05225830539555],[-3.213032130321295,-71.07656235374853],[-3.191431914319139,-71.09565839174016],[-2.9538295382953663,-71.21370662659751]]],[[[1.297812978129798,-70.25543272010844],[1.2114121141211456,-70.38216097223471],[1.1574115741157414,-70.37868896532714],[1.1034110341103371,-70.3040408168144],[0.991809918099193,-70.22418465794033],[0.9522095220952167,-70.16863254741922],[0.948609486094881,-70.09398439890649],[1.027810278102777,-70.05058431256187],[1.31581315813159,-70.02280825730132],[1.4130141301413062,-70.04016829183917],[1.4598145981459822,-70.13564848179732],[1.297812978129798,-70.25543272010844]]],[[[-2.532625326253253,-70.76755373897488],[-2.4246242462424448,-70.80053780459679],[-2.2554225542255324,-70.79532979423544],[-2.093420934209348,-70.8213698460422],[-2.1186211862118682,-70.85608991511789],[-2.2122221222212204,-70.9012260049163],[-2.2914229142291447,-70.99844219832823],[-2.370623706237069,-71.04357828812662],[-2.6082260822608134,-71.14079448153856],[-2.784627846278454,-71.16683453334532],[-2.8242282422824303,-71.113018426278],[-2.8206282062820662,-71.0574663157569],[-2.80622806228061,-71.0140662294123],[-2.7990279902799102,-70.98281816724416],[-2.9646296462964585,-70.94115408435334],[-2.9754297542975507,-70.88386597037845],[-3.0078300783007705,-70.85088190475653],[-3.490234902349016,-70.73630567680677],[-3.5730357303573044,-70.70332161118486],[-3.537035370353692,-70.68248956973945],[-3.0402304023040188,-70.67380955247052],[-2.74862748627487,-70.69464159391593],[-2.532625326253253,-70.76755373897488]]],[[[4.527045270452703,-70.47937716564665],[4.365043650436519,-70.50194521054584],[4.18144181441815,-70.4516011103861],[4.13104131041311,-70.4168810413104],[4.077040770407706,-70.32487285825982],[4.069840698406978,-70.29015278918413],[4.113041130411318,-70.26758474428493],[4.25704257042571,-70.24154469247817],[4.494644946449483,-70.25196071320087],[4.584645846458471,-70.2936247960917],[4.61704617046172,-70.36827294460444],[4.5882458824588355,-70.43250507239446],[4.527045270452703,-70.47937716564665]]],[[[-20.608406084060846,-73.8871519454257],[-20.655206552065522,-74.10415237714876],[-20.640806408064066,-74.15102447040096],[-20.601206012060118,-74.19616056019935],[-20.424804248042477,-74.31768080196426],[-20.41040410404102,-74.40795298156107],[-20.41760417604175,-74.44267305063676],[-20.489604896048945,-74.4930171507965],[-20.738007380073782,-74.48086512662002],[-20.817208172081706,-74.45482507481324],[-20.84600846008459,-74.4374650402754],[-20.975609756097555,-74.22567261891368],[-21.051210512105115,-74.17532851875393],[-21.166411664116623,-74.13192843240932],[-21.60921609216092,-74.09200035297228],[-22.034020340203398,-74.10588838060255],[-21.929619296192953,-74.05728028389659],[-21.288812888128888,-73.98957614919898],[-21.126811268112675,-73.93923204903923],[-21.026010260102595,-73.88020793161056],[-20.97920979209792,-73.78993575201376],[-20.867608676086746,-73.67709552751776],[-20.691206912069106,-73.62501542390423],[-20.57960579605796,-73.61980741354287],[-20.522005220052193,-73.71181559659345],[-20.522005220052193,-73.79861576928269],[-20.608406084060846,-73.8871519454257]]],[[[-16.10476104761048,-72.67889354159166],[-16.173161731617313,-72.70319758994464],[-16.317163171631705,-72.70146158649086],[-16.453964539645398,-72.65285348978489],[-16.511565115651138,-72.58167734817972],[-16.5151651516515,-72.53133324801998],[-16.453964539645398,-72.47404513404508],[-16.35676356763568,-72.45842110296103],[-16.302763027630277,-72.47751714095266],[-16.173161731617313,-72.60077338617135],[-16.10476104761048,-72.67889354159166]]],[[[-12.508325083250838,-72.17371653654035],[-12.587525875258734,-72.19628458143956],[-12.720727207272063,-72.18760456417064],[-12.889928899288975,-72.13726046401088],[-12.94392943929438,-72.09906838802763],[-12.9619296192962,-72.06434831895193],[-12.915129151291495,-72.01400421879218],[-12.875528755287547,-72.00011619116191],[-12.789127891278895,-72.00706020497705],[-12.637926379263774,-72.07129233276707],[-12.533525335253358,-72.14073247091845],[-12.508325083250838,-72.17371653654035]]],[[[-32.34092340923408,-79.67325145688956],[-32.513725137251356,-79.68366747761227],[-32.58212582125822,-79.6576274258055],[-32.49932499324993,-79.5916592945617],[-32.37692376923769,-79.5343711805868],[-32.15012150121501,-79.52916317022544],[-31.934119341193394,-79.5673552462087],[-31.95571955719558,-79.60381131873818],[-32.002520025200255,-79.60728332564575],[-32.34092340923408,-79.67325145688956]]],[[[-54.07074070740707,-61.29939090203401],[-54.113941139411395,-61.308070919302935],[-54.18234182341823,-61.269878843319674],[-54.193141931419305,-61.24731079842047],[-54.12114121141211,-61.20217470862208],[-54.04914049140491,-61.14141458773962],[-54.02394023940239,-61.13447057392448],[-54.041940419404185,-61.2559908156894],[-54.07074070740707,-61.29939090203401]]],[[[-58.83718837188371,-62.30280089832148],[-59.06039060390603,-62.34793698811987],[-59.17559175591755,-62.30106489486769],[-59.20079200792007,-62.28370486032985],[-59.06399063990639,-62.238568770531444],[-58.9919899198992,-62.24898479125416],[-58.96318963189631,-62.26460882233822],[-58.88038880388804,-62.26808082924579],[-58.83718837188371,-62.30280089832148]]],[[[-61.15921159211592,-69.97593616404913],[-61.310413104131044,-69.97767216750292],[-61.378813788137876,-69.94989611224237],[-61.404014040140396,-69.93253607770453],[-61.386013860138604,-69.89260799826748],[-61.328413284132836,-69.856151925738],[-61.152011520115195,-69.88392798099855],[-61.10881108811088,-69.95510412260371],[-61.15921159211592,-69.97593616404913]]],[[[-60.65520655206552,-68.7676777602151],[-60.69480694806947,-68.79545381547564],[-60.82080820808207,-68.77809378093781],[-60.89280892808928,-68.75899774294618],[-61.01521015210152,-68.7103896462402],[-60.94680946809467,-68.68087758752587],[-60.813608136081356,-68.687821601341],[-60.70560705607056,-68.72254167041669],[-60.65520655206552,-68.7676777602151]]],[[[-60.74160741607416,-70.71026562499999],[-60.824408244082434,-70.71026562499999],[-60.89640896408963,-70.68943358355457],[-60.95760957609576,-70.62867346267211],[-60.975609756097555,-70.59916140395778],[-60.94320943209432,-70.53319327271397],[-60.88560885608855,-70.51756924162991],[-60.55440554405544,-70.50888922436098],[-60.45360453604536,-70.54360929343667],[-60.450004500045,-70.60263341086535],[-60.486004860048595,-70.64603349720997],[-60.74160741607416,-70.71026562499999]]],[[[-60.55080550805508,-71.05225830539555],[-60.65160651606516,-71.05920231921068],[-60.788407884078836,-71.04184228467284],[-60.90720907209072,-71.00712221559715],[-60.94680946809467,-70.9671941361601],[-60.88920889208892,-70.9342100705382],[-60.78120781207812,-70.91337802909278],[-60.612006120061196,-70.92032204290793],[-60.53280532805327,-70.96198612579875],[-60.51480514805148,-71.000178201782],[-60.536405364053635,-71.04010628121905],[-60.55080550805508,-71.05225830539555]]],[[[-59.38799387993879,-62.44515318153181],[-59.52479524795247,-62.45209719534695],[-59.618396183961835,-62.39480908137206],[-59.66159661596616,-62.35488100193501],[-59.47799477994779,-62.35140899502744],[-59.39519395193952,-62.3670330261115],[-59.35199351993519,-62.412169115909904],[-59.38799387993879,-62.44515318153181]]],[[[-60.5040050400504,-62.967690221120954],[-60.55440554405544,-62.97810624184366],[-60.61920619206191,-62.96942622457474],[-60.61920619206191,-62.986786259112584],[-60.56520565205652,-63.00935430401178],[-60.622806228062274,-63.01803432128071],[-60.69120691206912,-62.99546627638151],[-60.74160741607416,-62.94859418312932],[-60.70560705607056,-62.90519409678471],[-60.637206372063716,-62.894778076062],[-60.5040050400504,-62.967690221120954]]],[[[-60.65160651606516,-63.866940010181345],[-60.77760777607776,-63.901660079257034],[-60.85320853208532,-63.891244058534326],[-60.97200972009719,-63.8495799756435],[-60.81000810008099,-63.837427951467006],[-60.79560795607955,-63.715907709702094],[-60.71640716407164,-63.669035616449904],[-60.561605616056156,-63.69507566825668],[-60.65520655206552,-63.7593077960467],[-60.687606876068756,-63.807915892752675],[-60.65520655206552,-63.8495799756435],[-60.65160651606516,-63.866940010181345]]],[[[-61.951219512195124,-64.07699642808927],[-62.044820448204476,-64.08046843499685],[-62.019620196201956,-64.02665232792953],[-61.93681936819368,-63.99019625540005],[-61.80001800018,-63.96589220704706],[-61.88641886418864,-64.02665232792953],[-61.91161911619116,-64.05442838319007],[-61.951219512195124,-64.07699642808927]]],[[[-63.31563315633156,-64.86166998919988],[-63.474034740347406,-64.90680607899829],[-63.55683556835568,-64.90680607899829],[-63.459634596345964,-64.79570185795608],[-63.3660336603366,-64.7922298510485],[-63.21843218432184,-64.72973372671225],[-63.17883178831788,-64.73841374398118],[-63.2580325803258,-64.79049384759472],[-63.31563315633156,-64.86166998919988]]],[[[-62.61362613626136,-63.07011442489424],[-62.65682656826567,-63.073586431801814],[-62.63882638826388,-63.03192234891098],[-62.52722527225272,-62.92429013477634],[-62.31842318423183,-62.873946034616594],[-62.34362343623435,-62.9173461209612],[-62.4120241202412,-62.97116222802852],[-62.61362613626136,-63.07011442489424]]],[[[-65.84645846458464,-65.84251194058815],[-66.06246062460625,-65.8807040165714],[-66.1740617406174,-65.86681598894113],[-66.18126181261812,-65.82688790950408],[-66.15246152461525,-65.77307180243676],[-66.0480604806048,-65.74529574717621],[-66.0660606606066,-65.66543958830212],[-66.00126001260013,-65.63245552268022],[-65.96885968859688,-65.57169540179777],[-65.8320583205832,-65.52655931199936],[-65.63765637656377,-65.54739135344478],[-65.66645666456664,-65.62551150886509],[-65.670056700567,-65.65328756412563],[-65.78525785257852,-65.67411960557105],[-65.8140581405814,-65.68627162974754],[-65.83925839258391,-65.73835173336107],[-65.83565835658356,-65.81299988187381],[-65.84645846458464,-65.84251194058815]]],[[[-66.59526595265952,-66.20012865206776],[-66.81846818468185,-66.31296887656376],[-66.85086850868508,-66.30602486274861],[-66.86886868868689,-66.29387283857213],[-66.86526865268652,-66.2747768005805],[-66.79326793267933,-66.23311271768966],[-66.77886778867789,-66.11159247592475],[-66.63126631266313,-66.06645638612636],[-66.57366573665736,-66.08208041721042],[-66.6240662406624,-66.13416052082395],[-66.59166591665917,-66.17929661062234],[-66.59526595265952,-66.20012865206776]]],[[[-67.3620736207362,-66.89453003358157],[-67.40887408874089,-66.90147404739672],[-67.52047520475205,-66.89800204048915],[-67.59247592475924,-66.87543399558994],[-67.49887498874989,-66.80425785398478],[-67.50967509675097,-66.75564975727882],[-67.42687426874268,-66.73655371928719],[-67.33327333273333,-66.75391375382503],[-67.26847268472685,-66.8146738747075],[-67.25767257672577,-66.84071392651425],[-67.3620736207362,-66.89453003358157]]],[[[-67.34767347673477,-67.76600376738142],[-67.54567545675457,-67.78509980537305],[-67.69327693276932,-67.76426776392763],[-67.68967689676896,-67.68788361196111],[-67.72927729277292,-67.67920359469218],[-67.74367743677436,-67.66184356015435],[-67.55647556475564,-67.60455544617946],[-67.4160741607416,-67.59066741854917],[-67.24687246872469,-67.5993474358181],[-67.17487174871748,-67.62365148417109],[-67.14967149671496,-67.64969153597785],[-67.27927279272792,-67.7121876603141],[-67.30087300873008,-67.73649170866707],[-67.34767347673477,-67.76600376738142]]],[[[-71.69651696516965,-70.26584874083116],[-71.64611646116461,-70.29536079954549],[-71.430114301143,-70.26758474428493],[-71.35451354513545,-70.29709680299928],[-71.340113401134,-70.31792884444468],[-71.43731437314372,-70.39084098950363],[-71.55251552515524,-70.4394490862096],[-71.68571685716857,-70.44292109311718],[-71.78291782917829,-70.31966484789848],[-71.79371793717937,-70.28841678573035],[-71.69651696516965,-70.26584874083116]]],[[[-73.8781387813878,-73.35767089202142],[-73.97533975339753,-73.37676693001305],[-74.03654036540365,-73.36635090929033],[-74.14814148141481,-73.31600680913058],[-74.13374133741337,-73.27607872969354],[-74.08334083340833,-73.25003867788678],[-74.04734047340473,-73.22052661917243],[-73.83133831338313,-73.11289440503779],[-73.6729367293673,-73.1007423808613],[-73.54333543335433,-73.12331042576051],[-73.68373683736837,-73.22573462953379],[-73.71973719737197,-73.29691077113895],[-73.8781387813878,-73.35767089202142]]],[[[-93.79713797137971,-72.92019802166772],[-93.96633966339662,-72.92019802166772],[-94.0779407794078,-72.88374194913823],[-94.1139411394114,-72.85943790078525],[-94.04554045540455,-72.82298182825578],[-94.00594005940059,-72.8195098213482],[-93.80073800738008,-72.88200594568445],[-93.75753757537575,-72.90804599749121],[-93.79713797137971,-72.92019802166772]]],[[[-116.74016740167401,-74.16491249803123],[-117.22977229772297,-74.19268855329177],[-117.3629736297363,-74.16144049112366],[-117.39897398973989,-74.1232484151404],[-117.37737377373773,-74.08332033570335],[-116.38016380163802,-73.86631990398028],[-116.20376203762038,-73.89583196269461],[-116.15336153361534,-73.9097199903249],[-116.45216452164522,-74.01735220445954],[-116.58536585365854,-74.0555442804428],[-116.6069660696607,-74.06769630461929],[-116.5349653496535,-74.08332033570335],[-116.51336513365133,-74.09547235987984],[-116.57096570965709,-74.12498441859418],[-116.74016740167401,-74.16491249803123]]],[[[-132.38952389523894,-74.44267305063676],[-132.5479254792548,-74.49822516115785],[-132.85752857528576,-74.46176908862839],[-132.83232832328324,-74.42184100919134],[-132.55152551525515,-74.38712094011565],[-132.36072360723608,-74.40968898501484],[-132.38952389523894,-74.44267305063676]]],[[[-131.06831068310683,-74.5832893303933],[-131.17991179911797,-74.60412137183872],[-131.59751597515975,-74.55377727167897],[-131.84231842318422,-74.54336125095625],[-131.9539195391954,-74.51384919224192],[-132.0259202592026,-74.48780914043515],[-132.04752047520475,-74.46350509208216],[-132.16272162721629,-74.4253130160989],[-131.93951939519394,-74.34892886413239],[-131.7631176311763,-74.3246248157794],[-131.5939159391594,-74.32983282614076],[-131.5579155791558,-74.36802490212402],[-131.23391233912338,-74.41316099192241],[-130.98190981909818,-74.4148969953762],[-130.9567095670957,-74.45656107826703],[-130.96750967509675,-74.5155851956957],[-131.06831068310683,-74.5832893303933]]],[[[-147.58887588875888,-76.6491334403969],[-147.5780757807578,-76.66302146802718],[-147.72927729277293,-76.65260544730447],[-147.95607956079562,-76.59705333678336],[-147.99927999279993,-76.57795729879173],[-147.89847898478985,-76.5588612608001],[-147.76887768877688,-76.57622129533794],[-147.650076500765,-76.61094136441363],[-147.58887588875888,-76.6491334403969]]],[[[-145.2380523805238,-75.71169157535324],[-145.34965349653496,-75.7168995857146],[-145.54045540455405,-75.69259553736161],[-146.04446044460445,-75.61273937848753],[-146.15246152461526,-75.57281129905049],[-146.07686076860767,-75.53288321961344],[-145.8968589685897,-75.50510716435289],[-145.760057600576,-75.51378718162181],[-145.4180541805418,-75.58843533013454],[-145.31365313653137,-75.64225143720186],[-145.25245252452524,-75.68217951663891],[-145.2380523805238,-75.71169157535324]]],[[[-146.6060660606606,-76.96161406207811],[-146.98046980469803,-77.00501414842273],[-147.07767077670775,-76.99286212424624],[-147.04527045270453,-76.93036599991],[-147.1028710287103,-76.88696591356538],[-147.11727117271172,-76.86613387211996],[-147.08487084870848,-76.83662181340563],[-146.86526865268652,-76.83662181340563],[-146.24606246062461,-76.8834939066578],[-146.16326163261633,-76.94772603444784],[-146.6060660606606,-76.96161406207811]]],[[[-148.59688596885968,-77.00675015187652],[-149.01449014490146,-77.018902176053],[-149.24489244892447,-76.99286212424624],[-149.30249302493024,-76.91647797227972],[-149.23769237692377,-76.90085394119566],[-148.7048870488705,-76.93557401027135],[-148.51048510485106,-76.95467004826298],[-148.43848438484383,-76.97723809316217],[-148.47448474484744,-76.99807013460759],[-148.59688596885968,-77.00675015187652]]],[[[-149.3348933489335,-76.7168375750945],[-148.9280892808928,-76.73072560272477],[-148.66168661686618,-76.72030958200206],[-148.38448384483846,-76.74461363035505],[-148.31968319683196,-76.7723896856156],[-148.370083700837,-76.7949577305148],[-148.66888668886688,-76.80190174432994],[-148.8128881288813,-76.8400938203132],[-148.9820898208982,-76.84530183067454],[-149.23769237692377,-76.817525775414],[-149.46809468094682,-76.75676565453153],[-149.3348933489335,-76.7168375750945]]],[[[-149.21969219692198,-77.33659080809558],[-148.9280892808928,-77.38693490825533],[-149.43929439294394,-77.37131087717127],[-149.66249662496625,-77.3001347355661],[-149.51849518495186,-77.27409468375933],[-149.37449374493744,-77.27930269412069],[-149.24849248492484,-77.31575876665016],[-149.21969219692198,-77.33659080809558]]],[[[-150.23130231302312,-76.77586169252316],[-150.6561065610656,-76.78974972015345],[-150.8289082890829,-76.76197366489289],[-150.87210872108722,-76.73593361308613],[-150.8361083610836,-76.71336556818693],[-150.17730177301772,-76.69079752328773],[-150.10530105301052,-76.71857357854827],[-150.08370083700837,-76.73593361308613],[-150.23130231302312,-76.77586169252316]]],[[[-146.68886688866888,-76.24638063911888],[-146.8940689406894,-76.26026866674916],[-147.14967149671497,-76.19777254241292],[-147.3440734407344,-76.14742844225317],[-147.4088740887409,-76.10402835590855],[-147.41967419674197,-76.09014032827828],[-147.41967419674197,-76.07278029374044],[-147.3620736207362,-76.06236427301772],[-146.9480694806948,-76.0988203455472],[-146.68886688866888,-76.24638063911888]]],[[[-146.78966789667896,-76.63350940931284],[-146.90846908469084,-76.71336556818693],[-147.22167221672217,-76.6717014852961],[-147.3548735487355,-76.61962138168256],[-147.2792727927279,-76.55191724698497],[-147.13527135271352,-76.53108520553955],[-146.9480694806948,-76.55538925389253],[-146.87966879668795,-76.56406927116146],[-146.78966789667896,-76.63350940931284]]],[[[-150.3969039690397,-77.36957487371748],[-150.47610476104762,-77.37304688062505],[-151.34371343713437,-77.29666272865853],[-151.51291512915128,-77.27409468375933],[-151.21771217712177,-77.22722259050715],[-151.02331023310234,-77.22027857669201],[-150.49770497704978,-77.3348548046418],[-150.35730357303572,-77.34874283227207],[-150.3969039690397,-77.36957487371748]]],[[[-153.9321393213932,-80.03260417182297],[-154.11574115741158,-80.03607617873053],[-154.34974349743499,-80.02566015800782],[-154.52974529745296,-80.00135610965484],[-154.940149401494,-79.96663604057915],[-155.04455044550446,-79.90066790933534],[-155.5269552695527,-79.84685180226802],[-155.75015750157502,-79.82949176773018],[-155.67455674556746,-79.76525963994014],[-155.16335163351633,-79.85032380917559],[-154.53334533345333,-79.93538797841103],[-154.02574025740256,-79.98746808202456],[-153.9321393213932,-80.03260417182297]]],[[[-149.23049230492305,-77.12132637982629],[-149.29169291692918,-77.13695041091036],[-149.72729727297272,-77.12827039364143],[-149.81729817298174,-77.11438236601116],[-149.85689856898568,-77.0987583349271],[-150.46170461704617,-77.0761902900279],[-150.73530735307352,-77.00501414842273],[-150.78930789307893,-76.98244610352353],[-150.68130681306812,-76.94772603444784],[-150.47610476104762,-76.92689399300242],[-150.39330393303933,-76.89911793774188],[-149.87129871298714,-76.87481388938889],[-149.78849788497885,-76.88870191701916],[-149.74169741697418,-76.92689399300242],[-149.5040950409504,-77.00154214151516],[-149.4428944289443,-77.04841423476734],[-149.41769417694178,-77.07966229693547],[-149.28809288092882,-77.09355032456574],[-149.23049230492305,-77.12132637982629]]],[[[-157.98577985779858,-82.1053922956417],[-158.0757807578076,-82.11233630945684],[-158.1549815498155,-82.05852020238952],[-158.54378543785438,-81.94915198480109],[-158.77418774187743,-81.87623983974214],[-158.92538925389255,-81.81895172576725],[-158.99018990189902,-81.7790236463302],[-158.91458914589145,-81.7790236463302],[-158.34578345783459,-81.90054388809513],[-158.25938259382593,-81.9474159813473],[-157.83457834578346,-82.03074414712897],[-157.98577985779858,-82.1053922956417]]]]}}]}