{"type":"FeatureCollection","features":[{"type":"Feature","id":"548","properties":{"name":"Vanuatu","code":"VU","label":[167.6752078888191,-16.216948287631666]},"geometry":{"type":"MultiPolygon","coordinates":[[[[166.7446674466745,-14.826578444221937],[166.80946809468094,-15.15815510389477],[166.88506885068853,-15.156419100441],[166.92466924669247,-15.13905906590314],[166.9678696786968,-15.060938910482847],[166.9858698586986,-14.93941866871792],[167.02547025470255,-14.922058634180075],[167.0758707587076,-14.935946661810362],[167.05427054270547,-14.97413873779361],[167.06867068670687,-15.071354931205548],[167.1046710467105,-15.125171038272867],[167.129871298713,-15.135587058995583],[167.18027180271804,-15.389043563248123],[167.20187201872022,-15.442859670315443],[167.19827198271986,-15.486259756660061],[167.09387093870941,-15.580003943164414],[166.93546935469357,-15.578267939710642],[166.82746827468276,-15.63555605368552],[166.7590675906759,-15.630348043324176],[166.7590675906759,-15.56611591553414],[166.69786697866982,-15.515771815374393],[166.62946629466296,-15.406403597785967],[166.64746647466478,-15.211971210962105],[166.52866528665288,-14.850882492574911],[166.52506525065252,-14.760610312978116],[166.56826568265683,-14.642562078120775],[166.60786607866078,-14.637354067759418],[166.66186661866618,-14.734570261171356],[166.7446674466745,-14.826578444221937]]],[[[167.41427414274142,-16.095596968938423],[167.4574745747458,-16.118165013837626],[167.48267482674828,-16.118165013837626],[167.49707497074974,-16.166773110543588],[167.64107641076413,-16.263989303955526],[167.68067680676808,-16.260517297047954],[167.7130771307713,-16.314333404115274],[167.77427774277743,-16.340373455922048],[167.79227792277925,-16.394189562989368],[167.83547835478356,-16.449741673510474],[167.75987759877597,-16.51570980475428],[167.61227612276122,-16.498349770216436],[167.5258752587526,-16.574733922182958],[167.45027450274506,-16.555637884191327],[167.4358743587436,-16.51570980475428],[167.4466744667447,-16.501821777124007],[167.39987399874002,-16.40113357680451],[167.3818738187382,-16.244893265963896],[167.34947349473498,-16.1546210863671],[167.3170731707317,-16.114693006930054],[167.24507245072454,-16.149413076005743],[167.21627216272162,-16.1546210863671],[167.15147151471518,-16.079972937854365],[167.1838718387184,-15.928940637375106],[167.19827198271986,-15.885540551030502],[167.25227252272526,-15.876860533761572],[167.33507335073352,-15.91678861319862],[167.41427414274142,-16.095596968938423]]],[[[168.44748447484477,-16.779582329729536],[168.47628476284763,-16.79347035735981],[168.46188461884623,-16.83513444025064],[168.32148321483214,-16.788262346998465],[168.21348213482133,-16.80562238153631],[168.1810818108181,-16.803886378082524],[168.1486814868149,-16.765694302099263],[168.12348123481235,-16.68931015013274],[168.13428134281344,-16.637230046519207],[168.1810818108181,-16.599037970535946],[168.19908199081993,-16.593829960174588],[168.23508235082352,-16.638966049972993],[168.26388263882637,-16.67021411214111],[168.29628296282965,-16.684102139771383],[168.36468364683645,-16.75875028828412],[168.44748447484477,-16.779582329729536]]],[[[168.29628296282965,-16.336901449014476],[168.1810818108181,-16.34731746973719],[168.02268022680227,-16.31606940756906],[167.95787957879583,-16.272669321224456],[167.9290792907929,-16.229269234879837],[167.98307983079832,-16.196285169257933],[168.06588065880658,-16.180661138173875],[168.1630816308163,-16.08170894130815],[168.19908199081993,-16.11990101729141],[168.23508235082352,-16.231005238333623],[168.27468274682747,-16.265725307409312],[168.29628296282965,-16.298709373031215],[168.29628296282965,-16.336901449014476]]],[[[168.44748447484477,-17.54168784594094],[168.5446854468545,-17.684040129151285],[168.58428584285843,-17.69619215332777],[168.5230852308523,-17.798616357101054],[168.4006840068401,-17.807296374369983],[168.25308253082534,-17.78125632256321],[168.30708307083074,-17.74653625348752],[168.27828278282783,-17.706608174050473],[168.23148231482315,-17.697928156781558],[168.1810818108181,-17.717024194773188],[168.159481594816,-17.710080180958045],[168.1918819188192,-17.644112049714238],[168.27468274682747,-17.552103866663657],[168.29628296282965,-17.545159852848514],[168.31788317883178,-17.543423849394728],[168.33948339483396,-17.552103866663657],[168.44748447484477,-17.54168784594094]]],[[[167.9110791107911,-15.435915656500299],[167.8426784267843,-15.481051746298704],[167.72027720277202,-15.477579739391132],[167.67347673476735,-15.451539687584358],[167.82467824678247,-15.3126594112816],[168.00108001080014,-15.28314735256727],[167.9110791107911,-15.435915656500299]]],[[[168.21348213482133,-15.97060472026594],[168.19548195481957,-15.972340723719725],[168.1810818108181,-15.925468630467549],[168.12348123481235,-15.680692143483924],[168.159481594816,-15.461955708307073],[168.18468184681848,-15.50882780155925],[168.26748267482674,-15.892484564845631],[168.2566825668257,-15.95498068918188],[168.21348213482133,-15.97060472026594]]],[[[168.18828188281884,-15.32828344236566],[168.17028170281702,-15.390779566701909],[168.13068130681307,-15.319603425096744],[168.10548105481058,-15.015802820684442],[168.11628116281162,-14.988026765423896],[168.1378813788138,-14.98629076197011],[168.18828188281884,-15.196347179878032],[168.18828188281884,-15.32828344236566]]],[[[167.219872198722,-15.724092229828543],[167.20187201872022,-15.750132281635302],[167.09387093870941,-15.685900153845282],[167.1190711907119,-15.623404029509032],[167.23427234272344,-15.644236070954449],[167.219872198722,-15.724092229828543]]],[[[167.58347583475836,-14.260641318288165],[167.5438754387544,-14.310985418447927],[167.42867428674288,-14.295361387363869],[167.40347403474038,-14.281473359733582],[167.41067410674106,-14.19814519395193],[167.43947439474397,-14.168633135237584],[167.50787507875077,-14.142593083430825],[167.59787597875982,-14.184257166321657],[167.58347583475836,-14.260641318288165]]],[[[167.489874898749,-13.90649661371613],[167.47547475474755,-13.91691263443883],[167.45027450274506,-13.909968620623701],[167.3926739267393,-13.788448378858774],[167.40707407074075,-13.748520299421727],[167.48267482674828,-13.710328223438466],[167.54747547475478,-13.776296354682287],[167.5546755467555,-13.814488430665548],[167.5546755467555,-13.845736492833666],[167.5438754387544,-13.873512548094226],[167.49707497074974,-13.883928568816927],[167.489874898749,-13.90649661371613]]],[[[169.89469894698948,-20.187357109508582],[169.86229862298626,-20.241173216575902],[169.80829808298085,-20.241173216575902],[169.73629736297363,-20.20298114059264],[169.7506975069751,-20.152637040432893],[169.82989829898298,-20.143957023163964],[169.85149851498517,-20.147429030071535],[169.89469894698948,-20.187357109508582]]],[[[169.49149491494916,-19.539827821246945],[169.43749437494375,-19.64919603883537],[169.34749347493477,-19.62315598702861],[169.26109261092614,-19.545035831608303],[169.21789217892183,-19.475595693456924],[169.24669246692469,-19.345395434423082],[169.289892898929,-19.321091386070094],[169.33669336693367,-19.329771403339024],[169.35829358293586,-19.45823565891908],[169.49149491494916,-19.539827821246945]]],[[[169.3330933309333,-18.940906629691284],[169.289892898929,-18.987778722943474],[169.24669246692469,-18.982570712582117],[168.98748987489876,-18.871466491539906],[168.99828998289985,-18.824594398287715],[168.98748987489876,-18.70828216688416],[169.01629016290167,-18.644050039094125],[169.08829088290884,-18.618009987287365],[169.14229142291424,-18.63189801491764],[169.17829178291782,-18.725642201422005],[169.25749257492578,-18.763834277405266],[169.19989199892,-18.795082339573383],[169.29709297092973,-18.866258481178548],[169.3330933309333,-18.940906629691284]]]]}},{"type":"Feature","id":"583","properties":{"name":"Micronesia","code":"FM","label":[153.29662412944666,7.5360532893943635]},"geometry":{"type":"MultiPolygon","coordinates":[[[[162.98262982629825,5.3249496473089835],[162.99342993429934,5.278077554056807],[162.9286292862929,5.3006455989560095],[162.92142921429217,5.318005633493854],[162.95742957429576,5.335365668031699],[162.98262982629825,5.3249496473089835]]],[[[138.14238142381424,9.500037953660794],[138.0667806678067,9.418445791332928],[138.06318063180635,9.446221846593474],[138.08478084780847,9.49482994329945],[138.11718117181175,9.550382053820556],[138.1459814598146,9.58336611944246],[138.18558185581855,9.59378214016516],[138.21438214382147,9.546910046912984],[138.1819818198182,9.506981967475937],[138.14238142381424,9.500037953660794]]],[[[151.64611646116464,7.345657667514189],[151.6389163891639,7.333505643337702],[151.57771577715778,7.338713653699045],[151.57051570515705,7.345657667514189],[151.5741157411574,7.350865677875547],[151.60291602916033,7.357809691690676],[151.6065160651607,7.3751697262285205],[151.59211592115923,7.378641733136092],[151.6065160651607,7.389057753858808],[151.62811628116282,7.3907937573125935],[151.64251642516427,7.378641733136092],[151.649716497165,7.3630177020520335],[151.64611646116464,7.345657667514189]]],[[[151.88011880118802,7.432457840203412],[151.86571865718656,7.427249829842069],[151.85491854918553,7.432457840203412],[151.8585185851859,7.4567618885564],[151.86571865718656,7.465441905825315],[151.88011880118802,7.467177909279101],[151.90891908919093,7.460233895463972],[151.91251912519124,7.453289881648828],[151.88011880118802,7.432457840203412]]],[[[158.31338313383134,6.814440610656121],[158.25578255782557,6.791872565756918],[158.1837818378184,6.800552583025848],[158.16218162181622,6.882144745353713],[158.12618126181263,6.9047127902529155],[158.13338133381336,6.944640869689962],[158.18738187381877,6.977624935311866],[158.29538295382957,6.951584883505106],[158.33498334983352,6.8925607660764285],[158.30978309783097,6.8543686900931675],[158.31338313383134,6.814440610656121]]]]}},{"type":"Feature","id":"584","properties":{"name":"Marshall Islands","code":"MH","label":[170.33129110222018,7.015025331860305]},"geometry":{"type":"MultiPolygon","coordinates":[[[[169.63549635496355,5.830126652360292],[169.61389613896142,5.800614593645946],[169.59229592295924,5.802350597099732],[169.61389613896142,5.824918641998934],[169.62829628296282,5.856166704167052],[169.649896498965,5.944702880310061],[169.70029700297005,5.977686945931978],[169.73629736297363,6.0141430184614535],[169.72549725497254,5.9759509424781925],[169.67149671496713,5.936022863041146],[169.63549635496355,5.830126652360292]]],[[[168.8290882908829,7.309201594984714],[168.8146881468815,7.293577563900655],[168.71748717487174,7.30225758116957],[168.67428674286742,7.321353619161201],[168.6778867788678,7.3369776502452595],[168.75708757087574,7.323089622614987],[168.8290882908829,7.309201594984714]]],[[[171.57591575915762,7.04880107691703],[171.61551615516157,7.026233032017828],[171.68751687516874,7.027969035471614],[171.7559175591756,6.972416924950508],[171.7307173071731,6.97588893185808],[171.69471694716947,7.000192980211068],[171.65871658716588,7.010609000933769],[171.61551615516157,7.007136994026197],[171.5939159391594,7.015817011295127],[171.57591575915762,7.04880107691703]]],[[[171.10071100711008,7.139073256513825],[171.2267122671227,7.086993152900291],[171.39231392313923,7.111297201253279],[171.36711367113674,7.095673170169221],[171.3059130591306,7.0817851425389335],[171.2627126271263,7.067897114908661],[171.23391233912338,7.067897114908661],[171.20151201512016,7.073105125270018],[171.09711097110971,7.1095611977994935],[171.03591035910358,7.15643329105167],[171.05031050310504,7.172057322135728],[171.10071100711008,7.139073256513825]]],[[[166.8886688866889,11.152713241663676],[166.86346863468634,11.145769227848547],[166.84546845468458,11.152713241663676],[166.85986859868598,11.166601269293963],[166.8886688866889,11.168337272747735],[166.89946899468998,11.164865265840177],[166.8886688866889,11.152713241663676]]]]}},{"type":"Feature","id":"776","properties":{"name":"Tonga","code":"TO","label":[-174.79980587898802,-20.4161104894254]},"geometry":{"type":"MultiPolygon","coordinates":[[[[-175.16155161551615,-21.16993506435064],[-175.14715147151472,-21.16993506435064],[-175.13275132751326,-21.140423005636293],[-175.0787507875079,-21.128270981459806],[-175.08235082350822,-21.16125504708171],[-175.15795157951578,-21.26367925085499],[-175.20115201152012,-21.22375117141796],[-175.33435334353342,-21.157783040174138],[-175.3631536315363,-21.10743894001439],[-175.31635316353163,-21.067510860577343],[-175.32355323553236,-21.09875892274546],[-175.3019530195302,-21.112646950375748],[-175.22635226352264,-21.119590964190877],[-175.15795157951578,-21.14563101599765],[-175.20115201152012,-21.156047036720352],[-175.16155161551615,-21.16993506435064]]],[[[-173.95193951939518,-18.638842028732782],[-173.99153991539916,-18.697866146161445],[-174.00954009540095,-18.697866146161445],[-174.05274052740526,-18.663146077085756],[-174.07074070740708,-18.640578032186554],[-174.00234002340022,-18.571137894035175],[-173.96633966339664,-18.56592988367383],[-173.92313923139233,-18.58849792857302],[-173.92313923139233,-18.609329970018436],[-173.95193951939518,-18.638842028732782]]],[[[-174.9131491314913,-21.300135323384467],[-174.92034920349204,-21.451167623863725],[-174.9671496714967,-21.381727485712346],[-174.97434974349744,-21.35047942354423],[-174.9239492394924,-21.30360733029204],[-174.9131491314913,-21.300135323384467]]]]}},{"type":"Feature","id":"090","properties":{"name":"Solomon Islands","code":"SB","label":[159.62023053682825,-8.921996159869593]},"geometry":{"type":"MultiPolygon","coordinates":[[[[159.68859688596888,-8.507525872446209],[159.6417964179642,-8.521413900076482],[159.56979569795698,-8.484957827547007],[159.53739537395376,-8.451973761925103],[159.5517955179552,-8.39989365831157],[159.59499594995953,-8.379061616866153],[159.6417964179642,-8.413781685941842],[159.64539645396457,-8.450237758471317],[159.68859688596888,-8.507525872446209]]],[[[166.92826928269284,-11.665316154880287],[166.84186841868421,-11.680940185964346],[166.80586805868057,-11.677468179056774],[166.74826748267486,-11.590668006367551],[166.79146791467917,-11.57157196837592],[166.8562685626856,-11.578515982191064],[166.87426874268743,-11.628860082350812],[166.92826928269284,-11.665316154880287]]],[[[166.1326613266133,-10.757386348550966],[166.05346053460534,-10.774746383088825],[166.02826028260284,-10.769538372727467],[165.9670596705967,-10.779954393450168],[165.90225902259021,-10.851130535055333],[165.85545855458554,-10.840714514332632],[165.81945819458196,-10.844186521240204],[165.7906579065791,-10.785162403811526],[165.7906579065791,-10.755650345097195],[165.83745837458378,-10.760858355458538],[165.8590585905859,-10.703570241483646],[165.90945909459094,-10.674058182769315],[166.02466024660248,-10.661906158592828],[166.12546125461256,-10.679266193130672],[166.16146161461614,-10.693154220760945],[166.12906129061292,-10.74523432437448],[166.1326613266133,-10.757386348550966]]],[[[160.57780577805778,-11.797252417367915],[160.5058050580506,-11.831972486443604],[160.44460444604448,-11.81461245190576],[160.39420394203944,-11.788572400098985],[160.3546035460355,-11.712188248132463],[160.27180271802717,-11.663580151426501],[160.14940149401497,-11.64448411343487],[160.09900099000993,-11.611500047812967],[160.08820088200883,-11.594140013275123],[160.0018000180002,-11.58025198564485],[159.98019980199803,-11.538587902754017],[159.98739987399875,-11.495187816409398],[159.99819998199985,-11.472619771510196],[160.07740077400774,-11.493451812955612],[160.44820448204484,-11.696564217048405],[160.53820538205383,-11.759060341384654],[160.57780577805778,-11.797252417367915]]],[[[161.54621546215463,-9.625512096683451],[161.5606156061561,-9.73314431081809],[161.55341553415536,-9.769600383347566],[161.47781477814777,-9.691480227927272],[161.4418144181442,-9.719256283187818],[161.40941409414097,-9.681064207204557],[161.41301413014133,-9.601208048330477],[161.4166141661417,-9.51440787564124],[161.40221402214024,-9.448439744397433],[161.3626136261363,-9.35295955443928],[161.4058140581406,-9.36858358552334],[161.54621546215463,-9.625512096683451]]],[[[159.18819188191884,-9.123807098539729],[159.17379173791738,-9.125543101993514],[159.1269912699127,-9.113391077817013],[159.06939069390694,-9.109919070909442],[159.03699036990372,-9.075199001833752],[159.07659076590767,-9.024854901674004],[159.13059130591307,-8.993606839505887],[159.15219152191526,-9.000550853321016],[159.17739177391775,-9.021382894766433],[159.2277922779228,-9.030062912035362],[159.23499234992352,-9.094295039825383],[159.18819188191884,-9.123807098539729]]],[[[160.16740167401673,-8.995342842959673],[160.2250022500225,-9.009230870589946],[160.2538025380254,-9.00749486713616],[160.31860318603185,-9.06131097420348],[160.4086040860409,-9.141167133077573],[160.37260372603726,-9.181095212514606],[160.3006030060301,-9.160263171069204],[160.27540275402754,-9.168943188338119],[160.2682026820268,-9.163735177976761],[160.2538025380254,-9.123807098539729],[160.17460174601746,-9.083879019102682],[160.10620106201065,-9.08040701219511],[160.09540095400956,-9.033534918942934],[160.16740167401673,-8.995342842959673]]],[[[157.76257762577626,-8.241917344017182],[157.82737827378276,-8.323509506345047],[157.89937899378992,-8.505789868992423],[157.88497884978852,-8.568285993328672],[157.83457834578348,-8.57349400369003],[157.82017820178203,-8.61168607967329],[157.7481774817748,-8.523149903530268],[157.65457654576545,-8.498845855177294],[157.58617586175865,-8.445029748109974],[157.56457564575646,-8.337397533975334],[157.55737557375573,-8.269693399277728],[157.50337503375033,-8.25754137510124],[157.3521735217352,-8.274901409639085],[157.30177301773017,-8.333925527067763],[157.23337233372337,-8.314829489076132],[157.2189721897219,-8.262749385462598],[157.229772297723,-8.212405285302836],[157.32337323373235,-8.162061185143088],[157.34137341373417,-8.096093053899281],[157.43497434974353,-7.98498883285707],[157.48897488974893,-7.965892794865439],[157.60057600576005,-8.005820874302486],[157.61137611376114,-8.16553319205066],[157.6509765097651,-8.217613295664194],[157.76257762577626,-8.241917344017182]]],[[[158.20178201782016,-8.821742497581212],[158.18018180181804,-8.825214504488784],[158.1549815498155,-8.785286425051737],[158.2089820898209,-8.677654210917098],[158.2377823778238,-8.76445438360632],[158.2521825218252,-8.797438449228224],[158.20178201782016,-8.821742497581212]]],[[[158.1081810818108,-8.684598224732241],[158.0109801098011,-8.762718380152535],[157.93897938979393,-8.736678328345775],[157.8777787777878,-8.668974193648168],[157.89937899378992,-8.587382031320303],[157.91017910179102,-8.5648139864211],[157.93897938979393,-8.561341979513529],[157.96777967779678,-8.543981944975684],[158.0001800018,-8.507525872446209],[158.10458104581045,-8.537037931160555],[158.13338133381336,-8.556133969152185],[158.06858068580686,-8.606478069311933],[158.09018090180905,-8.622102100395992],[158.10458104581045,-8.64640614874898],[158.1081810818108,-8.684598224732241]]],[[[157.38817388173885,-8.714110283446573],[157.38817388173885,-8.727998311076846],[157.33417334173345,-8.7002222558163],[157.21177211772118,-8.5648139864211],[157.23337233372337,-8.51967789662271],[157.34497344973448,-8.432877723933473],[157.38097380973812,-8.420725699756986],[157.40977409774098,-8.474541806824305],[157.3845738457385,-8.5543979656984],[157.34857348573485,-8.575230007143816],[157.33057330573308,-8.649878155656538],[157.38817388173885,-8.714110283446573]]],[[[156.68616686166865,-7.922492708520821],[156.66816668166683,-7.936380736151094],[156.6357663576636,-7.882564629083774],[156.61056610566106,-7.865204594545929],[156.61056610566106,-7.806180477117252],[156.50976509765098,-7.707228280251542],[156.50256502565026,-7.639524145553949],[156.56016560165602,-7.573556014310128],[156.63936639366398,-7.611748090293389],[156.71856718567187,-7.695076256075055],[156.80856808568086,-7.7228523113356005],[156.79056790567904,-7.778404421856706],[156.70776707767078,-7.87735661872243],[156.68616686166865,-7.922492708520821]]],[[[156.60336603366034,-8.170741202412017],[156.59256592565924,-8.196781254218777],[156.5385653856539,-8.073525009000079],[156.5421654216542,-8.01102888466383],[156.5529655296553,-7.971100805226783],[156.57096570965712,-7.958948781050296],[156.61416614166143,-8.096093053899281],[156.60336603366034,-8.170741202412017]]],[[[157.17217172171723,-8.108245078075768],[157.15057150571505,-8.123869109159827],[157.04257042570424,-8.116925095344698],[156.95976959769598,-8.014500891571402],[156.95976959769598,-7.9381167396048795],[157.02457024570248,-7.868676601453501],[157.10377103771037,-7.854788573823228],[157.14697146971469,-7.882564629083774],[157.1865718657187,-7.941588746512451],[157.2009720097201,-8.016236895025187],[157.19017190171905,-8.082205026268994],[157.17217172171723,-8.108245078075768]]],[[[155.840158401584,-7.0978910679731655],[155.73935739357393,-7.120459112872368],[155.67815678156785,-7.08921105070425],[155.70335703357034,-7.012826898737728],[155.73935739357393,-6.972898819300681],[155.86535865358655,-7.044074960905846],[155.840158401584,-7.0978910679731655]]],[[[157.64377643776442,-8.759246373244963],[157.64377643776442,-8.793966442320666],[157.58617586175865,-8.783550421597951],[157.45657456574565,-8.729734314530631],[157.4529745297453,-8.705430266177643],[157.52497524975252,-8.696750248908728],[157.57897578975792,-8.703694262723872],[157.62217622176223,-8.734942324891989],[157.64377643776442,-8.759246373244963]]],[[[159.749797497975,-9.273103395565187],[159.96939969399693,-9.432815713313374],[160.06660066600665,-9.418927685683101],[160.3546035460355,-9.422399692590659],[160.52380523805238,-9.536975920540442],[160.62460624606246,-9.589056024153976],[160.68220682206822,-9.691480227927272],[160.75060750607508,-9.715784276280246],[160.7938079380794,-9.76786437989378],[160.8190081900819,-9.863344569851932],[160.80100801008012,-9.878968600935991],[160.7146071460715,-9.913688670011695],[160.649806498065,-9.929312701095753],[160.48060480604806,-9.894592632020064],[160.32220322203221,-9.821680486961114],[160.0018000180002,-9.813000469692184],[159.85419854198545,-9.792168428246768],[159.8037980379804,-9.762656369532436],[159.75699756997574,-9.726200297002961],[159.68139681396815,-9.637664120859952],[159.62019620196202,-9.531767910179084],[159.6129961299613,-9.471007789296635],[159.60579605796062,-9.35295955443928],[159.62379623796238,-9.311295471548448],[159.6849968499685,-9.267895385203843],[159.749797497975,-9.273103395565187]]],[[[159.87939879398795,-8.533565924252983],[159.87939879398795,-8.557869972605957],[159.74619746197465,-8.474541806824305],[159.64539645396457,-8.372117603051024],[159.35379353793542,-8.261013382008812],[159.29259292592928,-8.20372526803392],[159.23859238592388,-8.196781254218777],[159.09099090990912,-8.10303706771441],[158.94338943389437,-8.040540943378176],[158.85338853388538,-7.958948781050296],[158.8317883178832,-7.9259647154283925],[158.7777877778778,-7.906868677436762],[158.6877868778688,-7.818332501293753],[158.59778597785981,-7.759308383865076],[158.56538565385654,-7.651676169730436],[158.4789847898479,-7.5770280212177],[158.45738457384573,-7.5440439555957965],[158.73458734587348,-7.604804076478246],[158.86418864188641,-7.7228523113356005],[158.97218972189722,-7.788820442579407],[159.01179011790117,-7.8374285392853835],[159.1089910899109,-7.90339667052919],[159.19899198991993,-7.910340684344334],[159.28539285392856,-7.9763088155881405],[159.36819368193682,-7.993668850125985],[159.4329943299433,-8.028388919201674],[159.84339843398436,-8.326981513252619],[159.79299792997932,-8.406837672126713],[159.84699846998473,-8.464125786101604],[159.87939879398795,-8.533565924252983]]],[[[157.48537485374857,-7.330515530780289],[157.5177751777518,-7.365235599855993],[157.44217442174426,-7.425995720738442],[157.3377733777338,-7.393011655116538],[157.31617316173163,-7.360027589494635],[157.31617316173163,-7.3409315515030045],[157.2441724417244,-7.3530835756794914],[157.10017100171,-7.32357151696516],[156.90576905769058,-7.181219233754831],[156.6969669696697,-6.910402694964432],[156.49536495364953,-6.76110639793896],[156.45576455764558,-6.7159703081405695],[156.45216452164522,-6.637850152720262],[156.48096480964813,-6.60833809400593],[156.60336603366034,-6.641322159627833],[156.76536765367655,-6.764578404846532],[157.0317703177032,-6.891306656972802],[157.10377103771037,-6.957274788216623],[157.14697146971469,-7.113515099057224],[157.19377193771936,-7.160387192309415],[157.3377733777338,-7.280171430620541],[157.41337413374134,-7.307947485881101],[157.4529745297453,-7.3131554962424445],[157.48537485374857,-7.330515530780289]]],[[[160.75060750607508,-8.314829489076132],[160.99900999009992,-8.61168607967329],[160.98820988209883,-8.66550218674061],[160.9558095580956,-8.698486252362514],[160.94500945009452,-8.79917445268201],[160.97380973809737,-8.837366528665271],[161.04221042210423,-8.854726563203116],[161.15741157411577,-8.962358777337755],[161.20421204212045,-9.092559036371597],[161.2078120781208,-9.132487115808644],[161.25821258212585,-9.191511233237321],[161.25821258212585,-9.316503481909805],[161.36621366213666,-9.490103827288266],[161.3770137701377,-9.573431993069917],[161.36621366213666,-9.611624069053178],[161.3230132301323,-9.589056024153976],[161.189811898119,-9.392887633876327],[161.04221042210423,-9.30782346464089],[161.0242102421024,-9.271367392111415],[160.8730087300873,-9.156791164161632],[160.7722077220772,-8.964094780791541],[160.66420664206646,-8.620366096942206],[160.7146071460715,-8.53877393461434],[160.59220592205924,-8.372117603051024],[160.5958059580596,-8.328717516706405],[160.649806498065,-8.339133537429106],[160.6858068580686,-8.335661530521548],[160.7038070380704,-8.316565492529918],[160.75060750607508,-8.314829489076132]]],[[[161.71541715417158,-10.387617612894871],[161.84141841418415,-10.446641730323535],[161.91341913419137,-10.436225709600834],[162.02142021420218,-10.47615378903788],[162.10422104221044,-10.453585744138678],[162.15822158221584,-10.505665847752212],[162.28782287822878,-10.71051425529879],[162.28782287822878,-10.776482386542597],[162.37422374223746,-10.823354479794787],[162.30222302223024,-10.832034497063702],[162.20142201422016,-10.807730448710728],[162.12222122221226,-10.825090483248573],[162.0430204302043,-10.785162403811526],[161.90621906219064,-10.76433036236611],[161.78741787417874,-10.717458269113934],[161.5390153901539,-10.566425968634675],[161.5390153901539,-10.49177782012194],[161.49941499414996,-10.455321747592464],[161.48861488614887,-10.361577561088097],[161.39861398613988,-10.332065502373766],[161.29421294212943,-10.326857492012408],[161.2870128701287,-10.281721402214004],[161.30501305013053,-10.20360124679371],[161.38061380613806,-10.205337250247496],[161.4742147421474,-10.238321315869399],[161.65421654216544,-10.351161540365396],[161.69741697416976,-10.371993581810813],[161.71541715417158,-10.387617612894871]]]]}},{"type":"Feature","id":"882","properties":{"name":"Samoa","code":"WS","label":[-172.16487634578806,-13.753583708323308]},"geometry":{"type":"MultiPolygon","coordinates":[[[[-172.3319233192332,-13.465551736454856],[-172.22032220322203,-13.559295922959222],[-172.1771217712177,-13.684288171631707],[-172.2239222392224,-13.804072409942833],[-172.3319233192332,-13.774560351228502],[-172.48312483124832,-13.800600403035261],[-172.53712537125372,-13.791920385766346],[-172.65952659526596,-13.64436009219466],[-172.74232742327422,-13.578391960950853],[-172.77832778327783,-13.51763184006839],[-172.67032670326702,-13.524575853883533],[-172.5119251192512,-13.4829117709927],[-172.3319233192332,-13.465551736454856]]],[[[-171.45351453514536,-14.047112893472672],[-171.72711727117272,-14.047112893472672],[-171.86391863918638,-14.001976803674282],[-171.91071910719108,-14.001976803674282],[-172.02952029520296,-13.90649661371613],[-172.04752047520475,-13.857888517010153],[-171.98631986319864,-13.82490445138825],[-171.85671856718568,-13.807544416850405],[-171.60471604716048,-13.87872055845557],[-171.5651156511565,-13.942952686245604],[-171.50751507515076,-13.949896700060734],[-171.46071460714606,-13.977672755321294],[-171.449914499145,-14.022808845119684],[-171.45351453514536,-14.047112893472672]]]]}},{"type":"Feature","id":"598","properties":{"name":"Papua New Guinea","code":"PG","label":[145.20097251436763,-6.468664131710257]},"geometry":{"type":"MultiPolygon","coordinates":[[[[152.96732967329672,-4.756022408817827],[152.89172891728919,-4.832406560784349],[152.8449284492845,-4.761230419179185],[152.78732787327874,-4.698734294842936],[152.74052740527407,-4.636238170506687],[152.67932679326793,-4.4990938976577155],[152.67932679326793,-4.429653759506337],[152.6937269372694,-4.356741614447387],[152.69732697326975,-4.282093465934651],[152.66852668526684,-4.131061165455392],[152.60012600126004,-3.995652896060193],[152.35532355323556,-3.6675482432949167],[152.27972279722798,-3.5824840740594794],[152.19332193321935,-3.5060999220929574],[152.13572135721358,-3.487003884101327],[152.0241202412024,-3.4679078461096964],[151.97371973719737,-3.4540198184794235],[151.88011880118802,-3.4002037114121038],[151.7937179371794,-3.3377075870758546],[151.57771577715778,-3.153691220974693],[151.4661146611466,-3.101611117361159],[151.40491404914053,-3.0373789895711383],[151.06651066510665,-2.8290585751169885],[150.96930969309693,-2.7804504784110264],[150.84690846908472,-2.7804504784110264],[150.74610746107464,-2.7387863955201937],[150.82530825308254,-2.7127463437134196],[150.84330843308436,-2.643306205562041],[150.82530825308254,-2.5721300639568767],[150.99450994509948,-2.6884422953604457],[151.17451174511746,-2.7891304956799416],[151.2249122491225,-2.8707226580078213],[151.31491314913148,-2.8759306683691648],[151.4769147691477,-2.9418987996129857],[151.5849158491585,-3.002658920495449],[151.68931689316895,-3.0720990586468275],[151.80811808118085,-3.1727872589663235],[152.03132031320314,-3.2509074143866314],[152.06372063720636,-3.280419473100963],[152.1789217892179,-3.410619732134805],[152.33012330123302,-3.521723953177016],[152.38052380523806,-3.5824840740594794],[153.01773017730176,-4.105021113648618],[153.12573125731257,-4.252581407220305],[153.1329313293133,-4.353269607539815],[153.11133111331117,-4.391461683523076],[153.0429304293043,-4.476525852758513],[153.04653046530467,-4.577214053078023],[153.02493024930249,-4.665750229221032],[152.96732967329672,-4.756022408817827]]],[[[151.9161191611916,-4.295981493564923],[151.96651966519664,-4.31681353501034],[152.11772117721176,-4.212653327783258],[152.19692196921972,-4.285565472842222],[152.2977229772298,-4.320285541917912],[152.4057240572406,-4.341117583363314],[152.3625236252363,-4.490413880388786],[152.3769237692377,-4.559854018540179],[152.40212402124024,-4.629294156691557],[152.39852398523988,-4.731718360464839],[152.3517235172352,-4.821990540061634],[152.25812258122585,-4.953926802549262],[152.21492214922148,-4.979966854356036],[152.1681216812168,-4.993854881986309],[152.01332013320132,-5.00427090270901],[151.98451984519846,-5.0737110408604025],[151.99531995319956,-5.148359189373124],[152.07812078120782,-5.247311386238849],[152.1429214292143,-5.356679603827274],[152.07812078120782,-5.45910380760057],[151.970119701197,-5.528543945751949],[151.86571865718656,-5.565000018281424],[151.69651696516968,-5.5441679768360075],[151.51651516515165,-5.552847994104923],[151.48051480514806,-5.591040070088184],[151.48051480514806,-5.655272197878219],[151.45531455314557,-5.703880294584181],[151.4229142291423,-5.7472803809288],[151.3329133291333,-5.83928856397938],[151.22851228512286,-5.91914472285346],[151.0917109171092,-5.997264878273768],[151.04491044910452,-6.0146249128116125],[150.9189091890919,-6.026776936988114],[150.80730807308072,-6.071913026786504],[150.76050760507604,-6.115313113131123],[150.70650706507064,-6.150033182206812],[150.5877058770588,-6.188225258190073],[150.47250472504726,-6.262873406702809],[150.42930429304295,-6.276761434333082],[150.1917019170192,-6.288913458509569],[149.84969849698496,-6.292385465417141],[149.74889748897488,-6.30106548268607],[149.65169651696516,-6.290649461963355],[149.59769597695976,-6.261137403249023],[149.48249482494828,-6.123993130400038],[149.3816938169382,-6.0788570406016476],[149.2736927369274,-6.0788570406016476],[149.12609126091263,-6.12746513730761],[149.09729097290972,-6.117049116584909],[148.80928809288093,-5.915672715945902],[148.71928719287195,-5.867064619239926],[148.6256862568626,-5.830608546710451],[148.51048510485106,-5.804568494903691],[148.40248402484025,-5.764640415466644],[148.33768337683375,-5.669160225508492],[148.34488344883448,-5.5441679768360075],[148.43128431284316,-5.471255831777057],[148.56448564485646,-5.507711904306532],[148.6148861488615,-5.507711904306532],[148.66528665286654,-5.486879862861116],[148.7228872288723,-5.4938238766762595],[148.78408784087844,-5.511183911214104],[149.0000900009,-5.48514385940733],[149.12249122491227,-5.523335935390591],[149.24489244892447,-5.573680035550339],[149.360093600936,-5.584096056273054],[149.47529475294755,-5.573680035550339],[149.63009630096303,-5.5163919215754476],[149.68049680496807,-5.523335935390591],[149.8316983169832,-5.523335935390591],[149.96129961299613,-5.446951783424069],[150.01170011700117,-5.139679172104209],[150.04410044100445,-5.0355189648771415],[150.09090090900912,-5.011214916524153],[150.12330123301234,-5.018158930339297],[150.17010170101702,-5.070239033952831],[150.10890108901089,-5.1362071651966374],[150.08010080100803,-5.186551265356385],[150.0729007290073,-5.309807510575098],[150.10530105301052,-5.429591748886224],[150.18450184501847,-5.523335935390591],[150.29970299703,-5.535487959567078],[150.4041040410404,-5.472991835230843],[150.51930519305193,-5.460839811054342],[150.62730627306274,-5.521599931936805],[150.73530735307355,-5.511183911214104],[150.7857078570786,-5.471255831777057],[150.84330843308436,-5.453895797239213],[150.90090900909013,-5.446951783424069],[150.95130951309517,-5.424383738524867],[151.02331023310234,-5.320223531297799],[151.070110701107,-5.20391129989423],[151.13851138511387,-5.113639120297435],[151.32571325713258,-4.960870816364405],[151.37971379713798,-4.941774778372775],[151.4409144091441,-4.9313587576500595],[151.5741157411574,-4.938302771465203],[151.67131671316713,-4.882750660944097],[151.67851678516786,-4.761230419179185],[151.6641166411664,-4.636238170506687],[151.5525155251553,-4.346325593724671],[151.54531545315456,-4.299453500472495],[151.55971559715596,-4.247373396858961],[151.59211592115923,-4.200501303606771],[151.7037170371704,-4.200501303606771],[151.8189181891819,-4.21612533469083],[151.86571865718656,-4.261261424489234],[151.9161191611916,-4.295981493564923]]],[[[140.97560975609758,-9.118599088178371],[140.97560975609758,-9.104711060548098],[140.97560975609758,-8.901598656455306],[140.97560975609758,-8.698486252362514],[140.97560975609758,-8.495373848269722],[140.97560975609758,-8.29226144417693],[140.97560975609758,-8.089149040084138],[140.97560975609758,-7.886036635991346],[140.97560975609758,-7.682924231898554],[140.97560975609758,-7.4798118278057615],[140.97560975609758,-7.276699423712969],[140.97560975609758,-7.071851016166406],[140.97560975609758,-6.905194684603089],[140.91800918009181,-6.839226553359268],[140.8640086400864,-6.740274356493558],[140.8748087480875,-6.611810100913502],[140.9432094320943,-6.452097783165314],[140.97560975609758,-6.3462015724844605],[140.97560975609758,-6.259401399795237],[140.97560975609758,-6.056288995702445],[140.97560975609758,-5.853176591609653],[140.97560975609758,-5.650064187516861],[140.97560975609758,-5.446951783424069],[140.97560975609758,-5.242103375877491],[140.97560975609758,-5.038990971784699],[140.97560975609758,-4.835878567691921],[140.97560975609758,-4.632766163599129],[140.97560975609758,-4.429653759506337],[140.97560975609758,-4.226541355413545],[140.97560975609758,-4.023428951320753],[140.97560975609758,-3.8203165472279608],[140.97560975609758,-3.6172041431351687],[140.97560975609758,-3.4140917390423766],[140.97200972009722,-3.2092433314957987],[140.97200972009722,-3.0061309274030066],[140.97200972009722,-2.8030185233102145],[140.97200972009722,-2.681498281545302],[140.97200972009722,-2.6137941468477095],[140.97200972009722,-2.6103221399401377],[141.00441004410044,-2.6103221399401377],[141.10521105211052,-2.6120581433939236],[141.18441184411847,-2.6276821744779824],[141.68841688416887,-2.8446826062010473],[141.83601836018363,-2.9314827788902704],[141.88641886418867,-2.952314820335687],[141.9368193681937,-2.9540508237894727],[141.98721987219875,-2.962730841058402],[142.21042210422104,-3.0842510828233145],[142.54882548825492,-3.204035321134455],[142.9052290522905,-3.32034755253801],[143.01683016830168,-3.344651600890998],[143.12843128431285,-3.355067621613699],[143.3768337683377,-3.394995701050746],[143.510035100351,-3.4314517735802212],[143.70083700837012,-3.57380405679055],[143.79803798037983,-3.6172041431351687],[143.88803888038882,-3.6970603020092625],[144.0140401404014,-3.7838604746984856],[144.0680406804068,-3.804692516143902],[144.1220412204122,-3.815108536866603],[144.24804248042483,-3.818580543774175],[144.3740437404374,-3.802956512690116],[144.4280442804428,-3.8099005265052455],[144.47844478444784,-3.8255245575893184],[144.52524525245252,-3.85503661630365],[144.5468454684547,-3.9123247302785416],[144.6260462604626,-3.993916892606407],[144.73764737647377,-4.0286369616821105],[144.84204842048422,-4.101549106741061],[144.93924939249393,-4.188349279430284],[145.0076500765008,-4.275149452119507],[145.0868508685087,-4.349797600632243],[145.20925209252096,-4.381045662800361],[145.33525335253353,-4.384517669707932],[145.76725767257676,-4.82372654351542],[145.7888578885789,-4.891430678213013],[145.79245792457925,-5.17787124808747],[145.74565745657458,-5.401815693625679],[145.85365853658539,-5.471255831777057],[145.99765997659978,-5.497295883583817],[146.20646206462067,-5.545903980289793],[146.40446404464046,-5.617080121894958],[147.03447034470344,-5.91914472285346],[147.12087120871212,-5.945184774660234],[147.2468724687247,-5.955600795382935],[147.37647376473768,-5.950392785021592],[147.42327423274236,-5.96601681610565],[147.5168751687517,-6.021568926626756],[147.56727567275675,-6.056288995702445],[147.65367653676537,-6.15524119256817],[147.72927729277296,-6.261137403249023],[147.76167761677618,-6.290649461963355],[147.80127801278013,-6.314953510316343],[147.82287822878232,-6.3722416242912345],[147.85527855278553,-6.5510499800310384],[147.84447844478444,-6.66215420107325],[147.81207812078122,-6.7038182839640825],[147.71127711277114,-6.722914321955713],[147.3548735487355,-6.7420103599473435],[147.12087120871212,-6.721178318501927],[146.95526955269554,-6.834018542997924],[146.9480694806948,-6.882626639703886],[146.96246962469627,-6.929498732956063],[147.10647106471066,-7.167331206124544],[147.18927189271892,-7.37738762403248],[147.26127261272615,-7.464187796721703],[147.3656736567366,-7.533627934873081],[147.45927459274594,-7.616956100654747],[147.54567545675457,-7.7107002871591135],[147.7256772567726,-7.8756206152686445],[147.82287822878232,-7.9381167396048795],[147.9344793447935,-7.974572812134355],[148.12528125281256,-8.10303706771441],[148.15048150481505,-8.160325181689302],[148.20808208082082,-8.339133537429106],[148.229682296823,-8.458917775740247],[148.23328233282336,-8.509261875899995],[148.24768247682476,-8.5543979656984],[148.41328413284134,-8.663766183286825],[148.4528845288453,-8.695014245454942],[148.5248852488525,-8.938054728984781],[148.58248582485828,-9.050894953480778],[148.679686796868,-9.092559036371597],[148.7912879128791,-9.089087029464025],[149.09729097290972,-9.016174884405075],[149.1404914049141,-9.014438880951303],[149.1980919809198,-9.031798915489148],[149.24849248492484,-9.07172699492618],[149.2628926289263,-9.181095212514606],[149.21609216092162,-9.295671440464389],[149.20169201692016,-9.4067756615066],[149.2628926289263,-9.497047841103395],[149.41769417694178,-9.56822398270856],[149.47529475294755,-9.589056024153976],[149.7560975609756,-9.611624069053178],[149.8640986409864,-9.630720107044809],[149.97209972099722,-9.66023216575914],[150.01170011700117,-9.6880082210197],[149.9828998289983,-9.736616317725662],[149.9288992889929,-9.76092036607865],[149.8640986409864,-9.771336386801352],[149.75969759697597,-9.806056455877041],[149.76329763297633,-9.86855258021329],[149.8208982089821,-9.934520711457097],[149.8748987489875,-10.012640866877405],[149.91809918099182,-10.04215292559175],[149.96849968499686,-10.061248963583367],[150.08730087300876,-10.087289015390141],[150.2061020610206,-10.125481091373402],[150.28530285302855,-10.163673167356663],[150.36450364503645,-10.189713219163423],[150.53730537305375,-10.207073253701282],[150.6669066690667,-10.25741735386103],[150.8505085050851,-10.236585312415613],[150.69210692106924,-10.318177474743479],[150.63810638106384,-10.33727351273511],[150.44730447304477,-10.307761454020778],[150.41130411304113,-10.339009516188895],[150.49050490504908,-10.425809688878132],[150.60570605706056,-10.484833806306796],[150.64890648906493,-10.517817871928713],[150.61650616506165,-10.557745951365746],[150.48330483304835,-10.63760211023984],[150.42570425704258,-10.64801813096254],[150.32130321303214,-10.654962144777684],[150.14130141301416,-10.620242075701995],[150.01530015300153,-10.576841989357376],[149.9828998289983,-10.517817871928713],[149.94689946899473,-10.48309780285301],[149.83529835298356,-10.398033633617572],[149.75249752497524,-10.352897543819182],[149.65169651696516,-10.33727351273511],[149.5436954369544,-10.339009516188895],[149.35289352893528,-10.290401419482933],[148.93528935289356,-10.255681350407244],[148.83808838088385,-10.234849308961827],[148.71208712087122,-10.167145174264235],[148.65448654486545,-10.15672915354152],[148.58968589685895,-10.177561194986936],[148.43128431284316,-10.191449222617209],[148.38448384483848,-10.186241212255865],[148.26928269282695,-10.128953098280974],[148.15048150481505,-10.108121056835557],[148.10008100081,-10.123745087919616],[148.04968049680497,-10.128953098280974],[147.89127891278912,-10.087289015390141],[147.7688776887769,-10.069928980852296],[147.66807668076683,-10.012640866877405],[147.61407614076143,-9.96056076326387],[147.5528755287553,-9.911952666557909],[147.49527495274953,-9.790432424792982],[147.4088740887409,-9.674120193389427],[147.29727297272973,-9.58037600688506],[147.06327063270635,-9.42587169949823],[147.01647016470167,-9.38767962351497],[146.92646926469268,-9.247063343758427],[146.930069300693,-9.15331915725406],[146.96246962469627,-9.059574970749694],[146.91206912069123,-9.092559036371597],[146.85446854468546,-9.087351026010253],[146.6960669606696,-9.024854901674004],[146.63126631266312,-8.951942756615054],[146.52326523265236,-8.750566355976048],[146.4548645486455,-8.642934141841408],[146.29646296462965,-8.455445768832675],[146.24966249662498,-8.344341547790464],[146.18486184861848,-8.247125354378525],[146.14166141661417,-8.21066928184905],[146.10926109261095,-8.169005198958232],[146.07686076860767,-8.113453088437126],[146.03366033660336,-8.07699701590765],[145.81045810458107,-7.991932846672199],[145.77085770857713,-7.965892794865439],[145.72765727657276,-7.952004767235167],[145.56205562055624,-7.943324749966237],[145.46845468454688,-7.929436722335964],[145.28845288452885,-7.8617325876383575],[145.1948519485195,-7.840900546192955],[145.08325083250833,-7.828748522016454],[144.97524975249752,-7.802708470209694],[144.9212492124921,-7.77666841840292],[144.88524885248853,-7.7332683320583016],[144.8636486364864,-7.63084412828502],[144.77364773647736,-7.642996152461507],[144.68364683646837,-7.625636117923662],[144.59724597245975,-7.589180045394187],[144.51084510845112,-7.566612000494999],[144.449644496445,-7.597860062663116],[144.43164431644317,-7.679452224990982],[144.4028440284403,-7.682924231898554],[144.35244352443527,-7.667300200814495],[144.32724327243272,-7.675980218083424],[144.26964269642696,-7.714172294066671],[144.22644226442264,-7.764516394226433],[144.14364143641438,-7.75757238041129],[143.97443974439744,-7.705492276797756],[143.8988389883899,-7.674244214629638],[143.83403834038342,-7.615220097200961],[143.780037800378,-7.54925196595714],[143.72243722437224,-7.498907865797392],[143.65403654036544,-7.460715789814131],[143.74043740437406,-7.54925196595714],[143.94203942039422,-7.945060753420023],[143.89163891638918,-7.952004767235167],[143.84123841238414,-7.941588746512451],[143.88803888038882,-8.017972898478973],[143.83403834038342,-8.028388919201674],[143.780037800378,-8.028388919201674],[143.66483664836647,-7.995404853579771],[143.55323553235536,-7.98498883285707],[143.51723517235172,-8.000612863941129],[143.54243542435427,-8.028388919201674],[143.58203582035821,-8.113453088437126],[143.61443614436143,-8.200253261126349],[143.44883448834491,-8.240181340563396],[143.28323283232834,-8.26448538891637],[143.09603096030963,-8.31135748216856],[142.9052290522905,-8.314829489076132],[142.8080280802808,-8.287053433815572],[142.7072270722707,-8.271429402731513],[142.61362613626136,-8.287053433815572],[142.52362523625237,-8.321773502891261],[142.44802448024484,-8.316565492529918],[142.3976239762398,-8.254069368193669],[142.37602376023762,-8.207197274941493],[142.34722347223476,-8.167269195504446],[142.27522275222753,-8.174213209319575],[142.20682206822067,-8.195045250764991],[142.32562325623257,-8.198517257672563],[142.36162361623616,-8.250597361286097],[142.39042390423907,-8.313093485622346],[142.47322473224733,-8.368645596143452],[142.57762577625778,-8.335661530521548],[142.79722797227976,-8.344341547790464],[143.01323013230132,-8.443293744656188],[143.06363063630636,-8.455445768832675],[143.11043110431103,-8.474541806824305],[143.2220322203222,-8.571758000236244],[143.30843308433083,-8.660294176379253],[143.3768337683377,-8.762718380152535],[143.39123391233915,-8.802646459589582],[143.38763387633878,-8.908542670270435],[143.3660336603366,-8.960622773883983],[143.22563225632257,-9.035270922396705],[143.0780307803078,-9.092559036371597],[142.85842858428583,-9.201927253960022],[142.64602646026464,-9.328655506086292],[142.53442534425346,-9.302615454279533],[142.43362433624338,-9.236647323035712],[142.3976239762398,-9.219287288497867],[142.29322293222936,-9.182831215968392],[142.22842228422286,-9.170679191791905],[141.98001980019802,-9.198455247052465],[141.72801728017282,-9.212343274682738],[141.620016200162,-9.210607271228952],[141.51921519215193,-9.189775229783535],[141.4040140401404,-9.149847150346488],[141.29241292412928,-9.168943188338119],[141.2168121681217,-9.214079278136523],[141.13401134011343,-9.221023291951653],[140.97560975609758,-9.118599088178371]]],[[[148.02448024480248,-5.827136539802879],[147.98487984879853,-5.834080553618023],[147.9668796687967,-5.788944463819632],[147.87327873278736,-5.749016384382585],[147.779677796778,-5.627496142617659],[147.78327783277837,-5.521599931936805],[147.7940779407794,-5.492087873222474],[147.8480784807848,-5.490351869768688],[148.05328053280533,-5.6118721115336],[148.07488074880752,-5.650064187516861],[148.06048060480606,-5.764640415466644],[148.02448024480248,-5.827136539802879]]],[[[146.01926019260196,-4.7265103501034815],[145.9508595085951,-4.756022408817827],[145.90405904059043,-4.733454363918625],[145.88245882458824,-4.667486232674818],[145.90045900459006,-4.604990108338569],[145.95805958059583,-4.554646008178821],[145.9940599405994,-4.539021977094762],[146.03726037260373,-4.573742046170452],[146.05166051660518,-4.639710177414258],[146.01926019260196,-4.7265103501034815]]],[[[152.6721267212672,-3.1328591795292766],[152.6469264692647,-3.2213953556723],[152.58572585725858,-3.1693152520587518],[152.54252542525427,-3.0964031069998015],[152.57132571325712,-3.0616830379241122],[152.63972639726398,-3.0425869999324817],[152.6721267212672,-3.1328591795292766]]],[[[152.09972099721,-2.9471068099743434],[152.0889208892089,-2.9974509101340914],[152.0565205652057,-2.9957149066803055],[151.970119701197,-2.896762709814581],[151.9557195571956,-2.8707226580078213],[151.97371973719737,-2.846418609654833],[152.07452074520745,-2.9175947512599976],[152.09972099721,-2.9471068099743434]]],[[[149.7668976689767,-1.5530960365853588],[149.76329763297633,-1.589552109114834],[149.69129691296916,-1.5704560711232034],[149.66969669696698,-1.5756640814845468],[149.54729547295472,-1.471503874257479],[149.54729547295472,-1.4072717464674582],[149.579695796958,-1.3534556394001243],[149.6336963369634,-1.3621356566690537],[149.72369723697238,-1.4298397913666463],[149.7668976689767,-1.5530960365853588]]],[[[151.0809108091081,-10.019584880692548],[151.12411124111242,-10.019584880692548],[151.19611196111964,-9.944936732179812],[151.25731257312572,-9.92236868728061],[151.29691296912972,-9.957088756356299],[151.23211232112322,-10.19492122952478],[151.17451174511746,-10.158465156995305],[150.95850958509584,-10.092497025751499],[150.95130951309517,-9.998752839247132],[150.89730897308976,-9.967504777079014],[150.86130861308612,-9.875496594028434],[150.78930789307896,-9.774808393708923],[150.7749077490775,-9.708840262465117],[150.8181081810818,-9.736616317725662],[150.86130861308612,-9.802584448969483],[151.05211052110525,-9.939728721818454],[151.04491044910452,-9.983128808163073],[151.0809108091081,-10.019584880692548]]],[[[150.3465034650347,-9.493575834195823],[150.33210332103323,-9.517879882548812],[150.27450274502746,-9.500519848010967],[150.10890108901089,-9.36163957170821],[150.13410134101343,-9.259215367934914],[150.20970209702097,-9.20713526432138],[150.32130321303214,-9.264423378296271],[150.35730357303572,-9.349487547531709],[150.3681036810368,-9.3963596407839],[150.3465034650347,-9.493575834195823]]],[[[151.1061110611106,-8.733206321438203],[151.12411124111242,-8.804382463043368],[151.04491044910452,-8.727998311076846],[151.0809108091081,-8.641198138387622],[151.08811088110883,-8.594326045135432],[151.08451084510847,-8.568285993328672],[151.00531005310052,-8.523149903530268],[151.04491044910452,-8.450237758471317],[151.0917109171092,-8.425933710118343],[151.1169111691117,-8.4189896963032],[151.1169111691117,-8.521413900076482],[151.13851138511387,-8.568285993328672],[151.1061110611106,-8.733206321438203]]],[[[154.28134281342813,-11.361515550467999],[154.26694266942673,-11.415331657535319],[154.23094230942309,-11.397971622997474],[154.12294122941233,-11.42574767825802],[154.06534065340657,-11.418803664442876],[154.0329403294033,-11.370195567736914],[154.02214022140225,-11.347627522837712],[154.11934119341197,-11.364987557375557],[154.10134101341015,-11.311171450308237],[154.2381423814238,-11.338947505568797],[154.28134281342813,-11.361515550467999]]],[[[143.58563585635858,-8.481485820639449],[143.54243542435427,-8.484957827547007],[143.3660336603366,-8.417253692849414],[143.32283322833229,-8.366909592689666],[143.5280352803528,-8.379061616866153],[143.58203582035821,-8.391213641042654],[143.5928359283593,-8.460653779194033],[143.58563585635858,-8.481485820639449]]],[[[147.17487174871752,-5.43132775234001],[147.12087120871212,-5.436535762701368],[147.02727027270276,-5.342791576197001],[147.00567005670058,-5.306335503667526],[147.01647016470167,-5.25772740696155],[147.13167131671315,-5.190023272263957],[147.20727207272074,-5.2507833931464205],[147.2216722167222,-5.380983652180262],[147.17487174871752,-5.43132775234001]]],[[[147.0668706687067,-1.9593208447709287],[147.40167401674017,-2.0252889760147497],[147.42327423274236,-2.023552972560964],[147.419674196742,-2.0009849276617615],[147.42327423274236,-1.9940409138466322],[147.44487444874449,-2.011400948384477],[147.43767437674376,-2.058273041636653],[147.38367383673835,-2.07042506581314],[147.33687336873368,-2.0652170554517966],[147.3008730087301,-2.0912571072585564],[147.20727207272074,-2.1815292868553513],[147.14247142471424,-2.1659052557712926],[147.06327063270635,-2.186737297216709],[146.92646926469268,-2.188473300670495],[146.74646746467465,-2.148545221233448],[146.69966699666998,-2.183265290309137],[146.63486634866348,-2.172849269586436],[146.5736657366574,-2.211041345569697],[146.5448654486545,-2.2093053421159112],[146.53046530465303,-2.1537532315948056],[146.5340653406534,-2.1259771763342457],[146.60606606066062,-2.1016731279812717],[146.59526595265953,-2.0166089587458202],[146.65646656466566,-1.9732088724012158],[146.7608676086761,-1.9784168827625592],[146.85806858068582,-1.9489048240482276],[147.0668706687067,-1.9593208447709287]]],[[[150.43650436504367,-2.6624022435536716],[150.23850238502388,-2.6762902711839445],[150.16650166501665,-2.6606662400998857],[150.10170101701016,-2.603378126124994],[150.04410044100445,-2.5131059465281993],[149.98649986499868,-2.492273905082783],[149.96129961299613,-2.4731778670911524],[150.10170101701016,-2.4054737323935598],[150.2277022770228,-2.3846416909481434],[150.42930429304295,-2.469705860183595],[150.45090450904507,-2.5131059465281993],[150.45090450904507,-2.5408820017887592],[150.44730447304477,-2.63289018483934],[150.43650436504367,-2.6624022435536716]]],[[[150.53010530105303,-9.346015540624137],[150.67050670506706,-9.429343706405803],[150.74610746107464,-9.405039658052814],[150.78930789307896,-9.417191682229316],[150.87930879308794,-9.512671872187454],[150.8829088290883,-9.582112010338847],[150.89730897308976,-9.64113612776751],[150.8937089370894,-9.667176179574284],[150.84330843308436,-9.703632252103759],[150.84690846908472,-9.661968169212926],[150.81090810908108,-9.655024155397797],[150.67770677706778,-9.656760158851583],[150.5769057690577,-9.630720107044809],[150.43650436504367,-9.623776093229665],[150.49410494104944,-9.56127996889343],[150.50850508505084,-9.536975920540442],[150.4329043290433,-9.43455171676716],[150.4329043290433,-9.385943620061184],[150.43650436504367,-9.359903568254424],[150.4977049770498,-9.346015540624137],[150.53010530105303,-9.346015540624137]]],[[[152.63252632526326,-8.958886770430198],[152.69012690126902,-8.974510801514256],[152.80892808928093,-8.967566787699113],[152.84852848528487,-9.024854901674004],[152.90612906129064,-9.043950939665635],[152.95292952929532,-9.069990991472409],[152.99612996129963,-9.108183067455656],[152.99612996129963,-9.130751112354858],[152.98532985329854,-9.151583153800274],[152.96012960129605,-9.168943188338119],[152.96732967329672,-9.208871267775166],[152.9241292412924,-9.203663257413808],[152.86652866528664,-9.224495298859225],[152.75852758527589,-9.177623205607048],[152.71892718927188,-9.167207184884333],[152.70812708127085,-9.125543101993514],[152.63972639726398,-9.057838967295908],[152.51372513725136,-9.009230870589946],[152.57852578525785,-8.969302791152899],[152.63252632526326,-8.958886770430198]]],[[[153.53613536135362,-11.476091778417768],[153.7017370173702,-11.528171882031302],[153.75933759337596,-11.58719599945998],[153.69813698136983,-11.613236051266753],[153.55413554135544,-11.630596085804598],[153.51813518135185,-11.595876016728909],[153.37773377733777,-11.559419944199433],[153.35613356133564,-11.495187816409398],[153.28773287732878,-11.5177558613086],[153.32373323733236,-11.470883768056424],[153.23373233732337,-11.420539667896662],[153.20853208532088,-11.351099529745284],[153.20493204932052,-11.323323474484738],[153.3057330573306,-11.356307540106641],[153.53613536135362,-11.476091778417768]]],[[[143.58923589235894,-8.634254124572479],[143.60723607236076,-8.677654210917098],[143.4632346323463,-8.616894090034634],[143.32283322833229,-8.516205889715138],[143.25443254432548,-8.490165837908364],[143.20763207632075,-8.424197706664557],[143.29403294032943,-8.47280580337052],[143.4416344163442,-8.51967789662271],[143.58923589235894,-8.634254124572479]]],[[[147.87687876878772,-2.2839534906286474],[147.84447844478444,-2.3360335942421813],[147.7688776887769,-2.3308255838808236],[147.73647736477363,-2.315201552796765],[147.79047790477904,-2.304785532074064],[147.81207812078122,-2.261385445729445],[147.83727837278371,-2.2474974180991723],[147.87687876878772,-2.2839534906286474]]],[[[151.9557195571956,-2.8307945785707744],[151.93411934119342,-2.8307945785707744],[151.93051930519306,-2.7509384196966806],[151.94491944919451,-2.709274336805862],[152.00252002520028,-2.7370503920664078],[152.009720097201,-2.809962537125358],[151.9557195571956,-2.8307945785707744]]],[[[150.89730897308976,-10.56468996518089],[150.8829088290883,-10.642810120601197],[150.80370803708036,-10.620242075701995],[150.7857078570786,-10.60288204116415],[150.80010800108005,-10.554273944458188],[150.87210872108722,-10.552537941004402],[150.89730897308976,-10.56468996518089]]],[[[153.65853658536588,-4.099813103287275],[153.65133651336515,-4.122381148186463],[153.59013590135902,-4.096341096379703],[153.64053640536406,-4.044260992766169],[153.66213662136624,-4.0407889858585975],[153.65853658536588,-4.099813103287275]]],[[[155.9589595895959,-6.686458249426238],[155.93375933759341,-6.78020243593059],[155.9157591575916,-6.795826467014663],[155.89055890558905,-6.76110639793896],[155.80415804158042,-6.795826467014663],[155.76455764557647,-6.834018542997924],[155.7177571775718,-6.863530601712256],[155.61695616956172,-6.856586587897112],[155.519755197552,-6.830546536090353],[155.42615426154265,-6.781938439384376],[155.34335343353433,-6.721178318501927],[155.26055260552607,-6.625698128543775],[155.21015210152103,-6.52674593167805],[155.23535235352352,-6.412169703728281],[155.2029520295203,-6.3080094965011995],[155.04455044550446,-6.233361347988463],[155.00855008550087,-6.209057299635489],[154.940149401494,-6.106633095862193],[154.8717487174872,-6.061497006063803],[154.78174781747816,-5.971224826467008],[154.76014760147604,-5.931296747029961],[154.7205472054721,-5.816720519080178],[154.709747097471,-5.7472803809288],[154.74214742147421,-5.545903980289793],[154.72774727747276,-5.445215779970283],[154.77094770947713,-5.453895797239213],[154.8177481774818,-5.4938238766762595],[154.8717487174872,-5.521599931936805],[154.99774997749978,-5.540695969928436],[155.0949509495095,-5.6205521288025295],[155.18495184951848,-5.776792439643131],[155.19935199351994,-5.828872543256665],[155.22815228152285,-5.86532861578614],[155.3217532175322,-5.931296747029961],[155.37215372153725,-5.974696833374566],[155.4657546575466,-6.144825171845454],[155.519755197552,-6.181281244374929],[155.58095580955813,-6.196905275458988],[155.63855638556385,-6.221209323811976],[155.73575735757356,-6.2958574723247125],[155.82215822158224,-6.38092164156015],[155.88335883358837,-6.469457817703159],[155.9265592655927,-6.564938007661311],[155.9589595895959,-6.686458249426238]]],[[[154.64854648546486,-5.433063755793796],[154.62694626946268,-5.44000776960894],[154.58374583745837,-5.315015520936441],[154.5765457654577,-5.221271334432075],[154.56214562145624,-5.151831196280696],[154.54054540545405,-5.110167113389878],[154.60534605346055,-5.0355189648771415],[154.6341463414634,-5.014686923431725],[154.68094680946808,-5.054615002868772],[154.6881468814688,-5.143151179011781],[154.72774727747276,-5.217799327524517],[154.6989469894699,-5.382719655634048],[154.64854648546486,-5.433063755793796]]]]}},{"type":"Feature","id":"585","properties":{"name":"Palau","code":"PW","label":[134.40556509748708,7.286030047757641]},"geometry":{"type":"MultiPolygon","coordinates":[[[[131.1727117271173,3.026481074498264],[131.15111151111512,3.0212730641369063],[131.13671136711366,3.024745071044478],[131.13671136711366,3.038633098674751],[131.15111151111512,3.0542571297588097],[131.1727117271173,3.0612011435739532],[131.1871118711187,3.0559931332125956],[131.1871118711187,3.0421051055823227],[131.1727117271173,3.026481074498264]]],[[[134.59634596345967,7.382113740043664],[134.53514535145354,7.361281698598248],[134.50634506345062,7.43766585056477],[134.51714517145172,7.526202026707779],[134.55674556745566,7.593906161405371],[134.59994599946003,7.616474206304574],[134.6071460714607,7.623418220119717],[134.65034650346507,7.711954396262726],[134.6611466114661,7.663346299556764],[134.63234632346325,7.5018979783547906],[134.59994599946003,7.43766585056477],[134.59634596345967,7.382113740043664]]]]}},{"type":"Feature","id":"554","properties":{"name":"New Zealand","code":"NZ","label":[172.92170874490725,-41.70207245051613]},"geometry":{"type":"MultiPolygon","coordinates":[[[[173.11673116731168,-41.27979907299072],[173.23193231932322,-41.28500708335208],[173.33633336333367,-41.21035893483934],[173.44793447934478,-41.151334817410664],[173.56313563135632,-41.102726720704695],[173.739537395374,-40.98815049275492],[173.7827378273783,-40.97252646167086],[173.89793897938978,-40.94995841677166],[173.94833948339482,-40.92391836496489],[174.00234002340022,-40.916974351149754],[173.95193951939518,-40.98467848584735],[173.8907389073891,-41.00724653074655],[173.87993879938801,-41.03155057909953],[173.9159391593916,-41.06974265508279],[173.8619386193862,-41.12355876215011],[173.8619386193862,-41.19126289684771],[173.79713797137975,-41.2711190557218],[173.89793897938978,-41.23987099355367],[173.93393933939342,-41.18779088994014],[173.9159391593916,-41.1582788312258],[173.9591395913959,-41.09925471379713],[174.0239402394024,-41.07147865853658],[173.99873998739986,-41.028078572191966],[173.99873998739986,-40.99335850311627],[174.08154081540818,-41.00551052729276],[174.12114121141212,-41.00551052729276],[174.15354153541534,-40.99162249966249],[174.2111421114211,-40.98467848584735],[174.22554225542257,-41.024606565284394],[174.3011430114301,-41.01939855492304],[174.27234272342724,-41.068006651629005],[174.21474214742148,-41.1252947656039],[174.20034200342002,-41.160014834679586],[174.1031410314103,-41.21730294865448],[174.03834038340386,-41.24160699700746],[174.13914139141394,-41.2485510108226],[174.28314283142834,-41.17216685885608],[174.36954369543696,-41.10446272415848],[174.3659436594366,-41.18779088994014],[174.2975429754298,-41.26417504190666],[174.23634236342366,-41.31278313861263],[174.1679416794168,-41.3266711662429],[174.1031410314103,-41.36659924567995],[174.07074070740708,-41.42909537001619],[174.07434074340745,-41.472495456360804],[174.09234092340927,-41.50547952198271],[174.16074160741607,-41.56103163250381],[174.08514085140854,-41.67039985009224],[174.17154171541716,-41.656511822461965],[174.21834218342184,-41.67734386390738],[174.28314283142834,-41.739839988243624],[174.2435424354244,-41.812752133302574],[174.21474214742148,-41.850944209285835],[174.0455404554046,-42.00371251321887],[173.97353973539737,-42.080096665185394],[173.88713887138874,-42.13044076534514],[173.8907389073891,-42.212032927673015],[173.84033840338407,-42.27105704510169],[173.58833588335887,-42.474169449194484],[173.54513545135455,-42.517569535539096],[173.3471334713347,-42.84046617794302],[173.22113221132213,-42.975874447338214],[173.1491314913149,-43.0227465405904],[173.07353073530737,-43.06093861657366],[172.88992889928903,-43.1234347409099],[172.80712807128072,-43.198082889422636],[172.71712717127173,-43.25884301030509],[172.62352623526237,-43.27273103793537],[172.62712627126274,-43.29877108974214],[172.68832688326887,-43.3143951208262],[172.73512735127355,-43.354323200263245],[172.6991269912699,-43.39945929006164],[172.6307263072631,-43.427235345322195],[172.56232562325624,-43.43591536259112],[172.52632526325266,-43.465427421305456],[172.69192691926918,-43.44459537986004],[172.7387273872739,-43.467163424759235],[172.74952749527495,-43.51750752491899],[172.76752767527677,-43.56264361471739],[172.80712807128072,-43.621667732146065],[172.94752947529474,-43.65812380467554],[173.07353073530737,-43.675483839213385],[173.09873098730986,-43.70325989447394],[173.11673116731168,-43.7970040809783],[173.0951309513095,-43.84387617423048],[173.06633066330664,-43.875124236398605],[173.02313023130233,-43.88554025712131],[172.92232922329225,-43.890748267482664],[172.8179281792818,-43.869916226037255],[172.74952749527495,-43.81262811206236],[172.55512555125551,-43.831724150053994],[172.5011250112501,-43.84387617423048],[172.47592475924762,-43.83346015350778],[172.58392583925843,-43.772700032625316],[172.52632526325266,-43.73971596700341],[172.47952479524798,-43.72582793937313],[172.42912429124294,-43.74665998081855],[172.39672396723967,-43.777908042986674],[172.38592385923863,-43.82998814660021],[172.349923499235,-43.859500205314546],[172.29592295922959,-43.86818022258347],[172.22032220322205,-43.82478013623885],[172.14472144721447,-43.764020015356394],[172.03672036720366,-43.70152389102015],[172.0511205112051,-43.73971596700341],[172.13752137521374,-43.83346015350778],[172.1807218072181,-43.89595627784402],[172.07992079920803,-43.94630037800377],[171.97911979119795,-43.98449245398703],[171.8891188911889,-44.00706049888623],[171.809918099181,-44.04178056796192],[171.7127171271713,-44.09733267848303],[171.65871658716588,-44.11642871647466],[171.51831518315186,-44.11816471992844],[171.44271442714427,-44.13552475446629],[171.41751417514178,-44.20843689952524],[171.36351363513637,-44.255308992777415],[171.2411124111241,-44.263989010046345],[171.28431284312842,-44.27787703767662],[171.31311313113133,-44.3021810860296],[171.23031230312307,-44.52091752120646],[171.21231212312125,-44.61292570425703],[171.1979119791198,-44.76743001164386],[171.14751147511475,-44.911518298307975],[170.9999099991,-44.911518298307975],[171.02151021510218,-44.93755835011474],[171.1331113311133,-44.97748642955179],[171.11151111511117,-45.03998255388803],[170.9891098910989,-45.15108677493024],[170.93870938709387,-45.217054906174056],[170.88830888308883,-45.373295217014665],[170.81630816308166,-45.519119507132565],[170.70110701107012,-45.684039835242096],[170.70110701107012,-45.71355189395643],[170.74070740707407,-45.75521597684726],[170.78750787507875,-45.791672049376736],[170.7911079110791,-45.84375215299027],[170.7767077670777,-45.87152820825082],[170.7227072270723,-45.87847222206596],[170.67590675906763,-45.89583225660381],[170.42030420304206,-45.94096834640221],[170.33390333903338,-45.991312446561956],[170.26550265502658,-46.08332062961254],[170.18630186301863,-46.161440785032845],[169.91989919899203,-46.3350411304113],[169.76149761497618,-46.47912941707541],[169.7290972909729,-46.52079349996624],[169.6858968589686,-46.55204156213436],[169.3438934389344,-46.61974569683196],[169.09909099090993,-46.630161717554664],[168.96588965889663,-46.61280168301682],[168.83628836288364,-46.57808161394113],[168.76788767887678,-46.565929589764636],[168.6310863108631,-46.58676163121005],[168.57348573485734,-46.61106567956303],[168.46548465484653,-46.58849763466384],[168.38268382683827,-46.60585766920168],[168.35748357483578,-46.58849763466384],[168.3250832508325,-46.54509754831923],[168.34308343083433,-46.48954543779812],[168.32148321483214,-46.44788135490729],[168.26748267482674,-46.41836929619295],[168.23148231482315,-46.385385230571046],[168.18828188281884,-46.36281718567185],[168.07668076680767,-46.35240116494914],[167.90027900279006,-46.3680251960332],[167.8426784267843,-46.366289192579416],[167.72027720277202,-46.22740891627665],[167.68067680676808,-46.19268884720096],[167.54027540275405,-46.14928876085635],[167.489874898749,-46.1544967712177],[167.41427414274142,-46.22914491973044],[167.36747367473674,-46.24129694390693],[167.10107101071014,-46.249976961175854],[166.83106831068312,-46.22567291282287],[166.73026730267304,-46.19789685756232],[166.71226712267122,-46.13366472977229],[166.91746917469175,-45.95659237748627],[166.8562685626856,-45.98089642583925],[166.73026730267304,-46.05207256744441],[166.65106651066515,-46.04165654672171],[166.72666726667268,-45.9635363913014],[166.7338673386734,-45.928816322225714],[166.71946719467195,-45.88888824278867],[166.61146611466114,-45.95485637403248],[166.4926649266493,-45.9635363913014],[166.47826478264784,-45.90277627041895],[166.48906489064893,-45.83160012881378],[166.51426514265142,-45.81250409082215],[166.8346683466835,-45.77431201483889],[166.9534695346954,-45.7500079664859],[167.00387003870043,-45.71181589050265],[166.80946809468094,-45.699663866326155],[166.7986679866799,-45.645847759258835],[166.8238682386824,-45.602447672914224],[166.98946989469897,-45.53127153130905],[166.87066870668707,-45.55036756930068],[166.7338673386734,-45.543423555485546],[166.7446674466745,-45.46877540697281],[166.77706777067772,-45.40975128954414],[166.9210692106921,-45.408015286090354],[166.87426874268743,-45.36808720665331],[166.87066870668707,-45.310799092678415],[166.91026910269102,-45.30732708577085],[167.0506705067051,-45.383711237737366],[167.15507155071555,-45.41148729299792],[167.11187111871118,-45.354199179023034],[167.1190711907119,-45.31774310649356],[167.14427144271446,-45.30211907540949],[167.23067230672308,-45.289967051233006],[167.2054720547206,-45.2795510305103],[167.12627126271263,-45.26566300288002],[167.03267032670328,-45.222262916535406],[167.0218702187022,-45.17712682673701],[167.02547025470255,-45.12331071966969],[167.12627126271263,-45.05039857461074],[167.18747187471877,-45.09379866095535],[167.25947259472593,-45.081646636778856],[167.2054720547206,-45.04866257115695],[167.1730717307173,-44.99658246754342],[167.1946719467195,-44.96359840192151],[167.41067410674106,-44.828190132526316],[167.46467464674646,-44.95839039156016],[167.47907479074792,-44.91499030521555],[167.48267482674828,-44.873326222324714],[167.4574745747458,-44.838606153249025],[167.4610746107461,-44.80215008071955],[167.48627486274864,-44.770902018551425],[167.57627576275763,-44.741389959837086],[167.6986769867699,-44.64070175951758],[167.78867788677888,-44.595565669719186],[167.86067860678605,-44.625077728433524],[167.90747907479079,-44.66500580787057],[167.90027900279006,-44.625077728433524],[167.86787867878678,-44.59209366281162],[167.85707857078575,-44.50008547976104],[168.0190801908019,-44.35946920000449],[168.19548195481957,-44.2240609306093],[168.36828368283682,-44.08170864739896],[168.45828458284586,-44.031364547239214],[168.6526865268653,-43.97234042981054],[168.7750877508775,-43.996644478163525],[168.80748807488078,-43.99143646780217],[168.99108991089912,-43.890748267482664],[169.0666906669067,-43.86297221222211],[169.1350913509135,-43.899428284751586],[169.17829178291782,-43.913316312381866],[169.1350913509135,-43.8195721258775],[169.1710917109171,-43.777908042986674],[169.32229322293222,-43.70152389102015],[169.5166951669517,-43.623403735599844],[169.6606966069661,-43.59041966997794],[169.7686976869769,-43.53833956636441],[169.83349833498335,-43.53660356291062],[169.82269822698225,-43.496675483473574],[169.83349833498335,-43.45848340749031],[169.89109891098911,-43.461955414397885],[169.90909909099094,-43.446331383313826],[169.8586985869859,-43.42549934186841],[170.01710017100174,-43.34911518990189],[170.10350103501037,-43.26578702412023],[170.15030150301504,-43.246690986128606],[170.189901899019,-43.22238693777562],[170.24030240302403,-43.16336282034695],[170.30150301503016,-43.14426678235532],[170.35550355503557,-43.15294679962424],[170.39510395103952,-43.18245885833858],[170.3735037350374,-43.13385076163261],[170.30150301503016,-43.10781070982584],[170.38070380703806,-43.06614662693501],[170.459904599046,-43.038370571674456],[170.53550535505354,-43.05920261311987],[170.61110611106113,-43.092186678741776],[170.53550535505354,-43.04010657512824],[170.5247052470525,-43.00885851296012],[170.6147061470615,-42.97240244043064],[170.66510665106654,-42.96198641970794],[170.73350733507334,-43.02969055440553],[170.72630726307267,-42.975874447338214],[170.74070740707407,-42.927266350632244],[170.84150841508415,-42.849146195211944],[170.97110971109714,-42.7189459361781],[171.0107101071011,-42.7640820259765],[171.01791017910182,-42.81789813304382],[171.0107101071011,-42.88560226774142],[171.03951039510395,-42.86129821938844],[171.04671046710467,-42.80227410195976],[171.0287102871029,-42.69637789127891],[171.19071190711907,-42.50020950100125],[171.21951219512198,-42.479377459555835],[171.25551255512556,-42.46548943192556],[171.31311313113133,-42.460281421564204],[171.2951129511295,-42.43076936284987],[171.2519125191252,-42.401257304135534],[171.2951129511295,-42.30230510726982],[171.32391323913242,-42.18946488277382],[171.359913599136,-42.080096665185394],[171.42111421114214,-41.972464451050755],[171.48591485914858,-41.79539209876473],[171.53631536315362,-41.75720002278147],[171.67311673116734,-41.745047998604974],[171.7307173071731,-41.71900794679821],[171.8315183151832,-41.65477581900818],[171.94671946719467,-41.53846358760462],[172.01152011520117,-41.44471940110025],[172.09432094320942,-41.20167891757042],[172.1411214112141,-40.946486409864086],[172.27432274322746,-40.75899803685536],[172.4687246872469,-40.62185376400638],[172.64152641526414,-40.51769355677931],[172.709927099271,-40.4968615153339],[172.8287282872829,-40.489917501518754],[172.94392943929438,-40.51942956023309],[172.73152731527318,-40.543733608586074],[172.709927099271,-40.60622973292232],[172.70272702727027,-40.66698985380478],[172.72792727927282,-40.72427796777967],[172.76752767527677,-40.77288606448563],[172.86832868328685,-40.819758157737816],[172.98712987129875,-40.84753421299837],[173.04113041130415,-40.95343042367923],[173.0519305193052,-41.078422672351714],[173.069930699307,-41.18605488648635],[173.11673116731168,-41.27979907299072]]],[[[173.9159391593916,-40.863158244082435],[173.77913779137793,-40.922182361511105],[173.78633786337866,-40.88225428207406],[173.81153811538115,-40.79371810593105],[173.8727387273873,-40.74858201613265],[173.90153901539014,-40.746846012678866],[173.96273962739627,-40.712125943603176],[173.9591395913959,-40.78677409211591],[173.9159391593916,-40.863158244082435]]],[[[166.7446674466745,-45.65626377998154],[166.74106741067413,-45.704871876687506],[166.73026730267304,-45.729175925040494],[166.69426694266946,-45.729175925040494],[166.64386643866442,-45.723967914679136],[166.59346593465938,-45.70139986977994],[166.55746557465574,-45.70834388359508],[166.53226532265325,-45.699663866326155],[166.56826568265683,-45.64411175580505],[166.68706687066873,-45.61459969709071],[166.73026730267304,-45.6389037454437],[166.7446674466745,-45.65626377998154]]],[[[166.97866978669788,-45.178862830190795],[167.0218702187022,-45.30038307195571],[166.9318693186932,-45.276079023602726],[166.89226892268925,-45.24135895452704],[166.96426964269642,-45.18059883364458],[166.97866978669788,-45.178862830190795]]],[[[168.14508145081453,-46.862786180361795],[168.14508145081453,-46.90271425979884],[168.04068040680409,-46.887090228714776],[168.04428044280445,-46.93222631851317],[168.1270812708127,-46.95653036686616],[168.15588155881562,-46.98777842903428],[168.24228242282425,-46.97909841176536],[168.26028260282607,-47.027706508471326],[168.24228242282425,-47.06937059136215],[168.18468184681848,-47.10235465698406],[168.01548015480154,-47.11797868806812],[167.90387903879042,-47.18047481240436],[167.810278102781,-47.170058791681654],[167.78507785077852,-47.17526680204301],[167.6770767707677,-47.24297093674061],[167.5546755467555,-47.26380297818602],[167.52227522275223,-47.25859496782467],[167.54027540275405,-47.19957085039599],[167.63027630276304,-47.14228273642111],[167.63027630276304,-47.08846662935378],[167.65547655476558,-47.04506654300917],[167.7418774187742,-47.01381848084105],[167.7418774187742,-46.95653036686616],[167.79947799477998,-46.906186266706406],[167.76347763477634,-46.79681804911798],[167.78507785077852,-46.69960185570605],[167.95427954279546,-46.69439384534469],[168.14508145081453,-46.862786180361795]]],[[[175.54315543155434,-36.280109126091254],[175.55035550355507,-36.333925233158574],[175.47475474754748,-36.31482919516694],[175.44595445954462,-36.27316511227611],[175.35955359553594,-36.231501029385285],[175.34515345153454,-36.217613001755005],[175.33795337953381,-36.13428483597335],[175.38115381153813,-36.09435675653631],[175.38835388353885,-36.07699672199846],[175.40995409954098,-36.07005270818332],[175.44595445954462,-36.11518879798172],[175.51435514355143,-36.177684922317965],[175.54315543155434,-36.280109126091254]]],[[[173.2679326793268,-34.93470644940823],[173.28593285932862,-34.97984253920663],[173.33993339933403,-34.94859447703851],[173.37953379533798,-34.89651437342497],[173.44793447934478,-34.84443426981144],[173.43713437134375,-34.927762435593095],[173.47313473134733,-34.946858473584726],[173.6927369273693,-35.0058825910134],[173.739537395374,-35.054490687719365],[173.78633786337866,-35.068378715349645],[173.81153811538115,-35.04060266008909],[173.84393843938443,-35.02671463245881],[173.92313923139233,-35.05796269462694],[174.1031410314103,-35.14302686386238],[174.11754117541176,-35.17253892257671],[174.11034110341103,-35.21593900892133],[174.11754117541176,-35.262811102173515],[174.1427414274143,-35.29926717470299],[174.20394203942038,-35.30794719197191],[174.28314283142834,-35.254131084904586],[174.31914319143192,-35.24718707108945],[174.37314373143732,-35.32530722650976],[174.3947439474395,-35.36870731285437],[174.38394383943842,-35.36697130940058],[174.419944199442,-35.410371395745194],[174.4631446314463,-35.45377148208981],[174.54234542345426,-35.58223573766987],[174.53154531545317,-35.62737182746827],[174.509945099451,-35.667299906905306],[174.5819458194582,-35.78534814176266],[174.53514535145354,-35.79402815903158],[174.39114391143914,-35.77319611758617],[174.3947439474395,-35.79750016593915],[174.47754477544777,-35.88430033862838],[174.549545495455,-36.00582058039329],[174.60354603546034,-36.08046872890603],[174.8015480154802,-36.309621184805586],[174.77274772747728,-36.39121334713346],[174.77634776347765,-36.445029454200785],[174.75114751147515,-36.49016554399918],[174.81954819548196,-36.611685785764095],[174.77634776347765,-36.649877861747356],[174.7475474754748,-36.77487011041985],[174.71874718747188,-36.79570215186526],[174.72234722347224,-36.840838241663654],[174.8015480154802,-36.85299026584015],[174.84834848348487,-36.87208630383178],[174.89154891548918,-36.908542376361254],[174.91674916749167,-36.86514229001664],[174.9527495274953,-36.85299026584015],[175.04635046350467,-36.912014383268826],[175.24435244352446,-36.971038500697496],[175.29835298352987,-36.9936065455967],[175.32715327153272,-37.04047863884888],[175.34515345153454,-37.15679087025244],[175.3847538475385,-37.20713497041219],[175.46035460354602,-37.2175509911349],[175.54315543155434,-37.20192696005084],[175.56835568355683,-37.15852687370623],[175.55035550355507,-37.04568664921023],[175.4927549275493,-36.86514229001664],[175.4927549275493,-36.806118172587965],[175.49995499955003,-36.74883005861307],[175.48915489154894,-36.6898059411844],[175.45675456754572,-36.6342538306633],[175.4279542795428,-36.592589747772465],[175.3847538475385,-36.55613367524299],[175.39915399153995,-36.500581564721884],[175.46035460354602,-36.4762775163689],[175.49635496354966,-36.523149609621086],[175.52875528755288,-36.57870172014219],[175.679956799568,-36.747094055159295],[175.77355773557736,-36.7349420309828],[175.78075780757808,-36.80438216913418],[175.84195841958422,-36.87555831073935],[175.8779587795878,-36.95715047306722],[175.9211592115921,-37.20539896695841],[175.98955989559897,-37.43628742631175],[176.11556115561154,-37.53871163008504],[176.129961299613,-37.58731972679101],[176.05436054360547,-37.56127967498424],[176.02916029160292,-37.5769037060683],[176.03636036360365,-37.60120775442128],[176.10836108361087,-37.6446078407659],[176.19116191161913,-37.667175885665095],[176.24156241562417,-37.66370387875753],[176.2919629196292,-37.67932790984159],[176.61596615966158,-37.83036021032084],[176.77076770767707,-37.88938432774952],[177.16317163171635,-37.98660052116145],[177.27477274772747,-37.99354453497659],[177.3359733597336,-37.99007252806902],[177.4547745477455,-37.95708846244712],[177.55917559175595,-37.89806434501844],[177.64917649176493,-37.807792165421645],[177.72837728377283,-37.705367961648356],[177.81117811178115,-37.65675986494239],[177.90837908379086,-37.61683178550535],[177.9587795877959,-37.58037571297587],[178.00918009180094,-37.554335661169105],[178.27198271982724,-37.56648768534559],[178.36198361983622,-37.61856778895913],[178.4771847718477,-37.66023187184996],[178.53478534785347,-37.69147993401808],[178.5167851678517,-37.75744806526189],[178.44838448384485,-37.85466425867383],[178.39438394383944,-37.96056046935468],[178.34758347583477,-38.20012894597695],[178.31518315183155,-38.44490543296057],[178.26838268382687,-38.55080164364143],[178.1819818198182,-38.63412980942309],[178.08478084780847,-38.69315392685176],[177.97677976779767,-38.722665985566096],[177.93357933579335,-38.859810258415074],[177.91197911979123,-39.02125857961703],[177.9155791557916,-39.062922662507866],[177.95157951579517,-39.09417072467599],[177.96597965979663,-39.14277882138195],[177.90837908379086,-39.23999501479389],[177.87597875978759,-39.22610698716361],[177.8291782917829,-39.14451482483574],[177.7859778597786,-39.111530759213835],[177.65637656376566,-39.08549070740706],[177.5231752317523,-39.073338683230574],[177.40797407974082,-39.082018700499496],[177.29637296372965,-39.1150027661214],[177.1271712717127,-39.18617890772657],[177.07677076770767,-39.222634980256046],[177.029970299703,-39.26603506660066],[176.95436954369546,-39.36672326692016],[176.93636936369364,-39.48997951213886],[176.939969399694,-39.55594764338267],[176.96516965169656,-39.60455574008864],[177.10917109171095,-39.67399587824002],[176.96876968769686,-39.91009234795472],[176.8427684276843,-40.158340841845906],[176.77076770767707,-40.22778097999729],[176.6879668796688,-40.293749111241105],[176.61236612366127,-40.44130940481279],[176.47556475564755,-40.56977366039285],[176.38556385563857,-40.66698985380478],[176.31356313563134,-40.76941405757807],[176.25236252362527,-40.87704627171271],[176.1191611916119,-41.029814575645744],[176.06156061560614,-41.13050277596525],[175.98235982359824,-41.213830941746906],[175.83835838358385,-41.31972715242777],[175.68715687156873,-41.41173533547835],[175.44595445954462,-41.53846358760462],[175.38115381153813,-41.58012767049544],[175.3091530915309,-41.61137573266357],[175.22275222752228,-41.57491966013409],[175.20475204752051,-41.534991580697046],[175.18315183151833,-41.44819140800782],[175.1651516515165,-41.4169433458397],[175.0535505355054,-41.39090329403293],[174.90594905949058,-41.43256737692376],[174.8807488074881,-41.423887359654834],[174.87354873548736,-41.404791321663204],[174.87354873548736,-41.278063069536934],[174.8987489874899,-41.243343000461245],[174.86634866348663,-41.22251095901583],[174.83034830348305,-41.23119097628475],[174.81954819548196,-41.262439038452875],[174.84114841148414,-41.29021509371343],[174.75834758347582,-41.32493516278912],[174.66834668346684,-41.3266711662429],[174.64314643146434,-41.31278313861263],[174.63594635946362,-41.29021509371343],[174.65754657546574,-41.25202301773017],[174.68634686346866,-41.21730294865448],[174.84834848348487,-41.05932663436008],[175.01755017550175,-40.84753421299837],[175.16155161551615,-40.62185376400638],[175.20115201152015,-40.50554153260282],[175.25515255152555,-40.28854110087975],[175.2119521195212,-40.20000492473674],[175.15435154351547,-40.114940755501294],[175.01035010350103,-39.95175643084555],[174.81234812348123,-39.85974824779497],[174.68634686346866,-39.847596223618474],[174.56754567545676,-39.812876154542785],[174.45594455944558,-39.734755999122484],[174.35154351543514,-39.6427478160719],[174.14994149941498,-39.56809966755917],[173.93393933939342,-39.50907555013049],[173.81153811538115,-39.42574738434883],[173.7827378273783,-39.37540328418908],[173.76473764737648,-39.31811517021419],[173.76473764737648,-39.26603506660066],[173.7827378273783,-39.21048295607955],[173.80433804338043,-39.16881887318872],[173.84393843938443,-39.13930681447439],[174.07074070740708,-39.03167460033974],[174.3119431194312,-38.970914479457285],[174.3551435514355,-38.97265048291107],[174.39834398343987,-38.96223446218836],[174.45954459544595,-38.92577838965889],[174.56754567545676,-38.84245022387723],[174.59634596345967,-38.78516210990234],[174.6179461794618,-38.60461775070875],[174.65394653946538,-38.42754539842272],[174.7151471514715,-38.22616899778372],[174.80874808748086,-38.099440745657446],[174.84114841148414,-38.023056593690924],[174.8015480154802,-37.896328341564654],[174.83754837548378,-37.84945624831247],[174.8807488074881,-37.81994418959814],[174.92754927549277,-37.804320158514074],[174.8447484474845,-37.68453592020294],[174.75114751147515,-37.50399156100935],[174.72954729547297,-37.448439450488245],[174.74394743947443,-37.39288733996714],[174.76914769147692,-37.33907123289982],[174.70794707947078,-37.325183205269546],[174.6719467194672,-37.273103101656005],[174.58554585545858,-37.097766752823766],[174.61074610746107,-37.06999069756321],[174.6611466114661,-37.089086735554844],[174.73314733147333,-37.215814987681114],[174.7475474754748,-37.14984685643731],[174.8051480514805,-37.10991877700026],[174.86274862748627,-37.089086735554844],[174.92754927549277,-37.08561472864728],[174.78354783547837,-36.94326244543694],[174.73314733147333,-36.95020645925208],[174.66834668346684,-36.971038500697496],[174.59994599946003,-36.984926528327776],[174.53514535145354,-36.97277450415128],[174.4739447394474,-36.94152644198316],[174.44514445144455,-36.88250232455449],[174.40554405544054,-36.767926096604704],[174.38034380343805,-36.72626201371388],[174.18954189541898,-36.49190154745296],[174.24714247142475,-36.484957533637825],[174.40194401944018,-36.601269765041394],[174.4307443074431,-36.56481369251191],[174.45594455944558,-36.51099758544459],[174.44514445144455,-36.450237464562136],[174.4091440914409,-36.40510137476374],[174.3551435514355,-36.3755893160494],[174.35154351543514,-36.323509212435866],[174.3947439474395,-36.2749011157299],[174.39114391143914,-36.24018104665421],[174.30474304743046,-36.17074090850282],[174.26874268742688,-36.163796894687685],[174.25074250742506,-36.19504495685581],[174.2759427594276,-36.24365305356178],[174.25434254342542,-36.24886106392313],[174.0347403474035,-36.12213281179686],[173.969939699397,-36.02144461147736],[173.9159391593916,-35.90860438698136],[173.90873908739087,-35.95374047677976],[173.9159391593916,-36.017972604569785],[174.00234002340022,-36.14643686014984],[174.1427414274143,-36.28878914336018],[174.1679416794168,-36.32698121934343],[174.14634146341467,-36.377325319503186],[174.09594095940963,-36.39121334713346],[174.05634056340563,-36.35996528496534],[173.9915399153992,-36.236709039746636],[173.9447394473945,-36.17594891886418],[173.4119341193412,-35.54230765823282],[173.48033480334806,-35.458979492451164],[173.5847358473585,-35.387803350846],[173.609936099361,-35.356555288677875],[173.6279362793628,-35.318363212694614],[173.58113581135814,-35.31315520233326],[173.5415354153542,-35.33051523687111],[173.4947349473495,-35.36176329903923],[173.4551345513455,-35.39995537502249],[173.4011340113401,-35.481547537350366],[173.3759337593376,-35.500643575341996],[173.31473314733148,-35.443355461367105],[173.289532895329,-35.408635392291416],[173.289532895329,-35.36697130940058],[173.27513275132753,-35.33919525414003],[173.22833228332286,-35.33051523687111],[173.159931599316,-35.24718707108945],[173.11673116731168,-35.205522988198624],[173.1887318873189,-35.12393082587075],[173.19233192331927,-35.016298611736104],[173.11673116731168,-34.903458387240114],[173.03033030330306,-34.79929818001304],[172.86112861128612,-34.63264184844972],[172.70632706327063,-34.455569496163704],[172.87552875528758,-34.4330014512645],[173.04473044730446,-34.42952944435693],[172.96552965529656,-34.53542565503779],[173.00153001530015,-34.59618577592025],[173.05553055530555,-34.64826587953379],[173.1707317073171,-34.806242193828176],[173.18153181531818,-34.85311428708036],[173.23913239132395,-34.89825037687876],[173.2679326793268,-34.93470644940823]]],[[[169.17829178291782,-52.4978533913464],[169.23229232292323,-52.54819749150616],[169.12789127891278,-52.570765536405354],[169.07749077490774,-52.55166949841372],[169.04149041490416,-52.52910145351453],[169.02349023490234,-52.49611738789262],[169.07749077490774,-52.49958939480019],[169.12789127891278,-52.485701367169916],[169.17829178291782,-52.4978533913464]]],[[[166.22266222662228,-50.76184993756187],[166.24426244262446,-50.84517810334353],[166.1866618666187,-50.84691410679731],[166.07146071460716,-50.822610058444326],[166.03906039060394,-50.78615398591485],[166.0138601386014,-50.77747396864593],[165.97065970659708,-50.819138051536754],[165.90585905859058,-50.82087405499054],[165.88785887858882,-50.80698602736027],[165.91665916659167,-50.76358594101565],[166.07506075060752,-50.67852177178021],[166.10386103861038,-50.57262556109935],[166.10026100261,-50.53964149547745],[166.22626226262264,-50.530961478208525],[166.2550625506255,-50.54311350238502],[166.2658626586266,-50.55873753346908],[166.25866258662586,-50.57783357146071],[166.20826208262082,-50.6125536405364],[166.20826208262082,-50.652481719973444],[166.2190621906219,-50.69414580286427],[166.17946179461796,-50.714977844309686],[166.2010620106201,-50.75143391683916],[166.22266222662228,-50.76184993756187]]],[[[-176.17676176761768,-43.73971596700341],[-176.2127621276213,-43.76575601881018],[-176.2739627396274,-43.764020015356394],[-176.3819638196382,-43.86644421912968],[-176.37476374763747,-43.79006006716316],[-176.40716407164072,-43.76054800844882],[-176.50076500765007,-43.767492022263966],[-176.51516515165153,-43.78485205680181],[-176.4539645396454,-43.80568409824723],[-176.43956439564397,-43.81610011896993],[-176.50076500765007,-43.859500205314546],[-176.43956439564397,-43.95498039527269],[-176.38556385563857,-43.95150838836513],[-176.33516335163353,-44.026156536877856],[-176.33516335163353,-44.04872458177706],[-176.4539645396454,-44.07650063703761],[-176.51516515165153,-44.11642871647466],[-176.57276572765727,-44.11469271302087],[-176.5979659796598,-44.107748699205736],[-176.63036630366304,-44.036572557600564],[-176.63036630366304,-44.00706049888623],[-176.5619656196562,-43.953244391818906],[-176.52236522365223,-43.90116428820537],[-176.55476554765548,-43.8525561914994],[-176.6339663396634,-43.8195721258775],[-176.80676806768068,-43.83519615696156],[-176.84636846368463,-43.82478013623885],[-176.759967599676,-43.75707600154126],[-176.66636666366662,-43.76575601881018],[-176.56556565565657,-43.71714792210421],[-176.17676176761768,-43.73971596700341]]],[[[-176.17676176761768,-44.32127712402123],[-176.219962199622,-44.32995714129015],[-176.21636216362162,-44.27266902731527],[-176.23076230762308,-44.23621295478579],[-176.15516155161552,-44.2240609306093],[-176.12276122761227,-44.269197020407695],[-176.17676176761768,-44.32127712402123]]],[[[-172.47952479524795,-8.580438017505159],[-172.48312483124832,-8.582174020958945],[-172.48672486724868,-8.571758000236244],[-172.49392493924938,-8.559605976059743],[-172.49752497524975,-8.547453951883256],[-172.49752497524975,-8.54571794842947],[-172.48672486724868,-8.556133969152185],[-172.47952479524795,-8.568285993328672],[-172.47952479524795,-8.580438017505159]]],[[[-171.1871118711187,-9.354695557893066],[-171.1871118711187,-9.358167564800638],[-171.19431194311943,-9.35295955443928],[-171.20151201512016,-9.344279537170365],[-171.20511205112052,-9.33386351644765],[-171.20151201512016,-9.332127512993864],[-171.19431194311943,-9.339071526809008],[-171.19071190711907,-9.346015540624137],[-171.1871118711187,-9.354695557893066]]]]}},{"type":"Feature","id":"520","properties":{"name":"Nauru","code":"NR","label":[166.93255337405898,-0.5189420733017751]},"geometry":{"type":"MultiPolygon","coordinates":[[[[166.9570695706957,-0.516701974675982],[166.93906939069393,-0.5514220437516713],[166.91746917469175,-0.5462140333903136],[166.90666906669065,-0.5236459884911255],[166.91386913869138,-0.4993419401381374],[166.93906939069393,-0.4889259194154363],[166.9570695706957,-0.4976059366843515],[166.9570695706957,-0.516701974675982]]]]}},{"type":"Feature","id":"296","properties":{"name":"Kiribati","code":"KI","label":[-167.9216945143975,0.8929852780702686]},"geometry":{"type":"MultiPolygon","coordinates":[[[[172.96912969129693,3.128905278271546],[172.9079290792908,3.0959212126496425],[172.88632886328867,3.101129223011],[172.9619296192962,3.1480013162631764],[172.9619296192962,3.1427933059018187],[172.96912969129693,3.128905278271546]]],[[[172.8431284312843,3.050785122851238],[172.77112771127713,3.012593046867977],[172.74952749527495,3.0334250883133933],[172.77832778327786,3.0334250883133933],[172.8287282872829,3.0716171642966543],[172.88632886328867,3.07335316775044],[172.87912879128794,3.0542571297588097],[172.8431284312843,3.050785122851238]]],[[[173.01953019530197,1.8459987259247725],[173.02313023130233,1.8216946775717844],[172.96552965529656,1.8859268053618194],[172.93312933129334,1.9258548847988664],[172.93312933129334,1.943214919336711],[172.9511295112951,1.9327988986139957],[172.96912969129693,1.9119668571685793],[172.97992979929802,1.8963428260845205],[173.01953019530197,1.8459987259247725]]],[[[173.03033030330306,1.7175344703447166],[172.99432994329942,1.712326459983359],[173.01953019530197,1.7279504910674177],[173.0267302673027,1.7470465290590482],[173.02313023130233,1.8095426533952974],[173.0375303753038,1.8043346430339398],[173.04113041130415,1.77829459122718],[173.04473044730446,1.7418385186977048],[173.03033030330306,1.7175344703447166]]],[[[173.03393033930342,1.0127170681081878],[173.08793087930883,0.9727889886711552],[173.0807308073081,0.9467489368643811],[173.06273062730628,0.9155008746962636],[172.9907299072991,0.8356447158221698],[172.96912969129693,0.8425887296373133],[173.0375303753038,0.9155008746962636],[173.06633066330664,0.9623729679484399],[173.0267302673027,0.998829040477915],[173.00873008730088,0.9901490232089998],[173.0051300513005,0.9901490232089998],[172.9907299072991,1.024869092284689],[173.0051300513005,1.024869092284689],[173.03393033930342,1.0127170681081878]]],[[[174.509945099451,-0.8014065410966538],[174.47754477544777,-0.8291825963571995],[174.4631446314463,-0.8048785480042113],[174.48114481144813,-0.7736304858360938],[174.45234452344522,-0.6469022337098238],[174.4091440914409,-0.6295421991719792],[174.38034380343805,-0.5913501231887182],[174.3947439474395,-0.5913501231887182],[174.43794437944382,-0.6260701922644074],[174.4739447394474,-0.6416942233484662],[174.4955449554496,-0.7250223891301317],[174.509945099451,-0.8014065410966538]]],[[[174.77274772747728,-1.2111033561897955],[174.779947799478,-1.2631834598033294],[174.75474754747546,-1.2562394459882],[174.7475474754748,-1.2371434079965695],[174.74034740347406,-1.1850633043830356],[174.7151471514715,-1.1329832007694876],[174.74394743947443,-1.1468712283997746],[174.76554765547655,-1.1867993078368215],[174.77274772747728,-1.2111033561897955]]],[[[173.0375303753038,1.34255772432725],[173.01233012330124,1.3390857174196924],[173.03033030330306,1.358181755411323],[173.14193141931423,1.380749800310511],[173.15273152731527,1.3876938141256545],[173.1707317073171,1.3755417899491675],[173.1707317073171,1.3633897657726664],[173.16353163531636,1.358181755411323],[173.1059310593106,1.356445751957537],[173.06273062730628,1.3460297312348217],[173.0375303753038,1.34255772432725]]],[[[169.5526955269553,-0.874318686155604],[169.5418954189542,-0.8760546896093899],[169.52389523895238,-0.8656386688866746],[169.52389523895238,-0.8534866447101876],[169.53829538295383,-0.8465426308950441],[169.55629556295565,-0.8569586516177594],[169.5526955269553,-0.874318686155604]]],[[[-172.21312213122133,-4.5112459218342025],[-172.20952209522096,-4.518189935649346],[-172.1951219512195,-4.51645393219556],[-172.18072180721808,-4.514717928741774],[-172.1879218792188,-4.521661942556918],[-172.21672216722166,-4.525133949464475],[-172.22752227522275,-4.507773914926631],[-172.21312213122133,-4.493885887296358],[-172.19872198721987,-4.492149883842572],[-172.1951219512195,-4.495621890750144],[-172.19872198721987,-4.4990938976577155],[-172.20232202322023,-4.4990938976577155],[-172.21312213122133,-4.502565904565287],[-172.21312213122133,-4.5112459218342025]]],[[[-171.08631086310862,-3.1345951829830625],[-171.089910899109,-3.143275200251992],[-171.09711097110971,-3.1363311864368484],[-171.09351093510935,-3.1259151657141473],[-171.08631086310862,-3.115499144991432],[-171.08271082710826,-3.1207071553527896],[-171.08631086310862,-3.1345951829830625]]],[[[-171.23391233912338,-4.46263782512824],[-171.24471244712447,-4.467845835489598],[-171.25551255512556,-4.466109832035812],[-171.26271262712626,-4.459165818220669],[-171.26271262712626,-4.4487497974979675],[-171.2519125191252,-4.441805783682824],[-171.2411124111241,-4.44354178713661],[-171.23031230312304,-4.453957807859311],[-171.23391233912338,-4.46263782512824]]],[[[-174.51354513545135,-4.674430246489948],[-174.50274502745026,-4.688318274120235],[-174.50274502745026,-4.695262287935364],[-174.50634506345062,-4.693526284481578],[-174.52434524345244,-4.690054277574006],[-174.5279452794528,-4.681374260305091],[-174.51714517145172,-4.686582270666449],[-174.509945099451,-4.684846267212663],[-174.52434524345244,-4.674430246489948],[-174.53154531545314,-4.665750229221032],[-174.54234542345424,-4.662278222313461],[-174.54234542345424,-4.657070211952103],[-174.53154531545314,-4.658806215405889],[-174.51354513545135,-4.674430246489948]]],[[[-154.95454954549547,-4.087661079110774],[-154.9581495814958,-4.094605092925917],[-154.97254972549726,-4.085925075656988],[-154.99414994149942,-4.070301044572929],[-155.01575015750157,-4.05467701348887],[-155.01575015750157,-4.047732999673727],[-154.9869498694987,-4.039052982404812],[-154.9509495094951,-4.030372965135882],[-154.94374943749438,-4.0407889858585975],[-154.9509495094951,-4.056413016942656],[-154.95454954549547,-4.087661079110774]]],[[[-151.7829178291783,-11.441371709342079],[-151.790117901179,-11.456995740426137],[-151.80811808118082,-11.451787730064794],[-151.81531815318152,-11.430955688619377],[-151.8189181891819,-11.410123647173961],[-151.81171811718116,-11.39102760918233],[-151.80451804518046,-11.392763612636116],[-151.790117901179,-11.413595654081533],[-151.7829178291783,-11.441371709342079]]],[[[-155.86535865358653,-5.627496142617659],[-155.88695886958868,-5.630968149525231],[-155.91575915759157,-5.630968149525231],[-155.92655926559266,-5.618816125348744],[-155.93015930159302,-5.608400104626028],[-155.91935919359193,-5.6066641011722425],[-155.91215912159123,-5.610136108079814],[-155.87255872558725,-5.6118721115336],[-155.8617586175862,-5.618816125348744],[-155.86535865358653,-5.627496142617659]]],[[[-157.34137341373415,1.8564147466474736],[-157.17577175771757,1.740102515243919],[-157.24777247772477,1.7314224979749895],[-157.42057420574207,1.7869746084960951],[-157.5789757897579,1.9015508364458782],[-157.53217532175321,1.9275908882526522],[-157.5069750697507,1.8859268053618194],[-157.4349743497435,1.8477347293785584],[-157.3917739177392,1.9275908882526522],[-157.36657366573667,1.9466869262442827],[-157.49257492574927,2.030015092025934],[-157.44217442174423,2.0248070816645765],[-157.32337323373233,1.9692549711434708],[-157.34137341373415,1.8564147466474736]]],[[[-159.33939339393393,3.9239948601048695],[-159.260192601926,3.838930690869418],[-159.27459274592746,3.7972666079785995],[-159.33219332193323,3.800738614886157],[-159.35739357393572,3.814626642516444],[-159.3141931419314,3.8233066597853593],[-159.30699306993068,3.838930690869418],[-159.32859328593287,3.8632347392224062],[-159.3537935379354,3.880594773760251],[-159.37179371793718,3.880594773760251],[-159.3789937899379,3.8458747046845616],[-159.40779407794076,3.8736507599451073],[-159.38979389793897,3.8996908117518814],[-159.36819368193682,3.917050846289726],[-159.33939339393393,3.9239948601048695]]],[[[-171.69831698316983,-2.7665624507807394],[-171.66591665916658,-2.78565848877237],[-171.64071640716406,-2.811698540579144],[-171.62631626316264,-2.846418609654833],[-171.629916299163,-2.8550986269237626],[-171.6479164791648,-2.8550986269237626],[-171.66951669516695,-2.8446826062010473],[-171.68751687516874,-2.8290585751169885],[-171.69471694716947,-2.825586568209417],[-171.69831698316983,-2.822114561301845],[-171.67671676716768,-2.823850564755631],[-171.65511655116552,-2.8394745958396896],[-171.6371163711637,-2.846418609654833],[-171.64071640716406,-2.8290585751169885],[-171.65871658716588,-2.797810512948871],[-171.6731167311673,-2.7873944922261558],[-171.68751687516874,-2.7787144749572406],[-171.70551705517056,-2.773506464595883],[-171.719917199172,-2.7787144749572406],[-171.72351723517235,-2.7821864818648123],[-171.72711727117272,-2.773506464595883],[-171.72351723517235,-2.7682984542345253],[-171.719917199172,-2.761354440419396],[-171.69831698316983,-2.7665624507807394]]]]}},{"type":"Feature","id":"242","properties":{"name":"Fiji","code":"FJ","label":[178.51210012984453,-17.427791469253705]},"geometry":{"type":"MultiPolygon","coordinates":[[[[180,-16.168509113997374],[179.84879848798488,-16.302181379938787],[179.79479794797948,-16.36988551463638],[179.7479974799748,-16.446269666602902],[179.61839618396186,-16.52786182893078],[179.56439564395646,-16.637230046519207],[179.56799567995682,-16.746598264107632],[179.69759697596976,-16.63202203615785],[179.84159841598415,-16.538277849653483],[179.88479884798852,-16.519181811661852],[179.9315993159932,-16.519181811661852],[179.92799927999283,-16.552165877283755],[179.90639906399065,-16.583413939451887],[179.88839888398883,-16.66674210523354],[179.92799927999283,-16.744862260653846],[179.81999819998202,-16.736182243384917],[179.71559715597158,-16.74312625720006],[179.58959589595895,-16.78652634354468],[179.46719467194674,-16.80562238153631],[179.42039420394207,-16.80735838499008],[179.3735937359374,-16.791734353906023],[179.34479344793448,-16.769166309006835],[179.32319323193235,-16.718822208847072],[179.30159301593017,-16.710142191578157],[179.20079200792009,-16.711878195031943],[179.0567905679057,-16.814302398805225],[179.00639006390065,-16.899366568040662],[178.94878948789489,-16.90457457840202],[178.8839888398884,-16.88547854041039],[178.80118801188013,-16.95144667165421],[178.70758707587078,-16.975750720007184],[178.66438664386646,-16.92019860948608],[178.63918639186392,-16.8507584713347],[178.60318603186033,-16.800414371174952],[178.4987849878499,-16.788262346998465],[178.51318513185134,-16.725766222662216],[178.5419854198542,-16.699726170855442],[178.56718567185675,-16.663270098325967],[178.5851858518585,-16.621606015435148],[178.63558635586355,-16.649382070695694],[178.6859868598686,-16.665006101779753],[178.74358743587436,-16.633758039611635],[178.8047880478805,-16.63202203615785],[178.86598865988663,-16.54001385310727],[178.95958959589598,-16.482725739132377],[179.09279092790928,-16.437589649333987],[179.22599225992263,-16.40460558371207],[179.29439294392944,-16.399397573350726],[179.35919359193593,-16.380301535359095],[179.47439474394747,-16.293501362669872],[179.549995499955,-16.250101276325253],[179.63639636396363,-16.22406122451848],[179.71559715597158,-16.20843719343442],[179.78759787597875,-16.222325221064693],[179.84879848798488,-16.213645203795778],[180,-16.152885082913315],[180,-16.168509113997374]]],[[[178.2791827918279,-17.371559507470067],[178.2791827918279,-17.416695597268458],[178.30798307983082,-17.435791635260088],[178.33678336783368,-17.43926364216766],[178.41238412384126,-17.52259180794931],[178.52398523985244,-17.59550395300826],[178.59238592385924,-17.651056063529367],[178.5959859598596,-17.699664160235344],[178.57438574385748,-17.75000826039509],[178.60318603186033,-17.8385444365381],[178.6175861758618,-17.932288623042467],[178.66798667986683,-18.08158492006794],[178.5959859598596,-18.109360975328485],[178.4879848798488,-18.112832982236057],[178.4627846278463,-18.13887303404283],[178.42318423184236,-18.124985006412558],[178.3331833318333,-18.13540102713526],[178.24318243182432,-18.18400912384122],[178.16038160381606,-18.249977255085042],[178.06318063180635,-18.249977255085042],[177.95517955179554,-18.263865282715315],[177.84717847178473,-18.2551852654464],[177.7715777157772,-18.21872919291691],[177.63477634776348,-18.180537116933664],[177.45837458374587,-18.147553051311746],[177.38277382773828,-18.121512999504986],[177.32157321573214,-18.078112913160368],[177.26397263972643,-17.968744695571942],[177.25317253172534,-17.914928588504623],[177.26397263972643,-17.86284848489109],[177.31797317973184,-17.845488450353244],[177.36117361173615,-17.81944839854647],[177.3647736477365,-17.786464332924567],[177.38637386373864,-17.76216028457158],[177.4115741157412,-17.753480267302663],[177.42237422374222,-17.737856236218605],[177.40437404374046,-17.6823041256975],[177.4007740077401,-17.631960025537737],[177.50517505175054,-17.53995184248717],[177.6167761677617,-17.461831687066862],[177.81837818378187,-17.388919542007912],[177.94077940779408,-17.39586355582304],[178.1279812798128,-17.338575441848164],[178.18918189181892,-17.31253539004139],[178.2467824678247,-17.329895424579234],[178.2791827918279,-17.371559507470067]]],[[[-180,-16.784790340090893],[-179.8919989199892,-16.699726170855442],[-179.85959859598597,-16.687574146678955],[-179.82359823598236,-16.765694302099263],[-179.86679866798667,-16.8507584713347],[-179.97479974799748,-16.925406619847436],[-180,-16.963598695830697],[-180,-16.784790340090893]]],[[[180,-16.963598695830697],[179.92439924399247,-17.000054768360172],[179.89559895598956,-16.963598695830697],[179.9315993159932,-16.876798523141474],[180,-16.78652634354468],[180,-16.85943848860363],[180,-16.963598695830697]]],[[[178.4879848798488,-18.973890695313187],[178.4879848798488,-19.017290781657806],[178.35838358383586,-19.045066836918352],[178.31518315183155,-19.010346767842663],[178.28638286382863,-19.003402754027533],[178.2107821078211,-19.065898878363768],[178.18918189181892,-19.091938930170542],[178.1819818198182,-19.111034968162173],[178.16038160381606,-19.121450988884874],[178.01998019980203,-19.15096304759922],[177.9587795877959,-19.121450988884874],[178.00198001980021,-19.100618947439457],[178.05238052380525,-19.060690868002425],[178.1027810278103,-19.065898878363768],[178.1567815678157,-19.027706802380507],[178.20718207182074,-18.970418688405616],[178.28278282782827,-18.956530660775343],[178.3331833318333,-18.93396261587614],[178.419584195842,-18.951322650414],[178.4879848798488,-18.973890695313187]]],[[[-178.98838988389883,-17.97742471284087],[-179.01719017190172,-17.991312740471145],[-179.03879038790387,-17.987840733563573],[-179.0639906399064,-17.972216702479514],[-179.07839078390785,-17.944440647218954],[-179.0459904599046,-17.92013659886598],[-178.99918999189993,-17.947912654126526],[-178.98838988389883,-17.97742471284087]]],[[[-178.76158761587615,-18.234353224000984],[-178.77238772387724,-18.251713258538828],[-178.82638826388265,-18.222201199824482],[-178.8479884798848,-18.201369158379066],[-178.79038790387904,-18.185745127295007],[-178.76158761587615,-18.190953137656365],[-178.76158761587615,-18.234353224000984]]],[[[-178.25038250382505,-17.953120664487884],[-178.3079830798308,-17.963536685210585],[-178.35838358383583,-17.92013659886598],[-178.3259832598326,-17.875000509067576],[-178.2791827918279,-17.887152533244077],[-178.2539825398254,-17.93055261958868],[-178.25038250382505,-17.953120664487884]]],[[[-178.9559895598956,-17.272607310604343],[-178.9811898118981,-17.307327379680032],[-179.0027900279003,-17.295175355503545],[-178.9739897398974,-17.237887241528654],[-178.97038970389704,-17.21184718972188],[-179.01359013590135,-17.182335131007548],[-179.01719017190172,-17.16150308956213],[-179.00639006390062,-17.14761506193186],[-178.95238952389525,-17.182335131007548],[-178.919989199892,-17.208375182814322],[-178.91638916389164,-17.222263210444595],[-178.92358923589236,-17.248303262251355],[-178.9559895598956,-17.272607310604343]]],[[[-178.53478534785347,-19.16658707868328],[-178.54558545585456,-19.175267095952194],[-178.57438574385745,-19.164851075229492],[-178.5959859598596,-19.15096304759922],[-178.59958599585997,-19.137075019968933],[-178.58878588785888,-19.119714985431088],[-178.56718567185672,-19.109298964708387],[-178.55638556385563,-19.11277097161596],[-178.56358563585636,-19.117978981977302],[-178.57438574385745,-19.124922995792446],[-178.57438574385745,-19.144019033784076],[-178.55638556385563,-19.154435054506777],[-178.5419854198542,-19.156171057960563],[-178.53478534785347,-19.16658707868328]]],[[[-179.79839798397984,-18.940906629691284],[-179.79839798397984,-18.970418688405616],[-179.81279812798127,-18.968682684951844],[-179.8307983079831,-18.954794657321557],[-179.8379983799838,-18.9617386711367],[-179.84519845198452,-18.970418688405616],[-179.84879848798488,-18.991250729851032],[-179.85239852398524,-19.003402754027533],[-179.86679866798667,-18.998194743666176],[-179.86679866798667,-18.979098705674545],[-179.8631986319863,-18.963474674590486],[-179.8559985599856,-18.94264263314507],[-179.8307983079831,-18.92354659515344],[-179.79839798397984,-18.940906629691284]]],[[[177.23517235172352,-17.14761506193186],[177.18117181171812,-17.163239093015918],[177.20997209972103,-17.08511893759561],[177.23877238772388,-17.05907888578885],[177.2567725677257,-17.053870875427492],[177.28917289172892,-17.048662865066134],[177.27477274772747,-17.10421497558724],[177.23517235172352,-17.14761506193186]]],[[[179.42399423994243,-17.36635149710871],[179.3879938799388,-17.394127552369255],[179.3735937359374,-17.256983279520284],[179.4059940599406,-17.256983279520284],[179.43119431194316,-17.270871307150557],[179.44559445594456,-17.305591376226246],[179.42399423994243,-17.36635149710871]]],[[[179.34839348393484,-18.102416961513356],[179.3411934119341,-18.11109697878227],[179.2547925479255,-18.03124081990819],[179.2547925479255,-17.998256754286288],[179.2727927279273,-17.970480699025728],[179.30519305193053,-17.944440647218954],[179.33759337593375,-17.98957673701736],[179.3627936279363,-18.06596088898388],[179.34839348393484,-18.102416961513356]]],[[[178.82638826388268,-17.729176218949675],[178.77598775987764,-17.74653625348752],[178.74718747187472,-17.68577613260507],[178.78678786787867,-17.625016011722607],[178.82998829988298,-17.618071997907464],[178.85158851588517,-17.680568122243713],[178.82638826388268,-17.729176218949675]]],[[[180,-16.54001385310727],[179.9855998559986,-16.541749856561054],[179.9855998559986,-16.522653818569424],[-180,-16.48966975294752],[-179.94239942399423,-16.441061656241544],[-179.89919899198992,-16.43238163897263],[-179.9279992799928,-16.479253732224805],[-179.9279992799928,-16.503557780577793],[-180,-16.54001385310727],[180,-16.54001385310727]]],[[[-180,-16.152885082913315],[-179.96759967599675,-16.126845031106555],[-179.9459994599946,-16.126845031106555],[-179.9567995679957,-16.149413076005743],[-180,-16.168509113997374],[-180,-16.152885082913315]]],[[[177.11997119971198,-12.505541826512001],[177.0839708397084,-12.515957847234716],[177.0191701917019,-12.507277829965787],[177.0047700477005,-12.491653798881728],[177.02637026370263,-12.488181791974156],[177.06597065970664,-12.477765771251455],[177.11637116371168,-12.482973781612799],[177.1271712717127,-12.493389802335514],[177.11997119971198,-12.505541826512001]]],[[[174.6287462874629,-21.694208107393564],[174.62154621546216,-21.70636013157005],[174.5927459274593,-21.70288812466248],[174.58554585545858,-21.68032007976329],[174.60354603546034,-21.66816805558679],[174.6287462874629,-21.675112069401933],[174.6287462874629,-21.694208107393564]]],[[[-178.7111871118711,-20.668230066206903],[-178.7111871118711,-20.66996606966069],[-178.71478714787148,-20.66996606966069],[-178.7219872198722,-20.666494062753117],[-178.72918729187293,-20.659550048937973],[-178.72918729187293,-20.652606035122844],[-178.72918729187293,-20.6456620213077],[-178.72558725587257,-20.6456620213077],[-178.71838718387184,-20.652606035122844],[-178.71478714787148,-20.659550048937973],[-178.7111871118711,-20.668230066206903]]]]}},{"type":"Feature","id":"036","properties":{"name":"Australia","code":"AU","label":[134.3037750116017,-25.76424248470832]},"geometry":{"type":"MultiPolygon","coordinates":[[[[143.1788317883179,-11.955228731662302],[143.1536315363154,-12.075012969973443],[143.10323103231036,-12.170493159931581],[143.09963099631,-12.226045270452687],[143.11043110431103,-12.304165425872995],[143.18963189631899,-12.361453539847886],[143.25443254432548,-12.397909612377362],[143.29043290432907,-12.498597812696872],[143.40203402034024,-12.639214092453415],[143.39843398433987,-12.736430285865353],[143.45603456034564,-12.85621452417648],[143.51363513635135,-13.094046997344961],[143.5280352803528,-13.304103415252897],[143.58563585635858,-13.442983691555654],[143.549635496355,-13.741576285606598],[143.58923589235894,-13.86309652737151],[143.64323643236435,-13.96378472769102],[143.70803708037084,-14.165161128330027],[143.75483754837552,-14.349177494431189],[143.82323823238232,-14.401257598044722],[143.960039600396,-14.463753722380957],[144.1076410764108,-14.394313584229579],[144.20844208442088,-14.302305401178998],[144.320043200432,-14.279737356279796],[144.47484474844748,-14.231129259573834],[144.58644586445865,-14.354385504792532],[144.6476464764648,-14.493265781095303],[144.91404914049144,-14.673810140288893],[145.06525065250656,-14.791858375146234],[145.18045180451804,-14.856090502936269],[145.28845288452885,-14.942890675625492],[145.27765277652776,-15.029690848314715],[145.25245252452527,-15.097394983012322],[145.27765277652776,-15.203291193693175],[145.29205292052922,-15.326547438911874],[145.27045270452703,-15.475843735937346],[145.34965349653498,-15.70152418492934],[145.37485374853748,-15.880332540669144],[145.4576545765458,-16.055668889501376],[145.45045450454506,-16.23621324869498],[145.4360543605436,-16.30565338684636],[145.42525425254252,-16.406341587165855],[145.490054900549,-16.531333835838353],[145.55125551255514,-16.625078022342706],[145.63765637656377,-16.725766222662216],[145.75645756457567,-16.880270530049046],[145.83925839258393,-16.909782588763377],[145.91125911259115,-16.91325459567095],[145.90045900459006,-17.06949490651155],[146.04806048060482,-17.380239524738982],[146.1272612726127,-17.63543203244531],[146.0732607326073,-17.97742471284087],[146.02286022860227,-18.175329106572306],[146.03366033660336,-18.272545299984245],[146.22446224462243,-18.510377773152726],[146.33246332463324,-18.55377785949733],[146.3108631086311,-18.666618083993328],[146.29646296462965,-18.84195443282556],[146.38286382863828,-18.97736270222076],[146.480064800648,-19.07805090254027],[146.5880658806588,-19.13881102342272],[146.69246692466925,-19.187419120128695],[146.8292682926829,-19.236027216834657],[147.00207002070022,-19.256859258280073],[147.0920709207092,-19.333243410246595],[147.13887138871388,-19.394003531129044],[147.27927279272797,-19.41483557257446],[147.34047340473404,-19.402683548397974],[147.419674196742,-19.378379500044986],[147.47007470074703,-19.42004358293582],[147.50967509675098,-19.473859690003138],[147.5852758527585,-19.62315598702861],[147.74367743677436,-19.770716280600297],[147.85167851678517,-19.795020328953285],[147.91647916479167,-19.869668477466007],[148.0028800288003,-19.888764515457638],[148.08208082080824,-19.899180536180353],[148.190081900819,-19.956468650155244],[148.36648366483666,-20.086668909189086],[148.52848528485288,-20.109236954088274],[148.60048600486004,-20.14569302661775],[148.7588875888759,-20.28978131328188],[148.82008820088203,-20.366165465248386],[148.88488884888852,-20.48074169319817],[148.80568805688057,-20.491157713920884],[148.73008730087304,-20.468589669021682],[148.68328683286836,-20.579693890063893],[148.7876878768788,-20.735934200904495],[148.91368913689138,-20.84530241849292],[149.06129061290613,-20.96161464989649],[149.20529205292053,-21.124798974552235],[149.24129241292417,-21.24979122322472],[149.28089280892812,-21.300135323384467],[149.3276932769328,-21.475471672216713],[149.45369453694536,-21.577895875989995],[149.4608946089461,-21.76538424899873],[149.5256952569526,-22.024048763612626],[149.59409594095945,-22.258409229873536],[149.6444964449645,-22.327849368024914],[149.70569705697056,-22.44068959252091],[149.77049770497706,-22.42680156489064],[149.8208982089821,-22.390345492361163],[149.92169921699218,-22.501449713403375],[149.97569975699759,-22.550057810109337],[150.00450004500044,-22.52228175484879],[149.94329943299437,-22.308753330033284],[149.9828998289983,-22.1837610813608],[150.0189001890019,-22.16813705027674],[150.07650076500767,-22.16466504336917],[150.14130141301416,-22.26535324368868],[150.2349023490235,-22.37298545782332],[150.4041040410404,-22.46846564778147],[150.54090540905412,-22.558737827378266],[150.58050580505807,-22.555265820470694],[150.5661056610566,-22.485825682319316],[150.56970569705697,-22.38340147854602],[150.62370623706238,-22.36777744746196],[150.67410674106742,-22.41812154762171],[150.7641076410764,-22.57609786191611],[150.78210782107823,-22.9024665112276],[150.78210782107823,-23.176755056925558],[150.84330843308436,-23.457987616438658],[150.92970929709298,-23.532635764951394],[150.98730987309875,-23.602075903102772],[151.08811088110883,-23.69582008960714],[151.15291152911533,-23.784356265750148],[151.2357123571236,-23.824284345187195],[151.50211502115025,-24.011772718195914],[151.5741157411574,-24.034340763095116],[151.68931689316895,-24.037812770002688],[151.83331833318334,-24.122876939238125],[151.9017190171902,-24.200997094658433],[152.0565205652057,-24.49438167834802],[152.12852128521286,-24.596805882121316],[152.28332283322834,-24.699230085894598],[152.3517235172352,-24.7322141515165],[152.45612456124564,-24.80165428966788],[152.49212492124923,-24.904078493441176],[152.50292502925032,-24.963102610869853],[152.5641256412564,-25.07247082845828],[152.65412654126544,-25.20267108749212],[152.7909279092791,-25.273847229097285],[152.91332913329137,-25.431823543391673],[152.92052920529204,-25.688752054551784],[152.98532985329854,-25.815480306678054],[153.02853028530285,-25.87103241719916],[153.12573125731257,-25.923112520812694],[153.16533165331657,-25.964776603703527],[153.08253082530825,-26.30329727719151],[153.1617316173162,-26.982074627621266],[153.11853118531184,-27.19386704898298],[153.1977319773198,-27.40392346689091],[153.3849338493385,-27.76848419218566],[153.4281342813428,-27.896948447765716],[153.45333453334536,-28.047980748244974],[153.57573575735756,-28.240677131615058],[153.5685356853569,-28.534061715304645],[153.61533615336157,-28.672941991607402],[153.60453604536048,-28.855222354254785],[153.46053460534608,-29.049654741078648],[153.3489334893349,-29.2909592211547],[153.34533345333455,-29.49580762870128],[153.27333273332732,-29.891616416164155],[153.22293222932228,-29.999248630298794],[153.1869318693187,-30.164168958408325],[153.0321303213032,-30.563449752778766],[153.02493024930249,-30.719690063619375],[153.04653046530467,-30.907178436628108],[153.02133021330212,-31.085986792367912],[152.98172981729817,-31.209243037586617],[152.9457294572946,-31.434923486578604],[152.78732787327874,-31.785596184243083],[152.5605256052561,-32.04599670231076],[152.54612546125463,-32.2439010960422],[152.51732517325172,-32.330701268731424],[152.47052470524704,-32.43833348286607],[152.33012330123302,-32.558117721177204],[152.24732247322476,-32.60846182133695],[152.21492214922148,-32.67790195948834],[152.13572135721358,-32.67790195948834],[152.13572135721358,-32.70047000438753],[152.189721897219,-32.72130204583295],[152.16452164521644,-32.757758118362425],[151.9557195571956,-32.82025424269867],[151.81171811718116,-32.90184640502654],[151.66771667716677,-33.098014795304195],[151.6065160651607,-33.20217500253126],[151.5309153091531,-33.30112719939699],[151.48411484114843,-33.34799929264916],[151.46251462514624,-33.39660738935513],[151.43371433714339,-33.52159963802762],[151.3581135811358,-33.54416768292682],[151.29331293312936,-33.580623755456294],[151.3221132211322,-33.69867199031364],[151.289712897129,-33.834080259708834],[151.2789127891279,-33.926088442759415],[151.24291242912432,-33.98511256018809],[151.20331203312037,-33.964280518742676],[151.16731167311673,-33.9729605360116],[151.12411124111242,-34.00594460163351],[151.19251192511928,-34.01462461890243],[151.23211232112322,-34.03024864998649],[151.0917109171092,-34.16218491247412],[150.9621096210962,-34.29759318186931],[150.92610926109262,-34.38612935801232],[150.87210872108722,-34.498969582508316],[150.82170821708218,-34.74895407985329],[150.78210782107823,-34.893042366517406],[150.81090810908108,-34.99373056683691],[150.80370803708036,-35.01282660482854],[150.7749077490775,-35.019770618643676],[150.75690756907568,-35.00761859446718],[150.6957069570696,-35.04233866354288],[150.68130681306815,-35.07705873261857],[150.70650706507064,-35.12045881896318],[150.7209072090721,-35.13434684659346],[150.71370713707137,-35.15517888803887],[150.69210692106924,-35.17774693293807],[150.63450634506347,-35.17774693293807],[150.5661056610566,-35.214203005467546],[150.37530375303754,-35.58397174112365],[150.29250292502928,-35.68292393798937],[150.19530195301957,-35.83395623846862],[150.15930159301593,-35.9711005113176],[150.13050130501307,-36.120396808343074],[150.0945009450095,-36.372117309141835],[150.0621006210062,-36.55092566488164],[149.98649986499868,-36.72279000680631],[149.96129961299613,-36.84604625202501],[149.95049950499504,-37.08040671828592],[149.98649986499868,-37.25921507402573],[149.96129961299613,-37.3529592605301],[149.96129961299613,-37.443231440126894],[149.93249932499327,-37.52829560936233],[149.810098100981,-37.54739164735396],[149.70929709297093,-37.61683178550535],[149.56529565295654,-37.72967201000134],[149.48249482494828,-37.77133609289217],[149.29889298892988,-37.80258415506029],[148.94248942489423,-37.788696127430015],[148.26208262082622,-37.83036021032084],[148.12888128881292,-37.856400262127615],[147.87687876878772,-37.934520417547915],[147.63207632076325,-38.056040659312835],[147.39447394473945,-38.21922498396858],[146.85806858068582,-38.663641868137425],[146.43686436864368,-38.71224996484339],[146.3576635766358,-38.71224996484339],[146.2928629286293,-38.7000979406669],[146.21726217262176,-38.72787399592745],[146.21726217262176,-38.78342610644855],[146.28566285662856,-38.84071422042344],[146.3360633606336,-38.89453032749076],[146.4260642606426,-38.81988217897803],[146.4656646566466,-38.84071422042344],[146.480064800648,-38.97785849327242],[146.48366483664836,-39.06465866596165],[146.4548645486455,-39.111530759213835],[146.4008640086401,-39.146250828289524],[146.33966339663397,-39.12368278339032],[146.33246332463324,-39.07681069013814],[146.25326253262534,-38.96397046564215],[146.159661596616,-38.86501826877643],[146.069660696607,-38.83377020660831],[146.01926019260196,-38.86675427223021],[145.93645936459365,-38.90147434130591],[145.86445864458648,-38.776482092633415],[145.79245792457925,-38.66711387504499],[145.69165691656917,-38.654961850868496],[145.60525605256055,-38.65669785432228],[145.5368553685537,-38.6098257610701],[145.39645396453966,-38.53517761255737],[145.42525425254252,-38.47788949858248],[145.46125461254616,-38.417129377700014],[145.54045540455405,-38.39456133280082],[145.51885518855192,-38.31123316701916],[145.47565475654756,-38.24352903232156],[145.3676536765368,-38.22616899778372],[145.29205292052922,-38.23832102196021],[145.2488524885249,-38.290401125573744],[145.19125191251914,-38.38414531207811],[144.96084960849612,-38.50045754348167],[144.84564845648458,-38.436225415691645],[144.7160471604716,-38.3407452257335],[144.7808478084781,-38.347689239548636],[144.91044910449108,-38.344217232641064],[145.01845018450183,-38.25915306340563],[145.06525065250656,-38.20533695633831],[145.1192511925119,-38.090760728388524],[145.0508505085051,-38.01090456951444],[144.9860498604986,-37.95188045208576],[144.89244892448926,-37.899800348472226],[144.53964539645398,-38.07687270075825],[144.4640446404464,-38.10291275256502],[144.39564395643959,-38.13763282164071],[144.5180451804518,-38.167144880355046],[144.59004590045902,-38.158464863086124],[144.66564665646655,-38.21054496669966],[144.54324543245434,-38.28345711175861],[144.449644496445,-38.304289153204024],[144.32724327243272,-38.347689239548636],[144.10044100441007,-38.46226546749841],[143.81243812438123,-38.698361937213114],[143.68643686436866,-38.76606607191071],[143.5388353883539,-38.82161818243181],[143.33723337233374,-38.757386054641785],[143.22563225632257,-38.74349802701151],[143.08163081630818,-38.64628183359957],[142.84042840428407,-38.58031370235577],[142.61362613626136,-38.45184944677571],[142.4552245522455,-38.3858813155319],[142.3436234362344,-38.37199328790162],[142.1888218882189,-38.39976934316217],[141.92601926019262,-38.28345711175861],[141.72441724417246,-38.271305087582114],[141.59481594815952,-38.38761731898568],[141.49041490414908,-38.37893730171676],[141.42561425614258,-38.363313270632695],[141.21321213212133,-38.1723528907164],[141.01161011610117,-38.07687270075825],[140.62640626406267,-38.02826460405228],[140.38880388803886,-37.896328341564654],[140.21240212402125,-37.642871837312114],[139.87399873998743,-37.35122325707631],[139.78399783997838,-37.24532704639545],[139.74079740797407,-37.141166839168385],[139.7371973719737,-37.05957467684051],[139.78399783997838,-36.9033343659999],[139.84519845198452,-36.74883005861307],[139.8559985599856,-36.66202988592385],[139.72999729997304,-36.372117309141835],[139.549995499955,-36.09609275999009],[139.46719467194674,-36.01102859075465],[139.2439924399244,-35.82701222465349],[139.03879038790387,-35.68986795180451],[138.98478984789847,-35.61695580674556],[138.97038970389707,-35.58049973421608],[139.06759067590679,-35.59785976875393],[139.1107911079111,-35.54230765823282],[139.17919179191796,-35.52321162024119],[139.229592295923,-35.59785976875393],[139.29079290792907,-35.6117477963842],[139.29079290792907,-35.48675554771172],[139.32679326793271,-35.42599542682926],[139.30159301593017,-35.39995537502249],[139.28359283592835,-35.375651326669505],[139.19359193591936,-35.34787527140895],[139.09279092790928,-35.389539354299785],[139.01719017190175,-35.443355461367105],[138.91638916389167,-35.4884915511655],[138.87678876788772,-35.53709964787147],[138.77238772387727,-35.53883565132525],[138.7291872918729,-35.550987675501744],[138.52038520385207,-35.642995858552325],[138.39078390783908,-35.64473186200611],[138.18558185581855,-35.61348379983799],[138.25038250382505,-35.48675554771172],[138.3331833318333,-35.41210739919898],[138.40158401584017,-35.32530722650976],[138.50958509585098,-35.02497862900503],[138.49158491584916,-34.762842107483564],[138.43758437584376,-34.65694589680271],[138.2647826478265,-34.43994546507964],[138.18558185581855,-34.30800920259202],[138.08838088380884,-34.169128926289254],[138.04158041580416,-34.24898508516334],[138.0127801278013,-34.334049254398785],[137.91917919179195,-34.455569496163704],[137.87237872378722,-34.728122038407875],[137.69237692376925,-35.14302686386238],[137.56637566375667,-35.14823487422373],[137.45837458374587,-35.13087483968589],[137.2711727117271,-35.17948293639186],[137.14517145171453,-35.23677105036674],[137.029970299703,-35.23677105036674],[136.96516965169656,-35.254131084904586],[136.88236882368824,-35.24024305727431],[137.0155701557016,-34.9156104114166],[137.1271712717127,-34.924290428685524],[137.25317253172534,-34.91213840450904],[137.30717307173074,-34.91734641487039],[137.389973899739,-34.91387440796282],[137.4547745477455,-34.76457811093735],[137.49437494374945,-34.59792177937403],[137.4691746917469,-34.490289565239394],[137.45837458374587,-34.37918534419718],[137.48357483574836,-34.25245709207091],[137.49437494374945,-34.16044890902033],[137.64917649176493,-33.85838430806182],[137.78237782377823,-33.703880000675],[137.93357933579335,-33.57888775200251],[137.9155791557916,-33.46083951714516],[137.86517865178655,-33.313279223573474],[137.8507785077851,-33.200438999077484],[137.92277922779226,-33.16571893000179],[137.99117991179912,-33.09454278839662],[137.91197911979123,-32.76991014253891],[137.8615786157862,-32.674429952580766],[137.78237782377823,-32.578949762622614],[137.78237782377823,-32.70220600784132],[137.78957789577896,-32.82372624960624],[137.68157681576815,-32.97823055699306],[137.53757537575376,-33.08933477803527],[137.4439744397444,-33.19349498526234],[137.35397353973542,-33.42959145497704],[137.23877238772388,-33.62923185216226],[137.13077130771308,-33.703880000675],[137.03357033570336,-33.71950403175906],[136.93636936369364,-33.750752093927176],[136.78516785167852,-33.828872249347484],[136.6339663396634,-33.89657638404508],[136.5259652596526,-33.98337655673431],[136.43236432364324,-34.03024864998649],[136.12276122761227,-34.42952944435693],[135.97875978759788,-34.56146570684456],[135.94995949959502,-34.61528181391188],[135.89235892358926,-34.660417903710275],[135.90315903159035,-34.7246500315003],[135.94995949959502,-34.766314114391136],[135.9967599675997,-34.943386466677154],[135.9679596795968,-34.981578542660415],[135.91755917559175,-34.962482504668785],[135.79155791557918,-34.86353030780307],[135.71235712357122,-34.89998638033254],[135.64755647556478,-34.93991445976959],[135.4819548195482,-34.757634097122214],[135.40995409954098,-34.71597001423138],[135.32355323553236,-34.64305786917243],[135.229952299523,-34.58056174483619],[135.19035190351906,-34.571881727567266],[135.1219512195122,-34.58576975519754],[135.12915129151293,-34.53716165849158],[135.1759517595176,-34.49723357905453],[135.21555215552155,-34.48681755833182],[135.29115291152914,-34.5458416757605],[135.37755377553776,-34.59792177937403],[135.4279542795428,-34.601393786281605],[135.449554495545,-34.58056174483619],[135.36675366753667,-34.37571333728961],[135.31275312753127,-34.19516897809602],[135.28755287552877,-34.14308887448249],[135.2191521915219,-33.959072508381325],[135.1867518675187,-33.906992404767784],[135.0427504275043,-33.77852814918773],[134.88794887948882,-33.62575984525469],[134.84834848348487,-33.4452154860611],[134.7907479074791,-33.32890325465754],[134.71874718747188,-33.25599110959858],[134.6071460714607,-33.190022978354776],[134.3011430114301,-33.16571893000179],[134.17514175141753,-32.97996656044685],[134.09954099540994,-32.7490781010935],[134.1571415714157,-32.73345407000944],[134.22554225542257,-32.72998206310187],[134.25074250742506,-32.65880592149671],[134.2327423274233,-32.547701700454496],[133.93033930339305,-32.412293431059304],[133.78633786337866,-32.26820514439518],[133.6639366393664,-32.207445023512726],[133.55233552335523,-32.183140975159745],[133.4011340113401,-32.188348985521095],[133.21033210332104,-32.183140975159745],[132.75672756727568,-31.955724522713965],[132.64872648726487,-31.948780508898828],[132.3247232472325,-32.01995665050399],[132.21312213122133,-32.007804626327506],[131.71991719917202,-31.697060008100074],[131.39231392313923,-31.5477637110746],[131.28431284312842,-31.521723659267835],[131.1439114391144,-31.495683607461068],[131.02871028710285,-31.532139679990543],[130.94950949509496,-31.565123745612446],[130.78390783907838,-31.603315821595707],[130.12870128701286,-31.57901177324272],[129.56709567095675,-31.62761986994869],[129.18909189091892,-31.6606039355706],[128.9478894788948,-31.702268018461425],[128.5446854468545,-31.888020388016372],[128.06588065880658,-32.066828743756176],[127.67707677076771,-32.15189291299162],[127.32067320673207,-32.26473313748762],[127.08307083070832,-32.29771720310952],[126.78066780667808,-32.311605230739794],[126.13626136261365,-32.256053120218695],[125.91665916659167,-32.29771720310952],[125.56745567455675,-32.50603761756366],[125.46305463054631,-32.55638171772342],[125.26505265052651,-32.61366983169831],[124.75744757447575,-32.88275036703491],[124.52344523445237,-32.9400384810098],[124.37224372243725,-32.95913451900143],[124.24264242642425,-33.01468662952254],[124.12744127441277,-33.12926285747231],[123.96543965439656,-33.44695148951489],[123.86823868238685,-33.59624778654035],[123.64863648636486,-33.83581626316262],[123.50823508235084,-33.915672422036714],[123.36423364233644,-33.905256401314006],[123.2058320583206,-33.988584567095664],[123.06903069030693,-33.90004839095265],[122.95742957429576,-33.88442435986859],[122.77742777427773,-33.891368373683726],[122.15102151021512,-33.99205657400323],[122.06102061020613,-33.87400833914588],[121.94581945819459,-33.856648304608036],[121.72981729817297,-33.86185631496939],[121.4058140581406,-33.8271362458937],[120.81540815408152,-33.87053633223831],[120.5310053100531,-33.91914442894428],[120.41940419404193,-33.96254451528889],[120.2106021060211,-33.93476846002834],[119.85419854198545,-33.974696539465384],[119.72819728197283,-34.0406646707092],[119.63459634596347,-34.101424791591654],[119.45099450994513,-34.368769323474474],[119.24939249392497,-34.45730549961748],[119.08019080190803,-34.45904150307127],[118.89658896588969,-34.479873544516686],[118.51858518585186,-34.7368020556768],[118.13698136981372,-34.98678655302177],[118.00738007380073,-35.01282660482854],[117.86337863378634,-35.054490687719365],[117.67617676176764,-35.07532272916478],[117.58257582575828,-35.097890774063984],[117.14337143371432,-35.033658646273956],[116.86616866168663,-35.02671463245881],[116.51696516965171,-34.98852255647555],[116.21816218162184,-34.86526631125685],[115.98775987759876,-34.79582617310547],[115.72495724957253,-34.52674563776887],[115.56655566555668,-34.426057437449366],[115.27855278552789,-34.304537195684446],[115.19575195751958,-34.30800920259202],[115.12735127351277,-34.34099326821392],[115.00855008550087,-34.25592909897848],[115.00495004950051,-34.14482487793627],[114.97254972549729,-34.051080691431906],[114.97614976149765,-33.8045682009945],[114.99414994149942,-33.51465562421248],[115.09855098550986,-33.580623755456294],[115.18135181351812,-33.643119879792536],[115.35775357753579,-33.63964787288497],[115.51615516155164,-33.532015658750325],[115.60615606156063,-33.37230334100215],[115.68175681756821,-33.19349498526234],[115.67095670956712,-33.00253460534604],[115.61695616956172,-32.66748593876563],[115.6529565295653,-32.59630979716046],[115.7069570695707,-32.568533741899905],[115.72495724957253,-32.401877410336596],[115.73935739357393,-31.888020388016372],[115.69975699756998,-31.695324004646288],[115.4549545495455,-31.302987224090984],[115.29295292952929,-30.960994543695428],[115.17775177751781,-30.80822623976239],[115.07695076950773,-30.5599777458712],[114.99414994149942,-30.21624906202186],[114.96894968949692,-30.042648716643406],[114.94374943749438,-29.721488077693266],[114.97254972549729,-29.53920771504589],[114.95814958149583,-29.433311504365037],[114.85734857348575,-29.143398927583014],[114.62694626946268,-28.87258238879263],[114.5909459094591,-28.771894188473127],[114.5909459094591,-28.665997977792266],[114.53694536945369,-28.542741732573568],[114.35334353343535,-28.294493238682378],[114.16614166141665,-28.080964813866878],[114.13374133741337,-27.976804606639803],[114.09774097740979,-27.54453974664746],[114.02934029340292,-27.346635352916017],[113.70893708937092,-26.84840236167986],[113.33453334533345,-26.417873505141287],[113.23013230132301,-26.24080115285527],[113.18333183331833,-26.18177703542659],[113.21213212132125,-26.174833021611455],[113.2517325173252,-26.197401066510658],[113.29853298532987,-26.24080115285527],[113.32373323733236,-26.244273159762834],[113.34533345333455,-26.20781708723336],[113.34173341733418,-26.126224924905486],[113.35613356133564,-26.08108883510709],[113.38853388533886,-26.105392883460077],[113.4281342813428,-26.197401066510658],[113.54693546935471,-26.436969543132918],[113.58293582935829,-26.558489784897837],[113.73413734137341,-26.594945857427312],[113.78093780937809,-26.563697795259195],[113.83493834938349,-26.501201670922946],[113.85293852938531,-26.33280933590585],[113.77733777337772,-26.256425183939328],[113.70533705337056,-26.223441118317425],[113.59013590135902,-26.098448869644933],[113.51453514535149,-25.89880847245972],[113.39573395733959,-25.713056102904773],[113.39573395733959,-25.64708797166095],[113.44973449734499,-25.59847987495499],[113.53973539735398,-25.624519926761764],[113.62253622536224,-25.732152140896403],[113.71253712537128,-25.831104337762113],[113.69813698136983,-26.004704683140574],[113.68373683736837,-26.05157677639275],[113.6909369093691,-26.091504855829797],[113.72333723337232,-26.129696931813058],[113.76653766537669,-26.159208990527397],[113.81333813338136,-26.115808904182778],[113.85293852938531,-26.015120703863275],[113.8781387813878,-26.02727272803977],[113.9429394293943,-26.258161187393114],[113.99333993339934,-26.320657311729356],[114.09054090540906,-26.393569456788306],[114.17694176941768,-26.3380173462672],[114.21654216542169,-26.28940924956124],[114.20214202142023,-26.126224924905486],[114.22734227342272,-25.9682486106111],[114.21294212942132,-25.85193637920753],[113.99333993339934,-25.54466376788767],[113.79173791737918,-25.166215014962646],[113.66933669336697,-24.976990638500126],[113.56853568535689,-24.692286072079455],[113.5037350373504,-24.59506987866753],[113.41733417334177,-24.435357560919343],[113.41373413734141,-24.254813201725753],[113.42093420934208,-24.131556956507055],[113.48933489334894,-23.869420434985585],[113.55413554135544,-23.732276162136614],[113.7557375573756,-23.41805953700161],[113.76653766537669,-23.28265126760641],[113.76653766537669,-23.18022706383313],[113.79533795337954,-23.023986752992514],[113.79533795337954,-22.914618535404088],[113.76653766537669,-22.812194331630806],[113.68373683736837,-22.638593986252346],[113.79533795337954,-22.331321374932486],[113.95733957339576,-21.93898459437719],[114.0221402214022,-21.881696480402297],[114.12294122941228,-21.827880373334978],[114.1409414094141,-21.909472535662843],[114.09414094140942,-22.182025077907014],[114.16254162541628,-22.32264135766357],[114.1409414094141,-22.482353675411744],[114.2057420574206,-22.45631362360497],[114.30294302943031,-22.425065561436853],[114.37854378543784,-22.3417373956552],[114.41814418144185,-22.261881236781107],[114.60174601746019,-21.942456601284746],[114.709747097471,-21.82267236297362],[114.85734857348575,-21.735872190284397],[115.16335163351636,-21.62997597960353],[115.4549545495455,-21.491095703300772],[115.59535595355953,-21.35742343735936],[115.7717577175772,-21.24284720940959],[115.89415894158941,-21.116118957283305],[116.00936009360095,-21.031054788047868],[116.6069660696607,-20.713366156005293],[116.70776707767078,-20.65434203857663],[116.83736837368377,-20.647398024761486],[116.99576995769957,-20.657814045484187],[117.13977139771401,-20.640454010946343],[117.29457294572944,-20.713366156005293],[117.40617406174061,-20.722046173274222],[117.68337683376836,-20.64219001440013],[117.83097830978312,-20.57274987624875],[118.08658086580868,-20.418245568861934],[118.1981819818198,-20.374845482517316],[118.45738457384573,-20.326237385811353],[118.75258752587524,-20.26200525802132],[119.10539105391052,-19.994660726138505],[119.35739357393572,-20.01202076067635],[119.58419584195843,-20.03806081248311],[119.76779767797677,-19.95820465360903],[120.19620196201964,-19.909596556903054],[120.43380433804339,-19.84189242220546],[120.88020880208802,-19.664820069919443],[120.99900999009992,-19.60405994903698],[121.1790117901179,-19.47733169691071],[121.33741337413375,-19.31935538261631],[121.49221492214923,-19.105826957800815],[121.58941589415895,-18.914866577884524],[121.6290162901629,-18.8159143810188],[121.72261722617225,-18.659674070178184],[121.78381783817838,-18.536417824959486],[121.83421834218342,-18.47739370753081],[122.00702007020072,-18.394065541749157],[122.26262262622629,-18.159705075488247],[122.34542345423455,-18.11109697878227],[122.359823598236,-18.036448830269535],[122.3058230582306,-17.994784747378716],[122.23742237422374,-17.968744695571942],[122.19062190621906,-17.72049620168076],[122.14742147421475,-17.548631859756085],[122.14382143821439,-17.42884762144496],[122.16182161821621,-17.314271393495176],[122.26262262622629,-17.135463037755372],[122.33102331023309,-17.05907888578885],[122.43182431824317,-16.97054270964584],[122.52182521825222,-16.94276665438528],[122.59742597425975,-16.864646498964973],[122.71982719827201,-16.788262346998465],[122.77382773827742,-16.710142191578157],[122.84942849428495,-16.552165877283755],[122.91782917829181,-16.43238163897263],[122.97182971829722,-16.437589649333987],[123.0726307263073,-16.7153502019395],[123.1410314103141,-16.862910495511187],[123.26703267032673,-17.036510840889648],[123.38223382233821,-17.29343935204976],[123.47943479434798,-17.40975158345333],[123.52623526235266,-17.486135735419836],[123.56223562235624,-17.52085580449554],[123.57303573035733,-17.472247707789563],[123.56223562235624,-17.41495959381467],[123.60903609036092,-17.22052720699081],[123.58743587435873,-17.083382934141824],[123.59463594635946,-17.029566827074504],[123.61623616236164,-17.008734785629088],[123.66303663036632,-17.022622813259375],[123.75303753037531,-17.099006965225897],[123.79983799837999,-17.126783020486442],[123.83223832238326,-17.121575010125085],[123.8286382863829,-16.9965827614526],[123.87543875438757,-16.918462606032293],[123.85743857438575,-16.864646498964973],[123.77823778237786,-16.868118505872545],[123.74583745837458,-16.800414371174952],[123.68103681036814,-16.72403021920843],[123.60543605436055,-16.668478108687324],[123.51903519035193,-16.54001385310727],[123.49023490234902,-16.491405756401306],[123.52623526235266,-16.467101708048318],[123.58023580235806,-16.47057371495589],[123.62703627036274,-16.41675760788857],[123.6450364503645,-16.34384546282962],[123.60543605436055,-16.22406122451848],[123.64863648636486,-16.180661138173875],[123.72783727837282,-16.19281316235036],[123.85743857438575,-16.38203753881288],[123.91503915039152,-16.36294150082125],[123.9618396183962,-16.28655734885473],[124.04464044640446,-16.265725307409312],[124.13104131041314,-16.279613335039585],[124.18504185041854,-16.333429442106905],[124.30024300243002,-16.38898155262801],[124.45144451444514,-16.38203753881288],[124.5306453064531,-16.395925566443154],[124.69264692646925,-16.38550954572044],[124.7718477184772,-16.402869580258297],[124.75744757447575,-16.37335752154395],[124.66744667446676,-16.338637452468262],[124.57024570245704,-16.33169343865312],[124.4550445504455,-16.33516544556069],[124.40464404644047,-16.298709373031215],[124.3866438664387,-16.203229183073063],[124.41544415444156,-16.133789044921684],[124.43344433444338,-16.104276986207353],[124.50904509045091,-16.11642901038384],[124.57744577445777,-16.112957003476268],[124.5846458464585,-16.020948820425687],[124.60984609846099,-15.937620654644036],[124.64944649446494,-15.869916519946443],[124.64944649446494,-15.805684392156408],[124.60624606246063,-15.823044426694253],[124.50544505445055,-15.972340723719725],[124.4550445504455,-15.850820481954813],[124.38304383043834,-15.758812298904232],[124.39744397443974,-15.625140032962818],[124.44064440644405,-15.49320377047519],[124.50544505445055,-15.475843735937346],[124.56304563045632,-15.496675777382762],[124.64584645846458,-15.418555621962454],[124.69264692646925,-15.359531504533777],[124.68184681846822,-15.310923407827815],[124.69264692646925,-15.27446733529834],[124.75024750247502,-15.284883356021055],[124.97344973449736,-15.404667594332182],[125.01665016650168,-15.46716371866843],[125.06345063450635,-15.442859670315443],[125.07785077850781,-15.37515553561785],[125.07425074250745,-15.307451400920243],[125.0238502385024,-15.316131418189173],[124.90864908649087,-15.310923407827815],[124.88344883448838,-15.272731331844554],[124.89424894248941,-15.23974726622265],[124.84024840248401,-15.159891107348557],[124.9158491584916,-15.109547007188809],[124.97704977049773,-15.106075000281237],[125.0238502385024,-15.071354931205548],[125.0238502385024,-15.024482837953371],[125.03825038250386,-15.003650796507955],[125.07425074250745,-15.033162855222287],[125.18945189451898,-15.045314879398788],[125.3010530105301,-15.106075000281237],[125.3550535505355,-15.119963027911524],[125.37665376653769,-15.086978962289606],[125.38385383853841,-15.015802820684442],[125.24345243452433,-14.944626679079278],[125.23985239852402,-14.8751865409279],[125.17865178651789,-14.79359437860002],[125.17865178651789,-14.715474223179726],[125.26505265052651,-14.647770088482119],[125.28305283052833,-14.583537960692098],[125.33705337053374,-14.557497908885324],[125.43425434254345,-14.557497908885324],[125.50265502655026,-14.501945798364218],[125.57825578255785,-14.482849760372588],[125.59985599855997,-14.361329518607675],[125.59625596255961,-14.27800135282601],[125.62865628656289,-14.257169311380608],[125.70425704257042,-14.291889380456297],[125.68265682656829,-14.387369570414435],[125.68265682656829,-14.479377753465016],[125.6610566105661,-14.529721853624778],[125.68985689856902,-14.526249846717207],[125.70785707857078,-14.50541780527179],[125.74025740257406,-14.444657684389327],[125.81945819458196,-14.468961732742315],[125.84105841058414,-14.53319386053235],[125.85185851858517,-14.597425988322371],[125.89145891458918,-14.618258029767787],[125.94545945459458,-14.521041836355849],[126.02106021060212,-14.495001784549089],[126.01746017460175,-14.371745539330377],[126.04626046260466,-14.283209363187368],[126.05346053460534,-14.21724123194356],[126.10026100261001,-14.184257166321657],[126.1110611106111,-14.114817028170265],[126.07506075060752,-14.066208931464303],[126.05346053460534,-13.977672755321294],[126.11826118261183,-13.958576717329663],[126.18306183061833,-14.001976803674282],[126.229862298623,-14.113081024716479],[126.25866258662586,-14.163425124876241],[126.29826298262986,-14.135649069615681],[126.32346323463236,-14.06273692455673],[126.40266402664025,-14.019336838212126],[126.4818648186482,-14.07836095564079],[126.56826568265683,-14.161689121422455],[126.679866798668,-14.088776976363505],[126.78066780667808,-13.955104710422091],[126.76266762667626,-13.873512548094226],[126.77706777067772,-13.788448378858774],[126.90306903069029,-13.743312289060384],[127.00747007470073,-13.776296354682287],[127.09747097470978,-13.866568534279082],[127.29187291872921,-13.934272668976675],[127.45747457474573,-14.031488862388613],[127.52947529475296,-14.093984986724848],[127.67347673476735,-14.194673187044359],[127.76347763477634,-14.298833394271426],[127.8858788587886,-14.484585763826374],[128.1810818108181,-14.712002216272154],[128.19908199081993,-14.751930295709201],[128.159481594816,-14.826578444221937],[128.12348123481235,-14.923794637633861],[128.08028080280803,-15.088714965743392],[128.06948069480694,-15.330019445819445],[128.11268112681125,-15.3126594112816],[128.15588155881562,-15.225859238592378],[128.2026820268203,-15.243219273130222],[128.25308253082534,-15.298771383651328],[128.26028260282607,-15.244955276584008],[128.2278822788228,-15.213707214415876],[128.17388173881739,-15.102602993373665],[128.17388173881739,-15.043578875945002],[128.2170821708217,-14.994970779239026],[128.28548285482856,-14.93941866871792],[128.35748357483578,-14.901226592734659],[128.40428404284046,-14.869978530566542],[128.4114841148412,-14.828314447675709],[128.47628476284763,-14.788386368238676],[128.5770857708577,-14.774498340608389],[128.63468634686348,-14.781442354423532],[129.05949059490598,-14.883866558196814],[129.16389163891643,-14.988026765423896],[129.17469174691746,-15.114755017550166],[129.21429214292147,-15.159891107348557],[129.23949239492396,-15.080034948474477],[129.23229232292323,-14.906434603096017],[129.2682926829268,-14.871714534020327],[129.37989379893799,-14.897754585827101],[129.45909459094594,-14.93247465490279],[129.56709567095675,-15.047050882852574],[129.58869588695887,-15.102602993373665],[129.63549635496355,-15.13905906590314],[129.649896498965,-15.086978962289606],[129.62829628296282,-15.01233081377687],[129.61389613896142,-14.925530641087647],[129.63549635496355,-14.850882492574911],[129.76509765097654,-14.845674482213553],[129.8478984789848,-14.828314447675709],[129.80829808298085,-14.800538392415163],[129.75429754297545,-14.790122371692462],[129.66429664296646,-14.72068223354107],[129.60309603096033,-14.647770088482119],[129.70029700297005,-14.574857943423169],[129.69669696696968,-14.557497908885324],[129.6066960669607,-14.55923391233911],[129.48429484294843,-14.489793774187731],[129.37989379893799,-14.392577580775793],[129.45909459094594,-14.213769225035989],[129.6210962109621,-14.038432876203757],[129.71109711097114,-13.97940875877508],[129.71829718297187,-13.920384641346402],[129.76149761497618,-13.812752427211763],[129.79029790297903,-13.720744244161182],[129.79749797497976,-13.647832099102231],[129.8370983709837,-13.573183950589495],[129.9378993789938,-13.502007808984331],[130.07110071100715,-13.475967757177557],[130.1359013590136,-13.448191701917011],[130.20070200702008,-13.38222357067319],[130.25830258302585,-13.30236741179911],[130.1359013590136,-13.146127100958495],[130.14670146701468,-13.059326928269272],[130.16830168301686,-12.95690272449599],[130.31950319503198,-12.882254575983254],[130.39870398703988,-12.687822189159377],[130.45270452704528,-12.658310130445045],[130.57150571505719,-12.663518140806403],[130.61830618306186,-12.646158106268544],[130.61110611106113,-12.491653798881728],[130.62190621906223,-12.430893677999265],[130.67230672306727,-12.406589629646291],[130.7371073710737,-12.427421671091693],[130.7767077670777,-12.4951258057893],[130.8667086670867,-12.557621930125535],[130.89910899108992,-12.522901861049846],[130.88470884708846,-12.455197726352253],[130.87390873908743,-12.366661550209244],[130.9567095670957,-12.347565512217614],[131.02511025110255,-12.342357501856256],[131.02871028710285,-12.271181360251092],[131.01791017910182,-12.2138932462762],[131.04671046710467,-12.189589197923212],[131.21951219512198,-12.177437173746725],[131.26631266312666,-12.118413056318047],[131.29151291512915,-12.0680689561583],[131.31311313113133,-12.095845011418845],[131.3419134191342,-12.210421239368628],[131.4391143911439,-12.27638937061245],[131.72711727117274,-12.278125374066235],[131.8891188911889,-12.231253280814045],[131.95751957519576,-12.259029336074605],[132.06552065520657,-12.281597380973793],[132.1807218072181,-12.227781273906473],[132.25272252722527,-12.186117191015654],[132.37152371523717,-12.239933298082974],[132.41112411124112,-12.29548540860408],[132.43992439924398,-12.175701170292939],[132.5119251192512,-12.134037087402106],[132.58392583925843,-12.109733039049132],[132.67752677526778,-12.130565080494549],[132.71352713527136,-12.123621066679405],[132.6307263072631,-12.035084890536396],[132.63432634326347,-11.955228731662302],[132.6307263072631,-11.835444493351176],[132.6451264512645,-11.727812279216536],[132.67392673926742,-11.649692123796228],[132.47592475924762,-11.491715809501827],[132.27792277922782,-11.467411761148853],[132.13392133921343,-11.500395826770756],[132.0727207272073,-11.474355774963982],[131.9431194311943,-11.349363526291498],[131.8207182071821,-11.302491433039322],[131.81351813518137,-11.27124337087119],[131.96111961119612,-11.180971191274395],[132.0187201872019,-11.196595222358468],[132.10512105121052,-11.281659391593905],[132.15552155521556,-11.311171450308237],[132.19872198721987,-11.304227436493107],[132.22392223922242,-11.238259305249287],[132.26352263522637,-11.203539236173597],[132.3355233552336,-11.224371277619014],[132.55872558725588,-11.366723560829342],[132.68112681126814,-11.505603837132114],[132.74592745927458,-11.469147764602639],[132.85752857528576,-11.39102760918233],[132.9619296192962,-11.40665164026639],[133.02313023130233,-11.45352373351858],[133.11313113131132,-11.621916068535668],[133.18513185131854,-11.705244234317334],[133.3579335793358,-11.727812279216536],[133.44433444334442,-11.76079634483844],[133.53433534335346,-11.816348455359545],[133.6531365313653,-11.811140444998188],[133.9051390513905,-11.831972486443604],[134.13914139141394,-11.939604700578244],[134.23634236342366,-12.007308835275836],[134.35154351543514,-12.026404873267467],[134.41634416344164,-12.05244492507424],[134.5387453874539,-12.061124942343156],[134.72954729547297,-11.984740790376648],[134.8159481594816,-12.054180928528027],[134.85554855548554,-12.102789025233989],[135.02835028350285,-12.193061204830784],[135.2191521915219,-12.220837260091344],[135.35235352353527,-12.128829077040763],[135.55035550355507,-12.061124942343156],[135.68715687156873,-11.956964735116088],[135.7879578795788,-11.90662063495634],[135.88515885158853,-11.821556465720889],[135.9211592115921,-11.82502847262846],[135.84195841958422,-11.904884631502554],[135.8347583475835,-11.950020721300945],[135.89595895958962,-11.969116759292575],[135.8887588875889,-11.993420807645563],[135.80595805958063,-12.054180928528027],[135.7015570155702,-12.15139712193995],[135.70515705157055,-12.210421239368628],[135.7447574475745,-12.24166930153676],[135.79155791557918,-12.227781273906473],[135.85635856358567,-12.17917317720051],[135.93915939159393,-12.15139712193995],[136.0075600756008,-12.191325201376998],[136.03276032760328,-12.330205477679769],[136.08316083160832,-12.42221366073035],[136.19116191161913,-12.434365684906837],[136.259562595626,-12.434365684906837],[136.3279632796328,-12.30590142932678],[136.2919629196292,-12.196533211738355],[136.2487624876249,-12.172229163385367],[136.27036270362703,-12.13230108394832],[136.44316443164433,-11.95175672475473],[136.54036540365405,-11.956964735116088],[136.6087660876609,-12.134037087402106],[136.72036720367203,-12.226045270452687],[136.83556835568356,-12.219101256637558],[136.8967689676897,-12.243405304990532],[136.94716947169474,-12.3493015156714],[136.5367653676537,-12.785038382571315],[136.51876518765187,-12.833646479277277],[136.57276572765727,-12.911766634697585],[136.59436594365945,-13.003774817748166],[136.46116461164615,-13.225983259832589],[136.4107641076411,-13.23639928055529],[136.36396363963638,-13.17563915967284],[136.29556295562958,-13.13744708368958],[136.23076230762308,-13.165223138950125],[136.16596165961658,-13.180847170034184],[135.92835928359284,-13.304103415252897],[135.92835928359284,-13.621792047295457],[135.98955989559897,-13.811016423757977],[135.9535595355954,-13.934272668976675],[135.88515885158853,-14.153009104153526],[135.80595805958063,-14.234601266481405],[135.7447574475745,-14.28668137009494],[135.53955539555398,-14.585273964145884],[135.47475474754748,-14.656450105751048],[135.40635406354062,-14.75887430952433],[135.4279542795428,-14.856090502936269],[135.45315453154535,-14.923794637633861],[135.53235532355325,-15.000178789600383],[135.83115831158312,-15.159891107348557],[135.9679596795968,-15.270995328390768],[136.2055620556206,-15.402931590878396],[136.259562595626,-15.494939773928976],[136.2919629196292,-15.569587922441713],[136.46116461164615,-15.65465209167715],[136.58356583565836,-15.706732195290698],[136.61956619566195,-15.692844167660411],[136.6447664476645,-15.675484133122566],[136.67356673566735,-15.675484133122566],[136.70596705967063,-15.685900153845282],[136.6987669876699,-15.751868285089088],[136.6879668796688,-15.788324357618563],[136.6987669876699,-15.835196450870754],[136.78516785167852,-15.894220568299417],[136.9219692196922,-15.892484564845631],[137.00117001170014,-15.878596537215358],[137.09117091170913,-15.941092661551608],[137.17037170371702,-15.982756744442426],[137.29997299973002,-16.06608491022409],[137.52677526775267,-16.166773110543588],[137.70317703177034,-16.23274124178741],[137.91197911979123,-16.475781725317248],[138.07038070380707,-16.61639800507379],[138.2467824678247,-16.718822208847072],[138.50598505985062,-16.789998350452237],[138.62478624786252,-16.77784632627575],[138.81918819188195,-16.861174492057415],[139.00999009990102,-16.899366568040662],[139.1107911079111,-17.013942795990445],[139.14319143191432,-17.10074296867967],[139.1539915399154,-17.168447103377275],[139.24759247592476,-17.32815942112545],[139.4419944199442,-17.380239524738982],[139.69039690396903,-17.53995184248717],[139.89559895598956,-17.611127984092334],[139.9459994599946,-17.652792066983153],[140.03600036000358,-17.703136167142915],[140.2088020880209,-17.7048721705967],[140.51120511205113,-17.625016011722607],[140.6480064800648,-17.543423849394728],[140.8316083160832,-17.41495959381467],[140.91440914409145,-17.19275115173025],[140.9648096480965,-17.013942795990445],[141.22041220412206,-16.645910063788122],[141.29241292412928,-16.463629701140746],[141.35721357213572,-16.220589217610907],[141.41121411214112,-16.069556917131663],[141.39321393213936,-15.904636589022132],[141.45081450814507,-15.606043994971188],[141.58041580415806,-15.194611176424246],[141.62721627216274,-15.057466903575275],[141.6020160201602,-14.852618496028697],[141.5228152281523,-14.470697736196101],[141.55881558815588,-14.337025470254687],[141.59481594815952,-14.153009104153526],[141.53721537215375,-14.019336838212126],[141.47961479614798,-13.927328655161546],[141.47241472414726,-13.797128396127704],[141.5336153361534,-13.554087912597865],[141.5876158761588,-13.425623657017809],[141.64521645216456,-13.258967325454492],[141.61281612816128,-12.943014696865703],[141.73521735217355,-12.833646479277277],[141.78201782017823,-12.778094368756172],[141.87561875618758,-12.778094368756172],[141.9188191881919,-12.80239841710916],[141.92961929619298,-12.73990229277291],[141.8936189361894,-12.680878175344247],[141.87921879218794,-12.61317404064664],[141.85041850418503,-12.578453971570951],[141.79281792817932,-12.566301947394464],[141.74601746017458,-12.52984587486499],[141.67761677616778,-12.491653798881728],[141.68841688416887,-12.351037519125185],[141.80721807218072,-12.080220980334786],[141.8720187201872,-11.976060773107719],[141.91161911619116,-12.019460859452337],[141.9620196201962,-12.054180928528027],[141.96921969219693,-11.976060773107719],[141.9512195121951,-11.896204614233625],[142.04122041220415,-11.632332089258384],[142.13842138421387,-11.272979374324976],[142.16722167221673,-10.946610725013485],[142.32562325623257,-10.88411460067725],[142.40842408424083,-10.80252243834937],[142.4552245522455,-10.707042248391218],[142.54522545225456,-10.707042248391218],[142.60642606426063,-10.748706331282051],[142.56682566825668,-10.819882472887215],[142.55242552425523,-10.873698579954535],[142.72162721627217,-11.01084285280352],[142.77922779227794,-11.115003060030588],[142.80442804428043,-11.213955256896313],[142.8368283682837,-11.307699443400665],[142.85122851228516,-11.432691692073163],[142.85122851228516,-11.632332089258384],[142.8728287282873,-11.821556465720889],[142.93402934029342,-11.880580583149566],[142.98802988029882,-11.918772659132827],[143.06723067230672,-11.923980669494185],[143.1788317883179,-11.955228731662302]]],[[[153.0789307893079,-25.751248178888034],[153.0537305373054,-25.77902423414858],[153.00693006930072,-25.72868013398883],[152.9781297812978,-25.5516077817028],[152.9997299973,-25.449183577929517],[153.05013050130503,-25.353703387971365],[153.06093060930613,-25.30162328435783],[153.03933039330394,-25.19399107022319],[153.19053190531906,-25.070734825004493],[153.22653226532265,-25.006502697214458],[153.2409324093241,-24.923174531432807],[153.1869318693187,-24.83290235183601],[153.1437314373144,-24.815542317298167],[153.17973179731797,-24.765198217138405],[153.22293222932228,-24.739158165331645],[153.25533255332556,-24.72874214460893],[153.28053280532805,-24.73742216187786],[153.29853298532987,-24.914494514163877],[153.359733597336,-24.976990638500126],[153.3489334893349,-25.06379081118935],[153.14013140131402,-25.513415705719552],[153.08253082530825,-25.68180804073664],[153.0789307893079,-25.751248178888034]]],[[[139.5067950679507,-16.572997918729172],[139.43119431194316,-16.66153409487218],[139.39159391593915,-16.649382070695694],[139.35559355593557,-16.696254163947884],[139.28359283592835,-16.718822208847072],[139.24039240392403,-16.718822208847072],[139.16119161191614,-16.741390253746275],[139.14679146791468,-16.71361419848573],[139.16119161191614,-16.625078022342706],[139.229592295923,-16.52786182893078],[139.29439294392944,-16.467101708048318],[139.45999459994601,-16.439325652787772],[139.58959589595895,-16.395925566443154],[139.6039960399604,-16.402869580258297],[139.69759697596976,-16.51570980475428],[139.5607956079561,-16.529597832384567],[139.5067950679507,-16.572997918729172]]],[[[136.71316713167136,-13.804072409942833],[136.75636756367567,-13.845736492833666],[136.80316803168034,-13.842264485926094],[136.84636846368466,-13.750256302875513],[136.87156871568715,-13.764144330505786],[136.88956889568897,-13.786712375404989],[136.90396903969042,-13.826640454842035],[136.8427684276843,-13.896080592993414],[136.81396813968144,-13.90649661371613],[136.7887678876789,-13.946424693153176],[136.74556745567457,-14.073152945279446],[136.74916749167494,-14.114817028170265],[136.7887678876789,-14.158217114514883],[136.8859688596886,-14.196409190498144],[136.93276932769328,-14.1790491559603],[136.9507695076951,-14.184257166321657],[136.93276932769328,-14.246753290657892],[136.89316893168933,-14.293625383910083],[136.7635676356764,-14.272793342464666],[136.64836648366486,-14.279737356279796],[136.46116461164615,-14.234601266481405],[136.36396363963638,-14.229393256120048],[136.33516335163353,-14.212033221582203],[136.3927639276393,-14.175577149052728],[136.42876428764288,-14.126969052346766],[136.4107641076411,-14.010656820943197],[136.4251642516425,-13.864832530825296],[136.53316533165332,-13.793656389220132],[136.58356583565836,-13.720744244161182],[136.6555665556656,-13.675608154362777],[136.70236702367026,-13.680816164724135],[136.69516695166953,-13.72595225452254],[136.71316713167136,-13.804072409942833]]],[[[130.459904599046,-11.67920418251056],[130.54270542705427,-11.703508230863548],[130.57870578705786,-11.736492296485451],[130.6039060390604,-11.772948369014927],[130.60750607506077,-11.816348455359545],[130.50310503105032,-11.835444493351176],[130.31590315903162,-11.77121236556114],[130.13230132301322,-11.82502847262846],[130.07830078300782,-11.82502847262846],[130.04230042300424,-11.7868363966452],[130.07110071100715,-11.680940185964346],[130.13950139501395,-11.696564217048405],[130.19710197101972,-11.658372141065144],[130.18630186301863,-11.542059909661589],[130.1539015390154,-11.477827781871554],[130.25110251102512,-11.359779547014213],[130.29430294302944,-11.33721150211501],[130.33750337503375,-11.33721150211501],[130.3771037710377,-11.420539667896662],[130.38430384303842,-11.509075844039671],[130.4311043110431,-11.592404009821337],[130.459904599046,-11.67920418251056]]],[[[130.61830618306186,-11.375403578098272],[130.75150751507516,-11.384083595367187],[130.91350913509137,-11.309435446854451],[130.9891098910989,-11.340683509022583],[131.02151021510218,-11.333739495207439],[131.14031140311403,-11.262563353602275],[131.21591215912161,-11.241731312156858],[131.26991269912702,-11.189651208543324],[131.32031320313206,-11.246939322518216],[131.43551435514354,-11.312907453762023],[131.47511475114754,-11.382347591913401],[131.52191521915222,-11.415331657535319],[131.53991539915398,-11.436163698980721],[131.46791467914682,-11.509075844039671],[131.45711457114572,-11.58719599945998],[131.38151381513813,-11.581987989098636],[131.29151291512915,-11.710452244678692],[130.94950949509496,-11.92571667294797],[130.64350643506435,-11.741700306846809],[130.51030510305105,-11.61844406162811],[130.42390423904243,-11.446579719703436],[130.4059040590406,-11.304227436493107],[130.36990369903702,-11.215691260350084],[130.38430384303842,-11.19138721199711],[130.40230402304024,-11.180971191274395],[130.42750427504274,-11.18270719472818],[130.51750517505178,-11.27992338814012],[130.5607056070561,-11.305963439946893],[130.61830618306186,-11.375403578098272]]],[[[113.18333183331833,-26.053312779846536],[113.15813158131584,-26.09497686273737],[112.96372963729641,-25.78249624105615],[112.909729097291,-25.568967816240658],[112.94572945729459,-25.530775740257397],[112.98172981729817,-25.52035971953468],[113.09693096930971,-25.815480306678054],[113.1329313293133,-25.883184441375647],[113.1329313293133,-25.95262457952704],[113.14733147331475,-25.973456620972442],[113.18333183331833,-26.053312779846536]]],[[[137.59517595175953,-35.73847604851048],[137.83637836378364,-35.76278009686346],[137.929979299793,-35.726324024333984],[138.04518045180453,-35.75583608304832],[138.12438124381242,-35.853052276460254],[138.0667806678067,-35.89992436971244],[138.0127801278013,-35.90686838352757],[137.83637836378364,-35.866940304090534],[137.67077670776706,-35.89818836625865],[137.62397623976238,-35.9381164456957],[137.59157591575917,-36.02665262183871],[137.44757447574477,-36.075260718544676],[137.38277382773828,-36.02144461147736],[137.20997209972103,-35.983252535494096],[137.1487714877149,-36.0388046460152],[137.02637026370263,-36.02318061493114],[136.91116911169115,-36.04748466328412],[136.75636756367567,-36.03359663565384],[136.5907659076591,-35.934644438788126],[136.54036540365405,-35.88950834898973],[136.579965799658,-35.807916186661856],[136.63756637566377,-35.748892069233186],[137.09117091170913,-35.66382789999774],[137.33237332373324,-35.59265175839258],[137.53037530375303,-35.604803782569064],[137.58437584375844,-35.62042781365313],[137.63477634776348,-35.656883886182605],[137.5987759877599,-35.72285201742641],[137.59517595175953,-35.73847604851048]]],[[[145.48645486454865,-38.35463325336377],[145.33525335253353,-38.420601384607586],[145.28125281252812,-38.39108932589325],[145.2848528485285,-38.3407452257335],[145.29565295652958,-38.3181771808343],[145.42525425254252,-38.31470517392673],[145.48645486454865,-38.35463325336377]]],[[[145.3136531365314,-38.490041522758965],[145.34965349653498,-38.538649619464934],[145.3568535685357,-38.557745657456564],[145.27045270452703,-38.5195535814733],[145.130051300513,-38.528233598742226],[145.21645216452168,-38.45879346059085],[145.28845288452885,-38.47268148822112],[145.3136531365314,-38.490041522758965]]],[[[149.0432904329043,-20.29151731673565],[149.0216902169022,-20.301933337458365],[148.9856898568986,-20.301933337458365],[148.93888938889393,-20.282837299466735],[148.98208982089824,-20.15437304388668],[149.00369003690037,-20.22207717858427],[149.04689046890468,-20.277629289105377],[149.0432904329043,-20.29151731673565]]],[[[148.93528935289356,-20.14916503352532],[148.91368913689138,-20.15437304388668],[148.8884888848889,-20.143957023163964],[148.90648906489065,-20.102292940273145],[148.9316893168932,-20.06930887465124],[148.96768967689678,-20.045004826298253],[148.9568895688957,-20.13527700589505],[148.93528935289356,-20.14916503352532]]],[[[151.1457114571146,-23.49097168206056],[151.18171181711818,-23.51701173386732],[151.21051210512104,-23.513539726959763],[151.23931239312395,-23.529163758043822],[151.22851228512286,-23.59513188928763],[151.27531275312754,-23.66804403434658],[151.29691296912972,-23.720124137960113],[151.26091260912608,-23.761788220850946],[151.23931239312395,-23.77567624848122],[151.18531185311855,-23.74095617940553],[151.03411034110343,-23.530899761497608],[151.05931059310592,-23.459723619892443],[151.1457114571146,-23.49097168206056]]],[[[150.51570515705157,-22.32264135766357],[150.48690486904871,-22.324377361117357],[150.46170461704617,-22.307017326579498],[150.48330483304835,-22.267089247142465],[150.48690486904871,-22.21153713662136],[150.5229052290523,-22.228897171159204],[150.54810548105485,-22.307017326579498],[150.51570515705157,-22.32264135766357]]],[[[149.9288992889929,-22.19244109862973],[149.89289892898933,-22.223689160797846],[149.87129871298714,-22.150777015738896],[149.8748987489875,-22.074392863772374],[149.9108991089911,-22.048352811965614],[149.9288992889929,-22.14904101228511],[149.9288992889929,-22.19244109862973]]],[[[153.53973539735398,-27.436907532512812],[153.45333453334536,-27.71119607821077],[153.4281342813428,-27.705988067849418],[153.3957339573396,-27.664323984958592],[153.39933399333995,-27.506347670664198],[153.43533435334353,-27.405659470344695],[153.52173521735216,-27.42301950488254],[153.53973539735398,-27.436907532512812]]],[[[153.44253442534426,-27.3153872907479],[153.42093420934208,-27.33101132183196],[153.37773377733777,-27.235531131873806],[153.36333363333637,-27.138314938461875],[153.38133381333813,-27.049778762318866],[153.43173431734317,-27.030682724327235],[153.4677346773468,-27.03762673814237],[153.4281342813428,-27.200811062798117],[153.44253442534426,-27.3153872907479]]],[[[142.27522275222753,-10.705306244937432],[142.19242192421927,-10.762594358912324],[142.13842138421387,-10.731346296744206],[142.12402124021241,-10.668850172407957],[142.13122131221314,-10.641074117147411],[142.19962199621995,-10.592466020441435],[142.27522275222753,-10.705306244937432]]],[[[142.34002340023403,-10.191449222617209],[142.2788227882279,-10.253945346953458],[142.21762217622177,-10.234849308961827],[142.19602196021964,-10.200129239886138],[142.21762217622177,-10.14978513972639],[142.30042300423003,-10.14110512245746],[142.34002340023403,-10.191449222617209]]],[[[142.16722167221673,-10.153257146633948],[142.14202142021423,-10.181033201894508],[142.09882098820987,-10.12200908446583],[142.1492214922149,-10.052568946314452],[142.19242192421927,-10.085553011936355],[142.16722167221673,-10.153257146633948]]],[[[146.27846278462783,-18.230881217093412],[146.30006300063002,-18.326361407051564],[146.34326343263433,-18.399273552110515],[146.3252632526325,-18.447881648816477],[146.30006300063002,-18.484337721345952],[146.23526235262352,-18.45135365572405],[146.1920619206192,-18.36281747958104],[146.11646116461168,-18.291641337975875],[146.09846098460986,-18.251713258538828],[146.18846188461885,-18.2551852654464],[146.23166231662316,-18.241297237816113],[146.24966249662498,-18.225673206732054],[146.27846278462783,-18.230881217093412]]],[[[136.59796597965982,-11.378875585005844],[136.5259652596526,-11.439635705888293],[136.52236522365223,-11.394499616089902],[136.55836558365587,-11.358043543560427],[136.64836648366486,-11.212219253442527],[136.6879668796688,-11.177499184366837],[136.709567095671,-11.158403146375207],[136.72756727567275,-11.104587039307887],[136.73116731167312,-11.024730880433793],[136.78156781567816,-11.012578856257306],[136.7419674196742,-11.194859218904682],[136.59796597965982,-11.378875585005844]]],[[[136.3387633876339,-11.602820030544038],[136.18036180361804,-11.677468179056774],[136.26676266762667,-11.576779978737278],[136.45036450364506,-11.486507799140483],[136.47916479164792,-11.465675757695067],[136.4719647196472,-11.509075844039671],[136.37836378363784,-11.583723992552407],[136.3387633876339,-11.602820030544038]]],[[[137.0947709477095,-15.777908336895862],[137.05157051570518,-15.824780430148039],[136.99756997569978,-15.776172333442076],[136.98676986769868,-15.725828233282314],[136.94356943569437,-15.711940205652041],[136.96516965169656,-15.665068112399865],[136.98676986769868,-15.652916088223364],[137.00837008370087,-15.595627974248487],[137.06597065970664,-15.66333210894608],[137.06957069570694,-15.737980257458815],[137.0947709477095,-15.777908336895862]]],[[[136.86436864368648,-15.61993202260146],[136.84636846368466,-15.626876036416604],[136.84636846368466,-15.543547870634939],[136.8751687516875,-15.50188378774412],[136.88956889568897,-15.588683960433343],[136.86436864368648,-15.61993202260146]]],[[[136.5907659076591,-15.62861203987039],[136.52956529565296,-15.632084046777962],[136.5151651516515,-15.626876036416604],[136.50436504365047,-15.583475950071985],[136.52236522365223,-15.543547870634939],[136.58716587165873,-15.533131849912237],[136.61236612366127,-15.543547870634939],[136.5907659076591,-15.62861203987039]]],[[[139.45999459994601,-17.114630996309955],[139.42039420394207,-17.1319910308478],[139.40959409594097,-17.090326947956967],[139.45999459994601,-17.048662865066134],[139.49239492394923,-16.98963874763747],[139.5607956079561,-17.041718851251005],[139.5715957159572,-17.09379895486454],[139.45999459994601,-17.114630996309955]]],[[[136.2379623796238,-13.82490445138825],[136.21276212762126,-13.835320472110965],[136.12276122761227,-13.816224434119334],[136.12276122761227,-13.77976836158986],[136.13356133561336,-13.753728309783085],[136.1587615876159,-13.73636827524524],[136.21636216362162,-13.665192133640076],[136.25596255962563,-13.706856216530909],[136.2739627396274,-13.791920385766346],[136.2379623796238,-13.82490445138825]]],[[[132.59472594725946,-11.302491433039322],[132.57312573125733,-11.31811546412338],[132.49392493924938,-11.16361115673655],[132.51552515525157,-11.116739063484374],[132.48312483124835,-11.03688290461028],[132.53712537125375,-11.028202887341365],[132.58032580325806,-10.969178769912688],[132.59472594725946,-10.996954825173233],[132.59832598325983,-11.106323042761659],[132.6307263072631,-11.168819167097908],[132.59472594725946,-11.302491433039322]]],[[[125.20025200252002,-14.580065953784526],[125.13545135451358,-14.642562078120775],[125.09225092250921,-14.592217977961013],[125.11745117451176,-14.491529777641517],[125.16065160651607,-14.456809708565828],[125.19665196651965,-14.474169743103673],[125.19305193051929,-14.552289898523966],[125.20025200252002,-14.580065953784526]]],[[[124.5990459904599,-15.40119558742461],[124.55944559445595,-15.430707646138956],[124.52344523445237,-15.422027628870026],[124.52344523445237,-15.38209954943298],[124.48384483844842,-15.340435466542147],[124.50544505445055,-15.291827369836184],[124.519845198452,-15.267523321483196],[124.55224552245522,-15.270995328390768],[124.56304563045632,-15.310923407827815],[124.60624606246063,-15.35605949762622],[124.5990459904599,-15.40119558742461]]],[[[115.44775447754478,-20.78801430451803],[115.38655386553864,-20.866134459938337],[115.31815318153184,-20.850510428854278],[115.30735307353075,-20.81058234941723],[115.35415354153542,-20.74635022162721],[115.43335433354332,-20.668230066206903],[115.45855458554587,-20.716838162912865],[115.44775447754478,-20.78801430451803]]],[[[145.04365043650438,-40.78677409211591],[145.15885158851592,-40.790246099023484],[145.22365223652235,-40.765942050670496],[145.28125281252812,-40.76941405757807],[145.34965349653498,-40.82670217155296],[145.42885428854288,-40.85795023372108],[145.48645486454865,-40.852742223359726],[145.53325533255332,-40.863158244082435],[145.57645576455764,-40.90482232697326],[145.68445684456844,-40.93954239604895],[145.73485734857348,-40.96211044094815],[145.77445774457743,-40.99683051002384],[145.82125821258217,-41.024606565284394],[146.1128611286113,-41.11835075178876],[146.31806318063184,-41.16348684158716],[146.5736657366574,-41.14265480014174],[146.64926649266494,-41.116614748334975],[146.72486724867252,-41.078422672351714],[146.7860678606786,-41.1131427414274],[146.84726847268473,-41.16869485194851],[146.83646836468364,-41.10967073451984],[146.85806858068582,-41.0575906309063],[146.91926919269196,-41.01766255146926],[146.99126991269912,-40.99162249966249],[147.10647106471066,-40.995094506570055],[147.21807218072183,-40.98294248239356],[147.26847268472687,-40.960374437494366],[147.3188731887319,-40.956902430586794],[147.38727387273872,-40.98641448930113],[147.45567455674558,-41.00203852038519],[147.50247502475025,-40.96384644440194],[147.57807578075784,-40.87531026825892],[147.62127621276215,-40.844062206090804],[147.81927819278195,-40.87183826135136],[147.87327873278736,-40.87183826135136],[147.97047970479707,-40.779830078300776],[148.0316803168032,-40.781566081754555],[148.21528215282154,-40.85447822681351],[148.29448294482944,-40.946486409864086],[148.2836828368284,-41.11487874488119],[148.29088290882908,-41.173902862309866],[148.30528305283053,-41.23292697973854],[148.31248312483126,-41.349239211142105],[148.29088290882908,-41.46555144254567],[148.2872828728287,-41.55582362214246],[148.2980829808298,-41.64609580173926],[148.2872828728287,-41.816224140210146],[148.31608316083162,-41.92732836125235],[148.30168301683017,-42.00371251321887],[148.30168301683017,-42.04016858574835],[148.32688326883272,-42.07315265137026],[148.34128341283412,-42.11134472735351],[148.33048330483308,-42.15995282405948],[148.34128341283412,-42.215504934580586],[148.33048330483308,-42.26237702783277],[148.29088290882908,-42.25543301401763],[148.27648276482768,-42.21897694148816],[148.2836828368284,-42.17384085168976],[148.27648276482768,-42.1356487757065],[148.2548825488255,-42.10266471008459],[148.18288182881832,-42.06447263410133],[148.20448204482045,-42.04190458920213],[148.24048240482404,-42.02107254775672],[148.21528215282154,-41.97072844759697],[148.16848168481687,-42.012392530487794],[148.13968139681396,-42.069680644462686],[148.15768157681578,-42.088776682454316],[148.12888128881292,-42.104400713538375],[148.0676806768068,-42.17036884478219],[148.02448024480248,-42.2589050209252],[148.00648006480066,-42.34570519361443],[148.01008010080102,-42.43597737321122],[147.97407974079744,-42.5054175113626],[147.9236792367924,-42.5731216460602],[147.9128791287913,-42.658185815295646],[147.91647916479167,-42.81616212959003],[147.95607956079562,-42.960250416254155],[147.98127981279816,-43.1564188065318],[147.94527945279452,-43.18245885833858],[147.83727837278371,-43.194610882515065],[147.78687786877867,-43.22065093432183],[147.70047700477005,-43.121698737456114],[147.64647646476465,-43.02101053713661],[147.6860768607686,-42.979346454245785],[147.77247772477727,-43.00365050259877],[147.80127801278013,-42.981082457699564],[147.80847808478086,-42.95330640243902],[147.80127801278013,-42.927266350632244],[147.69327693276932,-42.87171424011114],[147.57447574475748,-42.84567418830437],[147.53487534875347,-42.87865825392628],[147.54927549275493,-42.97413844388443],[147.53847538475384,-42.99670648878363],[147.4520745207452,-43.033162561313105],[147.4088740887409,-42.89428228501034],[147.29727297272973,-42.790122077783266],[147.3008730087301,-42.84046617794302],[147.34767347673477,-42.927266350632244],[147.3440734407344,-42.96372242316172],[147.32607326073264,-43.014066523321475],[147.27927279272797,-43.03142655785932],[147.26127261272615,-43.071354637296366],[147.26127261272615,-43.12690674781747],[147.24327243272432,-43.21544292396048],[147.17127171271716,-43.25537100339753],[146.99846998469985,-43.1564188065318],[146.9840698406984,-43.189402872153714],[146.98766987669876,-43.21891493086805],[147.0776707767078,-43.27620304484294],[147.03447034470344,-43.319603131187556],[147.00567005670058,-43.369947231347304],[146.95526955269554,-43.50188349383493],[146.87246872468728,-43.61298771487714],[146.83286832868328,-43.61993172869228],[146.69966699666998,-43.602571694154435],[146.54846548465486,-43.50882750765007],[146.4116641166412,-43.519243528372776],[146.18846188461885,-43.51229951455764],[146.04446044460445,-43.54701958363333],[146.01206012060123,-43.44459537986004],[145.98325983259832,-43.408139307330565],[145.9940599405994,-43.37689124516244],[146.10926109261095,-43.354323200263245],[146.2280622806228,-43.35605920371703],[146.20646206462067,-43.316131124279984],[146.17766177661775,-43.302243096649704],[146.12366123661235,-43.31092311391863],[145.9760597605976,-43.27793904829672],[145.8716587165872,-43.291827075927],[145.80325803258035,-43.243218979221034],[145.68085680856808,-43.07656264765772],[145.6088560885609,-42.998442492237416],[145.5656556565566,-42.96719443006929],[145.51885518855192,-42.95157039898523],[145.48645486454865,-42.927266350632244],[145.26685266852672,-42.54360958734586],[145.2380523805238,-42.455073411202854],[145.19845198451986,-42.231128965664645],[145.3712537125371,-42.33876117979929],[145.4360543605436,-42.406465314496884],[145.46845468454688,-42.493265487186115],[145.5260552605526,-42.387369276505254],[145.51525515255156,-42.35438521088335],[145.36045360453608,-42.22765695875708],[145.3388533885339,-42.191200886227605],[145.33165331653316,-42.14780079988299],[145.29565295652958,-42.191200886227605],[145.23445234452345,-42.196408896588956],[145.259652596526,-42.10787272044595],[145.2380523805238,-42.01933654430293],[145.05445054450547,-41.82664016093285],[144.91404914049144,-41.64435979828547],[144.77724777247772,-41.418679349293484],[144.76644766447663,-41.39090329403293],[144.76284762847632,-41.34229519732696],[144.69804698046983,-41.19126289684771],[144.66204662046624,-41.078422672351714],[144.6476464764648,-40.98120647893978],[144.70884708847092,-40.78330208520834],[144.71964719647195,-40.67219786416613],[144.81684816848167,-40.722541964325885],[145.04365043650438,-40.78677409211591]]],[[[143.92763927639277,-40.11667675895508],[143.8988389883899,-40.12014876586265],[143.87723877238773,-40.064596655341546],[143.88803888038882,-39.983004493013674],[143.83763837638378,-39.904884337593366],[143.86643866438664,-39.82502817871928],[143.86283862838627,-39.73822800603005],[143.8808388083881,-39.70003593004679],[143.93843938439386,-39.65837184715596],[143.94923949239495,-39.583723698643226],[143.9996399964,-39.58025169173566],[144.08964089640898,-39.637539805710546],[144.1220412204122,-39.78510009928223],[144.1076410764108,-39.87363627542525],[144.14004140041402,-39.953492434299335],[144.1112411124111,-40.02293257245071],[144.03564035640358,-40.07848468297182],[143.92763927639277,-40.11667675895508]]],[[[147.99927999279993,-39.75732404402168],[148.17928179281796,-39.93786840321527],[148.26928269282695,-39.96738046192961],[148.2980829808298,-39.98647649992124],[148.29088290882908,-40.064596655341546],[148.25128251282513,-40.099316724417235],[148.32328323283235,-40.14445281421563],[148.31248312483126,-40.17396487292997],[148.2980829808298,-40.172228869476186],[148.21168211682118,-40.23298899035864],[148.10728107281074,-40.26250104907298],[148.07488074880752,-40.241669007627564],[148.0460804608046,-40.21215694891323],[148.02448024480248,-40.172228869476186],[147.89127891278912,-40.01425255518179],[147.90567905679058,-39.97085246883718],[147.87687876878772,-39.904884337593366],[147.81207812078122,-39.91009234795472],[147.7688776887769,-39.87016426851768],[147.84087840878408,-39.831972192534415],[147.9344793447935,-39.72607598185356],[147.99927999279993,-39.75732404402168]]],[[[147.3548735487355,-43.39772328660786],[147.30807308073082,-43.500147490381146],[147.23247232472323,-43.4827874558433],[147.15327153271534,-43.500147490381146],[147.10647106471066,-43.43070735222976],[147.10647106471066,-43.413347317691915],[147.16407164071643,-43.43070735222976],[147.18567185671856,-43.408139307330565],[147.20007200072,-43.378627248616226],[147.21807218072183,-43.37168323480109],[147.23247232472323,-43.33001915191026],[147.28287282872827,-43.27967505175051],[147.31167311673119,-43.27967505175051],[147.3440734407344,-43.34564318299432],[147.3548735487355,-43.39772328660786]]],[[[148.10368103681037,-42.71026591890918],[148.04968049680497,-42.7189459361781],[148.02808028080284,-42.71547392927053],[148.0316803168032,-42.663393825656996],[148.02448024480248,-42.6408257807578],[148.07128071280715,-42.59395368750562],[148.14328143281432,-42.61652173240481],[148.16848168481687,-42.6512418014805],[148.10008100081,-42.68075386019484],[148.10368103681037,-42.71026591890918]]],[[[147.4340743407434,-43.24148297576725],[147.37287372873732,-43.24148297576725],[147.34767347673477,-43.232802958498326],[147.33687336873368,-43.18245885833858],[147.29727297272973,-43.16162681689316],[147.3188731887319,-43.1460027858091],[147.32607326073264,-43.11475472364098],[147.35127351273513,-43.08003465456529],[147.3980739807398,-43.11822673054855],[147.4340743407434,-43.24148297576725]]],[[[144.78444784447845,-40.5072775360566],[144.74844748447487,-40.58886969838447],[144.70884708847092,-40.4847094911574],[144.75204752047523,-40.47082146352712],[144.78444784447845,-40.43436539099765],[144.79164791647918,-40.439573401359006],[144.78444784447845,-40.5072775360566]]],[[[148.32688326883272,-40.30763713887138],[148.42048420484207,-40.366661256300056],[148.47448474484747,-40.43262938754387],[148.40248402484025,-40.48644549461119],[148.3520835208352,-40.4968615153339],[148.319683196832,-40.43436539099765],[148.21528215282154,-40.45693343589685],[148.10368103681037,-40.45172542553549],[148.0208802088021,-40.40485333228332],[148.01008010080102,-40.38054928393033],[148.06048060480606,-40.35624523557735],[148.19728197281972,-40.35798123903113],[148.32688326883272,-40.30763713887138]]],[[[148.23688236882367,-40.51595755332552],[148.18648186481863,-40.59234170529204],[148.12528125281256,-40.543733608586074],[148.11808118081183,-40.52116556368688],[148.19368193681936,-40.503805529149034],[148.2188821888219,-40.50554153260282],[148.23688236882367,-40.51595755332552]]],[[[158.87858878588787,-54.70952179146791],[158.84618846188465,-54.749449870904954],[158.83538835388356,-54.704313781106556],[158.8965889658897,-54.506409387375115],[158.95778957789577,-54.471689318299426],[158.94698946989473,-54.5758495255265],[158.87858878588787,-54.70952179146791]]],[[[123.59463594635946,-12.425685667637907],[123.59463594635946,-12.436101688360623],[123.57303573035733,-12.434365684906837],[123.57303573035733,-12.423949664184136],[123.59463594635946,-12.425685667637907]]]]}},{"type":"Feature","properties":{"code":"TV","name":"Tuvalu","approximateGeometry":true,"label":[177.99999999999693,-8.000041051835932]},"geometry":{"type":"Polygon","coordinates":[[[178,-7.68],[178.32,-8],[178,-8.32],[177.68,-8],[178,-7.68]]]}}]}